"behaviour","varWaveWingBeat","varRestWaves","varOrigWave","eigenValue1","beatsSec","amplitude","propExplPC1","propExplPC2","propExplPC3","odbaAvg","odbasd","burstmeanx","burstmeany","burstmeanz","sdx","sdy","sdz","skewx","skewy","skwz","kurtx","kurty","kurtz","xmax","ymax","zmax","xmin","ymin","zmin","xycorr","xzcorr","yzcorr","trendx","trendy","trendz","dynxmax","dynymax","dynzmax","xycross","xzcross","yzcross","rollanimaltrack","pitchanimaltrack","autcorxmean","autcorymean","autcorzmean","autcorxsd","autcorysd","autcorzsd","dynxmean","dynymean","dynzmean","dynxmin","dynymin","dynzmin","dynxsd","dynysd","dynzsd"
"Active",0.00500804908406491,0.103274177835997,0.118298325088192,23.2298521445428,0.378740058073476,0.199781464629144,0.82647,0.09922,0.07432,0.373962514437701,0.349172578880589,0.118289831912879,-0.0328332149621212,-0.975253018465909,0.112724244145879,0.115188015949462,0.342290080095339,0.101969207475333,-0.627338419757048,0.240407112856643,7.51008362687228,9.49095988144783,5.68006006016005,0.701171875,0.466796875,0.07421875,-0.375,-0.55078125,-2.125,0.111107828852833,-0.282073508322541,0.034543464559894,-0.000228257766999393,0.000181696710994006,2.02924807521739e-05,0.582882043087121,0.499630089962121,1.04947176846591,38,10,8,0.0953189887320803,-0.0609285904915592,0.0735183791356847,0.119085090131859,0.205732606769785,0.206452505035491,0.283208745395456,0.394931283303308,3.34865492014214e-18,3.33544890646449e-18,-2.73265662616771e-17,-0.493289831912879,-0.517948035037879,-1.14974698153409,0.112724244145879,0.115188015949462,0.342290080095339
"Active",0.00704027455334322,0.16962198793233,0.19074281159236,35.6273554033192,3.1561671506123,0.236873077350749,0.8189,0.11169,0.06941,0.513884349083879,0.415671983636566,0.118304628314394,-0.0304435961174242,-1.04043856534091,0.144171459720452,0.153677884708273,0.434192777497629,0.391273954790246,0.0432853675414851,0.602532871321095,8.09818547307755,6.10898067776954,4.02082739048455,0.87890625,0.572265625,0.173828125,-0.3828125,-0.583984375,-2.099609375,0.249369665144791,-0.261733946480058,-0.146929717693326,-5.81871488351845e-05,-0.000192379545169211,-0.00162568750244572,0.760601621685606,0.602709221117424,1.21426669034091,54,14,12,0.0957689622382947,-0.0747557266012954,0.0423227220385566,0.0741963916158724,0.220490986588972,0.217090104611562,0.28230253630114,0.332748934174022,6.73427127798264e-18,1.58524301576429e-18,8.06921573698748e-17,-0.501117128314394,-0.553540778882576,-1.05917080965909,0.144171459720452,0.153677884708273,0.434192777497629
"Active",0.0120327836470786,0.20684480961819,0.242943160559425,46.7291621434587,3.1561671506123,0.309673439883277,0.82943,0.10366,0.06692,0.59732478818727,0.447918364820864,0.133234197443182,-0.0384706439393939,-0.990145596590909,0.158580303984097,0.173890977008981,0.487358852124958,0.426019129094861,-0.364781726989801,0.537187736177538,7.84650981327832,4.85980888298907,3.51888237530743,1.02734375,0.56640625,0.33984375,-0.537109375,-0.587890625,-2.125,0.0337610933224684,-0.444199981728841,0.0214839123157728,0.000186967112997215,4.10014984119117e-05,-4.60585367086471e-05,0.894109552556818,0.604876893939394,1.32998934659091,60,16,16,0.0495030423092581,-0.0669606318187329,0.0680033011457749,0.0968088437996169,0.146965615264623,0.215997140309154,0.302786846340158,0.410247783137259,-5.69524900870457e-18,-7.14266949688456e-18,-2.19225473935248e-17,-0.670343572443182,-0.549419981060606,-1.13485440340909,0.158580303984097,0.173890977008981,0.487358852124959
"Active",0.00366878171393622,0.0580705886670832,0.0690769338088918,12.6987306018445,0.252493372048984,0.170994381510145,0.69704,0.24018,0.06277,0.302369677330837,0.319071517935596,0.105446555397727,-0.0249393347537879,-1.09156013257576,0.154764681106592,0.0795403469267374,0.262338395545706,-2.812571080573,0.252158781870855,2.45776699401719,19.8703840293326,13.6165669388629,12.4389453532281,0.478515625,0.470703125,0.216796875,-1.099609375,-0.408203125,-1.771484375,-0.0735456473763902,0.0708478988654839,-0.0991830713917071,-0.000374448209609728,-1.78123665043795e-05,-0.00020866588349236,0.373069069602273,0.495642459753788,1.30835700757576,44,4,4,0.119452956587749,-0.0303347516608348,0.10038230491265,0.0493327526872562,0.362301149313103,0.239177231340792,0.233822626383341,0.223873253717893,-9.24955967829029e-18,1.01951965651336e-19,-6.63252465365185e-18,-1.20505593039773,-0.383263790246212,-0.679924242424242,0.154764681106592,0.0795403469267374,0.262338395545706
"Active",0.00147115949511669,0.0658451538442561,0.0702586323296062,10.975657477571,0.252493372048984,0.108280632479555,0.79024,0.14819,0.06156,0.282550065642218,0.301579450066142,0.121234315814394,-0.0416444720643939,-1.08182410037879,0.111958920120162,0.078731386053636,0.264903858951581,-1.4442461321465,-1.02943903813749,1.42752819009618,15.0384885444531,11.8359197553319,10.0506332997004,0.625,0.302734375,0.173828125,-0.5546875,-0.439453125,-2.037109375,0.241450903952403,0.0433889162616033,-0.0929438832477812,-0.000227014525342564,5.04130670404814e-05,-0.00150222188684137,0.503765684185606,0.344378847064394,1.25565222537879,22,4,4,0.10590253201202,-0.0512503064680229,0.130852129371226,0.081649893692748,0.233137209414331,0.207840851437819,0.231465384496652,0.276269280728311,4.37633689414722e-18,-3.85047060606017e-18,-3.34982536566925e-17,-0.675921815814394,-0.397808652935606,-0.955285274621212,0.111958920120162,0.078731386053636,0.264903858951581
"Active",0.0188927482458103,0.203883027001911,0.260561271739342,53.998590796872,3.1561671506123,0.388032831657171,0.84481,0.09847,0.05672,0.597842045723571,0.453675197279423,0.121789180871212,-0.0493090080492424,-1.00940311316288,0.142862662753008,0.17326196729508,0.507934161647606,-0.0976388971982386,-0.741082382159557,0.252288770992111,4.69782682626999,4.59676054385942,3.2715211636044,0.66796875,0.412109375,0.212890625,-0.404296875,-0.646484375,-2.234375,0.129852533126458,-0.329142378053115,-0.0713210340000481,5.54172420905373e-05,-4.8487698429517e-06,0.000416003816751889,0.546179569128788,0.461418383049242,1.22229373816288,51,22,20,0.0735811609679921,-0.086623027172369,0.099115998290015,0.104839580689885,0.127837709190468,0.218615559164789,0.337601813780365,0.486627184625429,-8.52629942045353e-18,3.71855164144158e-18,1.07711083831876e-16,-0.526086055871212,-0.597175366950758,-1.22497188683712,0.142862662753008,0.17326196729508,0.507934161647606
"Active",0.00389358650197643,0.107279565299695,0.118960324805624,20.1370149286583,0.504986744097967,0.176155342087757,0.76905,0.15741,0.07354,0.376273891704689,0.39388678224751,0.13839814157197,-0.0461795691287879,-1.02584931344697,0.172750671920168,0.107363091680684,0.336624368944026,-0.460006804095691,-0.292687082495513,1.72810693600621,13.9002482834637,9.89023824172712,7.79730646820503,0.919921875,0.427734375,0.423828125,-0.919921875,-0.5625,-1.97265625,-0.0273228155127388,-0.38374418569206,-0.0716365240978263,0.00024039211128521,4.2928777742632e-05,5.4926824018948e-06,0.78152373342803,0.473913944128788,1.44967743844697,31,10,8,0.098977755514698,-0.0599125326478576,0.0397905633234962,0.0522936247166894,0.211643246932036,0.240408305710075,0.248339168793795,0.282841990555447,-1.82180102972106e-18,3.44756847594101e-19,2.69388305131552e-17,-1.05832001657197,-0.516320430871212,-0.94680693655303,0.172750671920168,0.107363091680684,0.336624368944026
"Active",0.00331256084371263,0.0774660098250903,0.0874036923562282,15.7182206776441,0.378740058073476,0.162481094648188,0.79876,0.1065,0.09474,0.340559189641443,0.311218228618098,0.102146957859848,-0.0339577414772727,-0.952592329545455,0.111874402355648,0.102439773251908,0.293963683179036,0.0363494762161548,-0.751031889816299,0.924441130286327,5.92322815428336,10.893404456594,6.93754571875519,0.669921875,0.38671875,0.20703125,-0.244140625,-0.537109375,-1.958984375,0.0373897508397096,-0.261337455741031,-0.0134225519041541,-0.00015312189699111,0.000199211642122495,-0.000479012348446804,0.567774917140151,0.420676491477273,1.15962357954545,32,6,6,0.0661379410161284,-0.0500376390432254,0.140873249950787,0.0841430890575188,0.222390321991928,0.203644323051019,0.284499460871137,0.32266204787522,2.846236044095e-18,9.09970062001802e-19,4.03869929430563e-17,-0.346287582859849,-0.503151633522727,-1.00639204545455,0.111874402355648,0.102439773251908,0.293963683179036
"Active",0.00323732066995893,0.08374610318045,0.0934580651903268,15.5276033582279,0.378740058073476,0.160625230687178,0.71866,0.16248,0.11886,0.390413366620753,0.32818535806072,0.127752130681818,0.0180738044507576,-0.938661517518939,0.151834281009469,0.126326107945844,0.301716853928332,-0.665943727606042,-0.882614358288749,1.08529926753401,6.18905017969475,10.3133333798231,7.00658312764083,0.646484375,0.59765625,0.3203125,-0.619140625,-0.62109375,-1.923828125,0.101664319653044,-0.275502749974054,-0.0839018042745536,0.000341972979671165,0.000490034016926022,-0.00134825545171657,0.518732244318182,0.579582445549242,1.25897401751894,74,6,6,0.125090380259281,0.00670848440202416,0.129810309516701,0.161854000617447,0.220813003802903,0.200859613368953,0.237486570502209,0.299299271892328,5.70325250751868e-18,2.7651518901442e-18,5.38766343197077e-17,-0.746892755681818,-0.639167554450758,-0.985166607481061,0.151834281009469,0.126326107945844,0.301716853928332
"Active",0.00669885586509425,0.192047394122658,0.212143961717941,35.5990578726895,0.378740058073476,0.231058112362406,0.80222,0.11677,0.08101,0.550058019828972,0.461712182044336,0.137414180871212,-0.0570253314393939,-1.03145714962121,0.184901990342096,0.149459487633365,0.45598085203205,-0.374119554866407,-0.202511382605212,0.99235527665554,6.25785967716576,5.3793545494047,4.64374176448281,0.904296875,0.443359375,0.490234375,-0.677734375,-0.587890625,-2.111328125,0.0202701665382927,-0.305425309122785,0.144011345010923,-0.000634399722166061,-0.000354229610021588,0.000407980704481865,0.766882694128788,0.500384706439394,1.52169152462121,37,13,11,0.0867678179995586,-0.0733399999718119,0.102629580420885,0.0847085854807811,0.196614536572353,0.217823577665224,0.231558986554569,0.286238960262526,-9.31279357541514e-18,-6.36937975137152e-18,3.35340857171279e-17,-0.815148555871212,-0.530865293560606,-1.07987097537879,0.184901990342096,0.149459487633365,0.45598085203205
"Walking",0.00779627293833991,0.586384759909894,0.609773578724914,49.4402195937581,2.14619366241636,0.249266790430691,0.56834,0.29476,0.1369,1.22096469623436,0.976359609724165,0.264271129261364,-0.296438506155303,-0.769420276988636,0.775760405023951,0.545795655700958,0.416173694714163,0.153659785048583,0.87736159093091,-0.0503417618996815,6.57899011713685,5.69715127164169,7.87706030703932,3.62890625,2.322265625,1.24609375,-2.91796875,-2.021484375,-2.982421875,0.116494556213545,-0.0552080288104556,0.260435552978964,-0.00148120970164646,-0.0014765921288944,-0.000200382913335051,3.36463512073864,2.6187041311553,2.01551402698864,59,40,44,0.218953510955784,-0.289232277801587,0.0507143406444859,0.0632680700478376,0.0380568401572369,0.20751946965465,0.233799359594254,0.226599739281695,-2.68518684639038e-17,-6.39828154223844e-18,-1.38777878078145e-17,-3.18223987926136,-1.7250458688447,-2.21300159801136,0.775760405023951,0.545795655700958,0.416173694714163
"Active",0.121306856099694,0.666449445539354,1.03037001383844,169.244662672916,3.53490720868577,0.98324914617873,0.66204,0.26075,0.07721,1.47622380812744,1.00171877240014,-0.0494495738636364,-0.326430812026515,-1.07439630681818,0.370907522672025,0.77159060520109,0.907433021925847,0.630915828607415,-0.233591603956852,0.201328716438999,11.3334277997725,10.5936091533655,2.70230071647735,2.4296875,3.390625,1.658203125,-1.5546875,-4,-4,0.315621413021548,0.131480166988294,0.415345783318449,-0.000176327588469891,0.00057487506949925,-0.00159856037711392,2.47913707386364,3.71705581202652,2.73259943181818,98,51,65,-0.0728568539737026,-0.231956117734083,0.0219247931834747,0.0253840052732317,0.0460810129129128,0.22096657881779,0.27029211678026,0.517182473301628,-7.85348414562133e-18,-1.34701852865297e-17,5.55111512312578e-17,-1.50523792613636,-3.67356918797348,-2.92560369318182,0.370907522672025,0.77159060520109,0.907433021925847
"Active",0.015499921694052,0.209641808744774,0.25614157382693,45.7023243563502,3.40866052266128,0.351467891784764,0.70033,0.16947,0.1302,0.65658981281207,0.560976061095664,-0.0238591974431818,-0.294507575757576,-1.07883522727273,0.252248096973411,0.241942790202267,0.493536375846171,-0.77173056419348,-1.23250146236381,0.908452178330363,6.13562009446682,9.26388232885869,4.35557263706282,0.634765625,0.53125,0.521484375,-1.078125,-1.58984375,-2.36328125,0.030308622540792,0.167761535268964,0.376079856982925,-0.000146445842151517,-0.000315230545917602,-0.000188762552664531,0.658624822443182,0.825757575757576,1.60031960227273,52,20,22,-0.00693088381739677,-0.275599623936695,0.0312461106434904,0.0448893057891586,0.0572856602953001,0.228813640088436,0.263554127780412,0.445983126841123,1.66326469642663e-18,-1.55258444126881e-17,2.01861811869837e-17,-1.05426580255682,-1.29533617424242,-1.28444602272727,0.252248096973411,0.241942790202267,0.493536375846171
"Walking",0.0121830252607762,0.70558082579643,0.742129901578758,64.0298786241345,2.77742709253882,0.311600737326711,0.48976,0.3936,0.11664,1.37078403441374,1.34520769474319,-0.0282315340909091,-0.384136777935606,-0.889715021306818,0.822450419806184,0.553859180781939,0.729448681456324,-0.150215726804518,-0.79076803178481,-1.00826417339452,8.11537827194772,7.01886423379231,6.49950267181387,3.63671875,2.11328125,0.8515625,-3.869140625,-2.681640625,-3.998046875,0.0353611335944574,0.124863580928485,0.528486887643403,0.00022718585321433,-0.000611521400672736,0.000378919293846889,3.66495028409091,2.49741802793561,1.74127752130682,87,44,50,0.0277661522595278,-0.285456232903531,0.0133824252399393,0.0849178075052395,0.025445201266996,0.225329319259486,0.212199073334902,0.285012154187118,1.25296193677664e-17,8.4031828607243e-18,6.97964902250269e-17,-3.84090909090909,-2.29750384706439,-3.10833185369318,0.822450419806184,0.553859180781939,0.729448681456324
"Active",0.0508284739936289,0.286275438071322,0.438760860052209,91.4315428813301,3.40866052266128,0.636464873470127,0.73678,0.15943,0.10378,0.948700988040921,0.52983771447233,-0.0515728574810606,-0.253669507575758,-1.02220939867424,0.308037251822665,0.27361869869414,0.652499524495166,-0.0809036332355656,-0.2688282280431,0.377624059854748,5.34361808235232,3.91486705925995,2.25283841284007,1.2109375,0.55078125,0.53515625,-1.087890625,-1.103515625,-2.296875,0.137794077702372,0.112857087065174,0.357988734270413,-7.63899390770827e-05,0.000600256433877479,0.000137122166631881,1.26251035748106,0.804450757575758,1.55736564867424,77,32,36,-0.0181627527098965,-0.293563073652901,0.0287353587259083,0.0532933951268063,0.0938088907402246,0.217535225617242,0.328711062209703,0.528118163809729,-4.40693275090865e-18,-6.65796130973455e-18,6.66535359727423e-18,-1.03631776751894,-0.849846117424242,-1.27466560132576,0.308037251822665,0.27361869869414,0.652499524495166
"Active",0.00702250468100309,0.0991744459336501,0.120241959976659,21.6931841820338,0.378740058073476,0.236573950966443,0.77856,0.15279,0.06864,0.398837227028811,0.364901646727709,-0.0979891690340909,-0.222989169034091,-1.08780924479167,0.155914402472484,0.123721782630027,0.33885804446483,1.06171397525041,-1.38301341202997,1.89719510476433,13.9643393447976,12.2234758460097,8.14203247251782,0.986328125,0.27734375,0.337890625,-0.654296875,-0.986328125,-1.978515625,-0.0154028436739685,0.207311907507455,0.499565545564603,-0.000134933118694116,-2.14975080138135e-05,-0.00123813175528602,1.08431729403409,0.500332919034091,1.42569986979167,53,6,8,-0.0800839704048157,-0.203595527541771,0.0583200533378188,0.0920692716352926,0.282912628995597,0.226161229530937,0.254420024520141,0.316124190558001,4.0921188388458e-18,3.99133154349694e-18,7.41001491255332e-17,-0.556307705965909,-0.763338955965909,-0.890706380208333,0.155914402472484,0.123721782630027,0.33885804446483
"Active",0.0193649020004359,0.235037257562047,0.293131963563355,62.1667639270843,3.40866052266128,0.392851626942479,0.79676,0.11633,0.08691,0.668007422413051,0.514843984668438,-0.096435546875,-0.265247691761364,-1.05826083096591,0.190529826187589,0.230042636875563,0.527906493918531,0.212453994977785,-0.93301164612357,0.939402524649898,5.8484333325984,6.63045535589779,3.34748243579775,0.61328125,0.4375,0.255859375,-0.81640625,-1.248046875,-2.2265625,0.00876432856092039,0.219703820510655,0.451763428781517,0.000103027920150461,-2.04873741676393e-05,0.00055590416991404,0.709716796875,0.702747691761364,1.31412020596591,64,24,22,-0.0855621194757141,-0.251374397786941,0.0465222782062163,0.032076701137008,0.183355748232623,0.221327404507082,0.328728663720741,0.453601117562886,0,1.01006882223521e-17,8.07568398858469e-17,-0.719970703125,-0.982799183238636,-1.16830166903409,0.190529826187589,0.230042636875563,0.527906493918531
"Active",0.00615358610295369,0.114475558567156,0.132936316876017,23.3170577275085,3.40866052266128,0.221454773074502,0.75637,0.13205,0.11158,0.418054726060319,0.415545240080206,-0.0903912168560606,-0.225852272727273,-1.05681078361742,0.160630166417044,0.150381852555288,0.356845849831374,0.010714158384631,-1.33661868198482,0.992802737942934,5.8578714171401,8.53096851034945,5.87016400849227,0.5078125,0.236328125,0.103515625,-0.8046875,-0.98828125,-2.107421875,0.0884856658134885,0.294657835635175,0.328954962468232,-1.02159816473083e-06,-0.000137448262804166,0.000308989498276582,0.598203716856061,0.462180397727273,1.16032640861742,49,10,18,-0.094087913849763,-0.232629781386649,0.0556255302995233,0.0275050281316489,0.10442577835246,0.235779906237108,0.275113523760579,0.418569186635913,1.04580334554331e-18,5.3692648496498e-18,6.72710037405418e-17,-0.714296283143939,-0.762428977272727,-1.05061109138258,0.160630166417044,0.150381852555288,0.356845849831374
"Active",0.0020969029782279,0.068446042460697,0.0747367513953807,12.9238656919372,0.631233430122459,0.129273668282955,0.73032,0.17253,0.09715,0.294912795389979,0.331470688788347,-0.0762754498106061,-0.213623046875,-1.0751953125,0.138057173888878,0.111252068701507,0.26626540430963,-1.34803189783824,-1.55609717800698,2.21624040520745,13.0347544444265,26.3208677518273,11.4124344822059,0.4375,0.3984375,0.158203125,-0.91015625,-1.158203125,-1.87109375,0.240359033862076,0.265678639066666,0.366106973371555,7.80134139660467e-05,1.04981312651227e-05,-0.000527171403077697,0.513775449810606,0.612060546875,1.2333984375,44,8,6,-0.0737125334527895,-0.202956008193771,0.0468744808991217,0.0279930459840748,0.153529304417492,0.254724105214232,0.253290283242479,0.351562763700835,5.40866471552966e-18,0,0,-0.833880800189394,-0.944580078125,-0.7958984375,0.138057173888878,0.111252068701507,0.26626540430963
"Active",0.0029613041930543,0.0921426139728521,0.101026526552015,18.4301656433821,3.28241383663679,0.153625183657289,0.73963,0.1347,0.12567,0.369946692600723,0.360947826017629,-0.102139559659091,-0.242720170454545,-1.03068773674242,0.138679403345467,0.153711876104024,0.30615571184401,-1.05284088365684,-1.98994732573728,1.13991683618572,12.1826014569706,16.507375569148,7.49865250260125,0.44921875,0.2734375,0.16015625,-0.95703125,-1.330078125,-2.078125,0.100185310135607,0.225132921941944,0.459203785109253,-9.48557717392011e-05,3.81354187727044e-05,-0.000859960189771667,0.551358309659091,0.516157670454545,1.19084398674242,33,4,8,-0.0950820361696063,-0.240748035633304,0.0476830851934513,0.0937801389563462,0.161108500235796,0.233668933394743,0.274998110353234,0.3963921741439,4.09483961134304e-18,-1.4411906250221e-17,6.72795703237584e-17,-0.854891690340909,-1.08735795454545,-1.04743726325758,0.138679403345467,0.153711876104024,0.30615571184401
"Active",0.00880023351214987,0.156985962364108,0.183386662900558,37.426950533583,3.53490720868577,0.264830501178408,0.79852,0.13595,0.06553,0.52169253346677,0.404068735631721,-0.0764604048295455,-0.272394353693182,-1.03688003077652,0.128681759003339,0.19880797415425,0.41662254387771,-0.679486116257323,-1.26591053529914,0.504766837680271,6.52343089274607,7.28875002222056,3.28049031132744,0.375,0.328125,-0.017578125,-0.677734375,-1.244140625,-2.150390625,0.0526643867479598,0.268655826062187,0.422473512505367,0.000105094045117036,-0.000513449250671759,0.000500202867485928,0.451460404829545,0.600519353693182,1.01930190577652,33,8,30,-0.0829851161371382,-0.288223022157199,0.0459803327458861,0.126851635265219,0.210843880096605,0.225622325181077,0.314566656143595,0.396549917329316,4.05508039815222e-18,6.67603134594264e-18,-1.33964677524535e-17,-0.601273970170455,-0.971746271306818,-1.11351059422348,0.128681759003339,0.19880797415425,0.41662254387771
"Active",0.0106662059193074,0.276969168771369,0.308967786529291,58.4800752943407,0.757480116146951,0.291558620166285,0.76599,0.12646,0.10755,0.76290924380524,0.43596027060263,-0.0652595288825758,-0.262443773674242,-0.986882990056818,0.226158364709515,0.234016393474357,0.545387973284724,-0.730756360142804,-0.313249099003245,0.582447954203679,5.85029606898857,5.347216572341,2.48233074723312,0.599609375,0.328125,0.294921875,-1.091796875,-1.33984375,-2.09375,0.0178230806788457,0.155841324552405,0.396191981098397,0.000140192693285354,-0.000530241292824579,0.000419937351830052,0.664868903882576,0.590568773674242,1.28180486505682,47,26,24,-0.0562831324750846,-0.284250591044186,0.021039981098541,0.123014296343518,0.217077098674277,0.23069044768481,0.24826959939677,0.328996082929802,-1.45525393871302e-18,6.6530587857065e-18,5.63916548137612e-17,-1.02653734611742,-1.07739997632576,-1.10686700994318,0.226158364709515,0.234016393474357,0.545387973284724
"Active",0.00338461195839747,0.0492737304468054,0.0594275663219978,11.3541406098454,0.504986744097967,0.164238642433626,0.82395,0.11177,0.06428,0.280313118758609,0.21753794421144,-0.0674641927083333,-0.270648378314394,-1.06630267518939,0.0901333574613497,0.0772501659266205,0.240902066186459,-0.309812482680976,1.13662368101403,1.84826523442579,4.12784316152613,6.39566556250517,8.67330550152787,0.162109375,0.103515625,-0.06640625,-0.41796875,-0.455078125,-1.607421875,-0.0318987550546179,0.159178766977054,0.424125316514658,-0.000177450454781874,8.60906632959158e-06,0.000543421437725414,0.229573567708333,0.374164003314394,0.999896425189394,20,2,6,-0.06377442670098,-0.265090963288885,0.0711973505994486,0.23380984500717,0.375959762258633,0.226935907949816,0.235130948454101,0.245841993459659,-6.93889390390723e-18,-1.68234988878817e-17,9.41604432491894e-17,-0.350504557291667,-0.184429746685606,-0.541119199810606,0.0901333574613497,0.0772501659266205,0.240902066186459
"Active",0.00767936053614774,0.108840480326439,0.131878561934882,27.0733597686809,0.252493372048984,0.24739073627391,0.86027,0.08371,0.05602,0.419046253102761,0.313860900798782,-0.0699647845643939,-0.271772904829545,-1.02837949810606,0.0977627325075735,0.134728178101409,0.354386239202932,0.296361363195598,0.176051260747803,0.642106308111249,5.48123455306133,4.60748450687328,3.75946290016321,0.34375,0.181640625,-0.052734375,-0.43359375,-0.615234375,-1.716796875,0.228022152470973,0.200866719469782,0.538452960197787,2.14631150581427e-05,0.000353476149529769,0.000538315994528105,0.413714784564394,0.453413529829545,0.975645123106061,24,6,8,-0.0872264268967379,-0.283123639740088,0.0502076894801953,0.231574796392739,0.401148815143968,0.210861427367506,0.302981174672815,0.274163665592953,-4.99944513134556e-18,1.51099897370838e-17,-5.38731435172584e-17,-0.363628965435606,-0.343461470170455,-0.688417376893939,0.0977627325075735,0.134728178101409,0.354386239202932
"Undulating",0.112151054027532,0.332128244242498,0.668581406325095,158.395301486052,0.252493372048984,0.945415207954445,0.95898,0.02917,0.01185,0.947984763741822,0.572211653546795,-0.0748919862689394,-0.301180752840909,-1.35768081202652,0.144936102059328,0.236279816830243,0.787620753709385,-0.137520721562948,-0.00573111886297889,0.170814968232807,3.54630917586025,3.02886246453861,2.34462053025542,0.345703125,0.2265625,0.427734375,-0.513671875,-1.06640625,-3.0390625,0.184308553427778,0.178432339496388,0.916535659109291,0.0001294226029078,-3.34885483176681e-06,0.000333935855456243,0.420595111268939,0.527743252840909,1.78541518702652,39,8,6,-0.145320568082657,-0.124586835833558,0.066480144390139,0.659335854004372,0.784108767836516,0.209062313052337,0.161072906524055,0.145231332790872,-1.65464036096367e-18,2.65936004179864e-17,-1.31415878383251e-17,-0.438779888731061,-0.765225497159091,-1.68138168797348,0.144936102059328,0.236279816830243,0.787620753709385
"Undulating",0.0202115474530767,0.170642741797161,0.231277384156391,52.3206391786511,0.378740058073476,0.401347615527577,0.86448,0.10433,0.03119,0.605836530252812,0.37819983132032,-0.0673680160984848,-0.285807291666667,-1.18903882575758,0.170355249896792,0.149870735171175,0.464812953440273,0.250311329823675,0.333899955786377,-0.229613034081222,5.31474644348485,3.00330694072484,2.77088657922085,0.677734375,0.234375,-0.048828125,-0.73828125,-0.677734375,-2.171875,0.24084297052818,0.194339568964433,0.770632091067938,-7.96082280586189e-05,-0.00046109361854248,-0.000746455793180026,0.745102391098485,0.520182291666667,1.14021070075758,46,0,4,-0.0424475728628929,-0.232504192422921,0.0444515482122791,0.413717235788669,0.628635687481372,0.236525255850547,0.241829656288472,0.217737735305747,4.41411969712777e-18,1.86898076488312e-17,-6.7123100237502e-17,-0.670913233901515,-0.391927083333333,-0.982836174242424,0.170355249896792,0.149870735171175,0.464812953440273
"Undulating",0.0196433323167347,0.183553566393101,0.242483563343305,51.8310853064274,0.504986744097967,0.39566577567365,0.8801,0.08553,0.03437,0.601990250516529,0.407811756628105,-0.0796860203598485,-0.290224017518939,-1.16407729640152,0.155684033569115,0.186766205392345,0.46518707517463,0.473769159716949,0.298141502213914,0.459568345421365,6.60994078882618,3.04688158878353,3.48592288183628,0.59375,0.21484375,-0.0078125,-0.654296875,-0.8671875,-2.41015625,0.137051278994842,0.158127142484283,0.834629694062999,-0.000130574130016174,-0.000609878181679591,-0.00227605956798779,0.673436020359849,0.505067767518939,1.15626479640152,38,2,5,-0.0609276460484975,-0.217974581058185,0.0154633534266695,0.309663448864781,0.417585612977812,0.236814555808272,0.324532134568116,0.334859944293374,-1.35884618871644e-18,-1.12054758622223e-18,-1.31960546236001e-17,-0.574610854640151,-0.576963482481061,-1.24607895359848,0.155684033569115,0.186766205392345,0.46518707517463
"Undulating",0.0689224581306107,0.388064343973481,0.594831718365314,135.703725201432,0.378740058073476,0.741141758172885,0.94459,0.03838,0.01703,0.949623128927772,0.516725519022568,-0.0660585345643939,-0.273008404356061,-1.1344696969697,0.158325641016863,0.258229198350464,0.733468091290415,0.20407506652218,-0.531261789796012,-0.380732098681027,6.01391787215187,2.29861260851763,1.97790415797422,0.646484375,0.25390625,0.158203125,-0.591796875,-0.861328125,-2.8125,0.169870119893088,0.185800504865711,0.906856341737997,-0.000287949926098455,6.97247116494592e-05,-0.00161374550394902,0.712542909564394,0.526914654356061,1.2926728219697,46,8,2,-0.0646635907059054,-0.159146533608122,0.0734418267295275,0.701011543090651,0.686397824732455,0.226231501512479,0.161566807870137,0.208451379960622,-7.23194163599215e-18,-8.18695845018884e-19,4.70650520345393e-17,-0.525738340435606,-0.588319720643939,-1.6780303030303,0.158325641016863,0.258229198350464,0.733468091290415
"Undulating",0.142629517162801,0.630066990590525,1.05795554207893,256.486236742667,0.252493372048984,1.06616791863276,0.93477,0.04656,0.01867,1.30071959832702,0.596963387120706,-0.0887710108901515,-0.239664713541667,-0.907848011363636,0.236509857835828,0.302953912162529,0.991998324495566,0.920075988122911,-0.161130627443142,-0.420237323101477,6.25653676121931,2.23674491201779,1.72007033235148,1,0.521484375,0.673828125,-0.80859375,-0.87890625,-2.62890625,0.292532367909305,0.254071355917038,0.863151874501492,-0.000499799068710094,-0.000258443317759523,-0.0008882362945855,1.08877101089015,0.761149088541667,1.58167613636364,55,38,28,-0.175104683995345,-0.158341394955673,0.112270909538603,0.664913864061619,0.822193980723534,0.225848091438961,0.117670940145084,0.123002167045753,-1.10191286138264e-18,-2.21699323494532e-17,-5.08698213629454e-17,-0.719822739109849,-0.639241536458333,-1.72105823863636,0.236509857835828,0.302953912162529,0.991998324495566
"Walking",0.00961753590024351,0.444417635414376,0.473270243115107,50.0854314987096,4.16614063880823,0.276855281185175,0.51745,0.32206,0.16049,1.03220268648846,1.03770065831762,-0.0215287642045455,-0.31832978219697,-0.898696437026515,0.608829537797954,0.474010504268941,0.565025887088953,-0.433703129374462,-2.30873759708063,0.208854249810345,9.7930855175633,13.4023235074973,4.03789575886897,2.728515625,0.748046875,0.63671875,-2.921875,-3.439453125,-2.6640625,0.33506843861768,0.141798641579233,0.364204829807031,9.16406672905972e-05,0.000229807360724326,-0.000437910855700813,2.75004438920455,1.06637665719697,1.53541518702652,81,34,38,0.0203530025777742,-0.261556930999038,0.0316018404150034,0.109739897311287,0.031636230261505,0.227594239482704,0.218852080724492,0.323945920710733,-3.80399929845399e-18,2.69379064772128e-17,-1.34706473045009e-17,-2.90034623579545,-3.12112334280303,-1.76536606297348,0.608829537797954,0.474010504268941,0.565025887088953
"Active",0.0547917507929637,0.341570781363614,0.505946033742505,110.098561855604,3.53490720868577,0.660812870833396,0.8185,0.12118,0.06032,0.956583995136019,0.509023689726193,-0.075735381155303,-0.284786339962121,-1.04492927320076,0.20167338572166,0.315046890673981,0.691529560110044,0.216522245021856,-0.735562515375994,0.406535478021351,3.79263922883317,3.99220493308721,2.12621122252765,0.5546875,0.623046875,0.373046875,-0.662109375,-1.3203125,-2.388671875,0.0577443871212504,0.255441380406809,0.461567287705927,0.000227219609263414,6.0951960327139e-06,0.000819970735925687,0.630422881155303,0.907833214962121,1.41797614820076,96,44,38,-0.0492040093146005,-0.313922958625733,0.0701889077620518,0.0371635478248911,0.0770138526903785,0.222687010161105,0.408105590130496,0.560441554680548,-3.43895376585246e-19,2.92518015647072e-18,-6.60295550349316e-18,-0.586373993844697,-1.03552616003788,-1.34374260179924,0.20167338572166,0.315046890673981,0.691529560110044
"Active",0.0153298339282607,0.194734782601471,0.240724284386253,46.7168022788177,3.53490720868577,0.349534162856818,0.78674,0.1346,0.07865,0.562366720292413,0.53091968799746,-0.110188802083333,-0.238088896780303,-1.01771129261364,0.166138121546146,0.232897623065486,0.473426959222113,-0.49682755120909,-1.74230791636845,0.616749400137085,9.71316166312027,8.20437107866576,4.03769370068214,0.73828125,0.4609375,0.21484375,-1.02734375,-1.30078125,-2.220703125,0.162073234877295,0.338008277438851,0.443929591296174,-1.66614763025912e-05,0.000103279498252124,-0.000320478656190283,0.848470052083333,0.699026396780303,1.23255504261364,72,24,19,-0.0699808765059766,-0.238576524902319,0.0431847205273904,0.0651062833045914,0.0890214429416976,0.225518488989336,0.337762120536372,0.497008926457735,-7.45450595979948e-18,5.49123759405442e-18,1.00882958736571e-16,-0.917154947916667,-1.0626923532197,-1.20299183238636,0.166138121546146,0.232897623065486,0.473426959222113
"Active",0.024747646075096,0.264997697617986,0.339240635843275,63.6754770175152,3.53490720868577,0.444107239224746,0.76056,0.13534,0.10409,0.776954559802571,0.564441477160882,-0.0820534446022727,-0.31179717092803,-1.14837091619318,0.220355916250684,0.28747308067171,0.561108170695196,-0.500988581836776,-0.320696736292946,0.738691595065085,7.15094794189061,5.06306771263136,3.321546665525,0.796875,0.724609375,0.4375,-1.076171875,-1.396484375,-2.3203125,0.129658863825875,0.182286120182023,0.468472572380419,-0.000128427754819701,-0.00053374746358321,0.00031956469523867,0.878928444602273,1.03640654592803,1.58587091619318,53,18,20,-0.0548077786839627,-0.266923598656013,0.0327059217763024,0.0879933922741477,0.0992835805206406,0.228951080347561,0.282720164262303,0.463010089394249,-1.27198424335877e-17,-2.69340049921224e-17,6.05186046741047e-17,-0.994118430397727,-1.08468720407197,-1.17194158380682,0.220355916250684,0.28747308067171,0.561108170695196
"Active",0.0385769281357106,0.380493914948607,0.496224699355739,101.874506609774,3.28241383663679,0.554478518306517,0.80892,0.1147,0.07639,0.940245012715938,0.558437079005902,-0.0616270123106061,-0.294855291193182,-1.06340258049242,0.224925458026969,0.299207250919737,0.687988420223169,-0.120813278800807,-0.143449860689355,0.489012635190092,3.57529109094213,3.90528425977142,2.38211427326611,0.68359375,0.634765625,0.53515625,-0.6953125,-1.138671875,-2.400390625,0.187166193671198,0.185974080240019,0.445204051595619,4.59451673362507e-05,-0.000363934155679943,-0.000451008839651991,0.745220762310606,0.929620916193182,1.59855883049242,74,36,38,-0.0318875457876993,-0.280198379261541,0.0242988901676828,0.0552446365187683,0.0710718722117059,0.245289198712469,0.326490902956224,0.533979482124462,1.04641936950495e-17,1.23805985191815e-17,6.7300463803124e-17,-0.633685487689394,-0.843816583806818,-1.33698804450758,0.224925458026969,0.299207250919737,0.687988420223169
"Active",0.0309912235399584,0.461896836654476,0.554870507274351,97.9881440895525,3.28241383663679,0.496981549288913,0.71011,0.21668,0.07321,1.07779768566345,0.624852524991827,-0.0816687381628788,-0.346598307291667,-1.07778468276515,0.248675355240038,0.460905615104967,0.712115494718881,-0.43857772781223,0.912394627398606,0.392292740463088,4.91693805095179,11.1725617946573,2.19269693067722,0.71484375,2.4921875,0.685546875,-1.138671875,-1.8984375,-2.53125,0.143795948585224,0.253372536616988,0.367747277587543,0.00018372653228515,-0.000782617438441195,0.000841650399223238,0.796512488162879,2.83878580729167,1.76333155776515,64,26,51,-0.000114651702854633,-0.305560955021621,0.034772596610434,0.0395629540658221,0.116065036032271,0.227941758518382,0.267687947360997,0.450498958691553,-2.93222272207384e-18,2.69390358544758e-17,8.75259165176622e-17,-1.05700313683712,-1.55183919270833,-1.45346531723485,0.248675355240038,0.460905615104967,0.712115494718881
"Active",0.0243290841676047,0.289688194704077,0.362675447206891,67.9800876821133,3.28241383663679,0.440335586077325,0.82207,0.09597,0.08197,0.743891103865358,0.548139275290295,-0.085501006155303,-0.287264737215909,-1.02539802320076,0.199942877788824,0.251148712833179,0.581481878311367,-0.52792372388205,-0.617055808407812,0.397104700361763,5.489027709316,4.6589282641358,2.93866988902657,0.576171875,0.50390625,0.4375,-0.83203125,-1.255859375,-2.431640625,0.156839056605424,0.287775698736852,0.538478266044776,-8.98592395681835e-05,-0.000168675155833208,-0.000586791591732484,0.661672881155303,0.791170987215909,1.46289802320076,63,24,28,-0.0814811898563918,-0.286435091577738,0.0383578703301129,0.0615874689468151,0.0650532006154556,0.214143711117989,0.303712702845222,0.473261831421492,-2.56245433909974e-18,2.96340701005696e-17,-6.64238103703809e-18,-0.746530243844697,-0.968594637784091,-1.40624260179924,0.199942877788824,0.251148712833179,0.581481878311367
"Active",0.00182150001916443,0.0449701225139287,0.050434622571422,9.57265445367821,0.504986744097967,0.120485697006067,0.741,0.21037,0.04862,0.267488730074179,0.252152828979601,-0.0856637665719697,-0.293013139204545,-1.03375059185606,0.120086999257809,0.0904742179707348,0.213204352449204,1.68812986476174,1.59282097603546,3.17256529356896,21.5336615940865,8.08427643900248,15.5035840042526,0.8984375,0.2109375,0.119140625,-0.599609375,-0.4609375,-1.30078125,0.225352951394943,0.104083950575486,0.725976147694713,-6.44358393552432e-06,-0.000160357792720229,-0.00074703919961325,0.98410126657197,0.503950639204545,1.15289121685606,21,4,2,-0.0681058340072968,-0.271531137044703,0.0301225424640685,0.186093244691933,0.232730668012885,0.239454447748048,0.32526534704986,0.380561830436037,2.05983012173205e-19,1.49125027220483e-17,-5.38688313495269e-17,-0.51394560842803,-0.167924360795455,-0.267030658143939,0.120086999257809,0.0904742179707348,0.213204352449204
"Undulating",0.0071955266088678,0.0603069584345666,0.08189353826117,16.9223500643568,0.378740058073476,0.239470596545938,0.85726,0.09789,0.04484,0.338188738862345,0.265608658350776,-0.0842063210227273,-0.260875355113636,-1.00762754498106,0.0974817677621728,0.107029302110406,0.273077155342213,0.457968387389639,0.430560463454773,0.961502607227549,4.54395580072956,5.69862970648375,5.23712654821032,0.353515625,0.17578125,-0.076171875,-0.36328125,-0.619140625,-1.689453125,0.0996538626782794,0.11805380694961,0.768141069953871,2.76799602488764e-05,9.43475202831818e-05,-0.000426775180942613,0.437721946022727,0.436656605113636,0.931455669981061,26,2,2,-0.0797282715064495,-0.249999697037088,0.0342329695232756,0.370492256914781,0.437009987569399,0.229470091750241,0.288294826915544,0.309183640830824,8.82853457240383e-18,-1.00700410302605e-17,-5.38682153255653e-17,-0.279074928977273,-0.358265269886364,-0.681825580018939,0.0974817677621728,0.107029302110406,0.273077155342213
"Undulating",0.0781933265505304,0.409970805520135,0.644550785171726,154.859604279334,0.252493372048984,0.789415681159355,0.96652,0.02079,0.01269,0.901750772999885,0.666454769686934,-0.11935517282197,-0.432513612689394,-1.4774872750947,0.126537530762544,0.297032554155553,0.750092473530067,0.426602958972746,-1.23102766253679,-0.777545642683761,6.42879795748433,3.79668517871986,2.92788667318244,0.587890625,0.12109375,-0.298828125,-0.5546875,-1.236328125,-3.228515625,0.370541807439003,0.366567175643298,0.943063056854842,-3.4249651688526e-05,5.84629293871344e-05,0.000286223909249065,0.70724579782197,0.553607362689394,1.1786591500947,36,0,0,-0.0887299051905063,-0.267169326721969,0.136868245232023,0.732661201357053,0.793432118698574,0.206472349570623,0.163281116840991,0.153456907489331,4.09963946471081e-19,-1.69618091011023e-17,4.69065285350774e-17,-0.43533232717803,-0.803814512310606,-1.7510283499053,0.126537530762544,0.297032554155553,0.750092473530067
"Active",0.0428150372115265,0.443787446390813,0.572232558025393,97.1150503261557,3.66115389471026,0.584142852667193,0.65245,0.21434,0.13321,1.1258257400891,0.763527956762815,-0.0698390151515152,-0.233864524147727,-1.11744643702652,0.360679756185078,0.449827602707835,0.737982646792093,0.415827190331885,-0.323460467197642,0.573936320603455,5.30094411572668,10.854562754025,2.59986842335412,1.521484375,2.111328125,0.822265625,-1.16015625,-2.482421875,-2.9296875,-0.146060266951052,0.0662783333769487,0.302871423852484,-0.000426979627956878,0.000315184051736788,-0.00141971891834715,1.59132339015152,2.34519264914773,1.93971206202652,99,39,38,-0.0975015228658651,-0.180478967213134,0.0350234728521391,0.0338376956234051,0.09055967513296,0.226385861393991,0.26941504340464,0.425286694742675,-8.10009907159767e-18,-6.48621896276248e-19,-1.32716202295612e-17,-1.09031723484848,-2.24855735085227,-1.81224106297348,0.360679756185078,0.449827602707835,0.737982646792093
"Active",0.00900610346504373,0.269157933827079,0.296176244222211,47.7358551827008,3.28241383663679,0.267910275081297,0.79007,0.12339,0.08654,0.645350432592975,0.552086448608278,-0.0635505445075758,-0.229684540719697,-1.04211795691288,0.181013279216683,0.247067779004354,0.530154016795289,0.754635966358694,-0.331363547586877,0.998502964779179,5.32049062678447,6.94031112424121,4.53646031963698,0.703125,0.65234375,0.794921875,-0.619140625,-1.279296875,-2.328125,-0.0213018557009251,0.0423302128274681,0.454272249297542,-0.000437880921091248,-2.2296825779859e-05,-0.00160331870622159,0.766675544507576,0.882028290719697,1.83703983191288,74,17,15,-0.0552695074298119,-0.209056132232758,0.0739830567792754,0.0757794098284989,0.22006231490524,0.210430724147841,0.241270932151461,0.322981917984636,-2.73139891057937e-18,-4.23108357752564e-18,1.07737329019408e-16,-0.555590080492424,-1.0496123342803,-1.28600704308712,0.181013279216683,0.247067779004354,0.530154016795289
"Active",0.00619027911298015,0.116071119352724,0.134641956691664,23.611692363081,0.252493372048984,0.222114044329251,0.8288,0.0954,0.0758,0.430815501427629,0.351798306753002,-0.0992764559659091,-0.235403349905303,-1.09090909090909,0.125433071068843,0.136536886272942,0.357879831970954,-0.104126162092956,-0.558860059930931,1.13321373697883,5.02669113299138,8.55585593133318,5.45598574647729,0.322265625,0.25,0.2421875,-0.52734375,-0.923828125,-2.1328125,0.271623854148988,0.356902579572887,0.449435547463887,7.48180536216239e-05,0.00015080992608215,9.48073668386293e-05,0.421542080965909,0.485403349905303,1.33309659090909,38,8,11,-0.0696028597838143,-0.22345072629539,0.0608676869610741,0.10364656913449,0.281895034863887,0.225496519132954,0.232846588028254,0.268500765549265,-4.296972473756e-18,7.76960221617808e-18,-8.08013989524055e-17,-0.428067294034091,-0.688424775094697,-1.04190340909091,0.125433071068843,0.136536886272942,0.357879831970954
"Active",0.00375326998910682,0.0680584356162695,0.07931824558359,12.8028396744255,0.378740058073476,0.172952087176302,0.79146,0.11253,0.09601,0.300833653922033,0.320503477520661,-0.076467803030303,-0.201837713068182,-1.08285245028409,0.101038013523315,0.114833936100165,0.277168452270788,-0.371811982706016,-3.02750547044575,1.21739728473076,7.92253839652931,36.3929274859993,9.16420127957827,0.37890625,0.310546875,0.087890625,-0.546875,-1.2890625,-2.30859375,0.117793604252402,0.205843225805571,0.35903307607733,-0.000129583740274182,4.2302061661525e-05,-0.000238974357223682,0.455374053030303,0.512384588068182,1.17074307528409,40,6,8,-0.0644251424783333,-0.194485177033567,0.0493583791158984,0.0636423528747424,0.226949347048713,0.244814951453828,0.242343487327158,0.286279792645995,-3.53968010049678e-18,5.68400175871745e-18,-8.07587906283921e-17,-0.470407196969697,-1.08722478693182,-1.22574129971591,0.101038013523315,0.114833936100165,0.277168452270788
"Active",0.00962180171579558,0.215518736848861,0.244384141996248,43.6585055041601,3.53490720868577,0.276916673346697,0.79716,0.11181,0.09104,0.627045434368543,0.428942335591656,-0.0735603101325758,-0.147690281723485,-0.974957090435606,0.171288966229158,0.183618885613088,0.493471473879003,0.393401368362905,0.633933915447164,0.44452103462743,4.19754941113232,6.20480640111677,2.85244638502118,0.58984375,0.63671875,0.17578125,-0.59375,-0.708984375,-2.103515625,0.0841061094890742,0.125482747959036,0.0928985462124037,-0.000153932042169126,-1.62073619064235e-05,-0.00088514920836078,0.663404060132576,0.784409031723485,1.15073834043561,95,20,20,-0.107594172575878,-0.194779093969834,0.0580498377895309,0.0393991459384632,0.178400338881967,0.209591693326419,0.297533926606026,0.321890073483892,-2.93237672806425e-18,1.34669511607311e-17,1.22346465608014e-17,-0.520189689867424,-0.561294093276515,-1.12855853456439,0.171288966229158,0.183618885613088,0.493471473879003
"Active",0.0323977914632936,0.286398083381846,0.383591457771727,73.7875594619664,0.378740058073476,0.508134411794641,0.79482,0.14142,0.06376,0.776416733026286,0.565429465086056,-0.0841101444128788,-0.242638790246212,-1.04481090198864,0.180201921157324,0.280133910798029,0.609645931196557,0.150728554356785,0.305596371606947,0.702157404607089,4.89379179168814,7.38924358266918,3.23356767727165,0.625,0.98828125,0.74609375,-0.73046875,-1.267578125,-2.482421875,0.0559415103447257,0.217245798643339,0.327132699716393,3.25210872127907e-05,0.000131771514398776,-0.000803221366514162,0.709110144412879,1.23092004024621,1.79090465198864,49,18,20,-0.0293684133451814,-0.227675959911216,0.0620046494920548,0.0690532137749935,0.29978916391576,0.224213001356745,0.312982477524251,0.309394232716392,-3.36759765696255e-18,1.11278568430558e-17,1.00981317229112e-16,-0.646358605587121,-1.02493933475379,-1.43761097301136,0.180201921157324,0.280133910798029,0.609645931196557
"Active",0.0628735130058273,0.296801904673321,0.485422443690802,101.777144691549,0.378740058073476,0.707872054877677,0.83074,0.11415,0.0551,0.905796523921746,0.505482941469623,-0.114058061079545,-0.233968098958333,-1.12241802793561,0.191878725596015,0.271154492016605,0.688462888251569,0.567744355211018,0.640905054810217,0.926210170024741,4.04740470981095,5.37041442919427,2.63833492106053,0.5390625,0.814453125,0.72265625,-0.6171875,-1.029296875,-2.080078125,-0.0578400725316309,0.265814805767325,0.321788608008368,0.000220915507870331,0.000356394455509068,0.00293396560154146,0.653120561079545,1.04842122395833,1.84507427793561,82,22,20,-0.127612416439394,-0.217289543792574,0.0875514786576462,0.101066125415866,0.439827872168726,0.210853341519435,0.279296368185343,0.238194322753544,5.34074807375891e-18,1.51135318748633e-17,-9.44307237623587e-17,-0.503129438920455,-0.795328776041667,-0.957660097064394,0.191878725596015,0.271154492016605,0.688462888251569
"Active",0.0143737498010496,0.324444006135146,0.367565255538294,66.9977327283953,3.53490720868577,0.338458904791419,0.76438,0.1285,0.10712,0.798951484392935,0.559234316798273,-0.0628699100378788,-0.243644945549242,-1.12409002130682,0.228088418900473,0.27179981070653,0.595790295140679,0.322522397491204,-0.290941890959342,0.376245182360853,4.73968503002508,5.05323352659145,2.8856772788418,0.765625,0.576171875,0.439453125,-0.88671875,-1.1953125,-2.70703125,0.0275699617151473,0.0884259824613893,0.368348566043503,4.76673627461209e-05,-0.000652029933386704,-0.0006504555003049,0.828494910037879,0.819816820549242,1.56354314630682,73,18,24,-0.0758864640151994,-0.243977858953474,0.0308671776918332,0.0855209988045606,0.134355461801323,0.217849360380312,0.253111723064658,0.361259120561572,-3.36759765696255e-18,6.63252465365185e-18,-6.0469117415853e-17,-0.823848839962121,-0.951667554450758,-1.58294122869318,0.228088418900473,0.27179981070653,0.595790295140679
"Active",0.0213497753299891,0.241107017445386,0.305156343435353,62.8379901725359,3.66115389471026,0.412493926926355,0.80573,0.11203,0.08224,0.639670015585543,0.589294157265284,-0.0541400331439394,-0.228315873579545,-1.03033262310606,0.18582130002514,0.225715539208632,0.541529255896548,-0.425665646337062,-1.01641065833265,0.038427914082586,4.86818802073379,7.48304063243909,3.60841622355683,0.5,0.466796875,0.205078125,-0.732421875,-1.322265625,-2.556640625,0.0961101854421073,0.290604020231696,0.382074331867537,0.000138951362348284,0.000286092706492249,-0.00034292324429821,0.554140033143939,0.695112748579545,1.23541074810606,57,20,26,-0.0320448705636913,-0.240248630939853,0.0239782997317228,0.0257658808162626,0.0386548654480524,0.220217185323214,0.319699299742573,0.525202924757622,-4.08577892557393e-19,-1.75509333497502e-17,-5.38696527148091e-17,-0.678281841856061,-1.09394975142045,-1.52630800189394,0.18582130002514,0.225715539208632,0.541529255896548
"Active",0.00715053060200572,0.087126050279149,0.108577642085166,18.2217022011843,0.378740058073476,0.238720677928265,0.78608,0.14179,0.07214,0.388011193253558,0.328755302432258,-0.0795824455492424,-0.217699455492424,-1.07054184422348,0.141642030026356,0.119265262582985,0.322241057757893,-0.865564105595356,-1.33087363593957,1.29360044930307,10.8132384496407,15.2443906828823,6.1849314818093,0.3515625,0.154296875,0.099609375,-1.0234375,-1.07421875,-2.01171875,0.330619784048055,0.263827613941218,0.42441246486807,-0.000163232152145061,1.65060710954875e-05,0.000838577324943423,0.431144945549242,0.371996330492424,1.17015121922348,54,6,8,-0.0527239160790901,-0.201630268427519,0.0596063961027158,0.105791173751971,0.264776493215731,0.219887181728621,0.221735987913973,0.248266822005907,6.73516964626003e-18,1.19741839295207e-17,1.3332041913132e-17,-0.943855054450758,-0.856519294507576,-0.941176905776515,0.141642030026356,0.119265262582985,0.322241057757893
"Active",0.0361532169566975,0.273367810312036,0.381827461182128,77.5593082964183,3.53490720868577,0.536777592327203,0.80303,0.10656,0.09042,0.797013043700499,0.531484292541327,-0.0769486860795455,-0.250887784090909,-1.05333362926136,0.216560784443692,0.246046695998854,0.606669668140909,0.0831970327971986,-0.747952801995982,0.165439667732868,5.16129565600556,5.59628761939322,2.56245325922434,0.8671875,0.619140625,0.283203125,-0.765625,-1.13671875,-2.4921875,0.0785775542690803,0.256384975076409,0.38424634578461,0.000197481166927,0.000135815234316404,0.000932416593770585,0.944136186079545,0.870028409090909,1.33653675426136,78,28,34,-0.0584405169485175,-0.278699148070428,0.0237346015034544,0.0690084634901767,0.0927830756356257,0.222335506931232,0.288449257849962,0.450450777279577,5.40789468557762e-18,2.91973179350271e-17,-1.00986861444767e-16,-0.688676313920455,-0.885830965909091,-1.43885387073864,0.216560784443692,0.246046695998854,0.606669668140909
"Active",0.0158610739157424,0.259996649212588,0.307579870959815,62.6269332729392,3.66115389471026,0.355538960906442,0.80242,0.12371,0.07387,0.709381972243744,0.461133231027816,-0.0543693773674242,-0.237874348958333,-1.08976976799242,0.16908735096147,0.235830544637102,0.546906555972245,0.156084192723343,-0.541973600396177,0.297079472489198,5.46635516259414,6.7831067934854,2.57376012075637,0.556640625,0.546875,0.138671875,-0.6875,-1.162109375,-2.357421875,0.0347857302095858,0.0935707917188794,0.352184788031708,-8.03948076929349e-05,8.55346438459123e-05,0.000432068511582936,0.611010002367424,0.784749348958333,1.22844164299242,52,17,33,-0.0600739760190485,-0.267981335837184,0.0278100443541441,0.0559619179748411,0.201975943392454,0.212970785763841,0.312769193660093,0.409996126260741,8.23110683410633e-19,1.40815377331267e-17,6.71296711597595e-17,-0.633130622632576,-0.924235026041667,-1.26765210700758,0.16908735096147,0.235830544637102,0.546906555972245
"Active",0.0117153268621354,0.160920119969451,0.196066100555857,35.2385740544878,0.378740058073476,0.305561131350455,0.80756,0.09845,0.09399,0.538538348685721,0.413205451202075,-0.105720288825758,-0.214510830965909,-1.04616477272727,0.162504128220402,0.173387925901309,0.431645767802723,-0.105275573945734,-0.980857809408401,0.412807791087897,8.99615781146688,8.17586696996029,3.58594937385921,0.58203125,0.3046875,0.30859375,-0.986328125,-1.07421875,-2.12890625,0.140463605635223,0.315681745666511,0.443798875644328,-0.000163333420292312,-9.40309777096962e-05,-0.00109783460932048,0.687751538825758,0.519198330965909,1.35475852272727,55,14,16,-0.107460495744179,-0.223516201703948,0.0606510399105001,0.164686850314399,0.247715058837454,0.211447342515476,0.233774481916709,0.307963354262587,-6.73496430493949e-18,-5.28610161482847e-18,-2.0250555690975e-17,-0.880607836174242,-0.859707919034091,-1.08274147727273,0.162504128220402,0.173387925901309,0.431645767802723
"Active",0.00109827795783738,0.0486578453476723,0.0519526792211844,7.77688327680701,0.631233430122459,0.0935571617379534,0.73508,0.16853,0.09639,0.23423561117209,0.293749097480963,-0.0990175189393939,-0.205758759469697,-1.07483280066288,0.10552620298326,0.0933457812920937,0.225449044289481,2.14651860146304,-1.39833705032023,1.96175830464191,16.6686058826229,15.3903171459508,14.7330867568414,0.60546875,0.18359375,0.09765625,-0.470703125,-0.8359375,-2.091796875,-0.168587326843736,0.0590961231810988,0.326729392016747,-0.000152855033131371,-9.46646997632539e-05,-0.000936201092707511,0.704486268939394,0.389352509469697,1.17248905066288,34,2,4,-0.110453979227836,-0.196848063040676,0.0623173529000852,0.0535719658877581,0.148215874833636,0.213778395426266,0.209593164453991,0.27856133366691,-4.46822713509178e-18,-8.19332403112578e-18,1.07753679322057e-16,-0.371685606060606,-0.630178740530303,-1.01696407433712,0.10552620298326,0.0933457812920937,0.225449044289481
"Active",0.00505666841096626,0.149720511423976,0.164890516656875,26.640708707269,0.378740058073476,0.200748885206469,0.75798,0.1375,0.10452,0.45926903758824,0.476199871170367,-0.0665468158143939,-0.172096946022727,-0.911931818181818,0.169018438845368,0.180495660843957,0.395466114079903,0.14195729675624,-1.510473061971,0.744179401330727,13.0169840116852,11.1706734773903,5.33436628040084,0.9921875,0.447265625,0.35546875,-0.8828125,-1.099609375,-2.25390625,0.2457583009448,0.272165368684112,0.38237090660235,-1.14764197819721e-05,0.000473737488097489,4.4472639308285e-05,1.05873431581439,0.619362571022727,1.26740056818182,59,14,16,-0.0781151821815039,-0.189093553029431,0.0270733012385168,0.0935369568854428,0.151688913497165,0.237980134896556,0.243554411223184,0.315289243652638,-5.67620520545295e-18,-4.46720042848904e-18,5.59186510818824e-17,-0.816265684185606,-0.927512428977273,-1.34197443181818,0.169018438845368,0.180495660843957,0.395466114079903
"Active",0.0155757386098704,0.282808434237443,0.329535650067054,70.0412242347939,3.66115389471026,0.352326435000096,0.78962,0.1475,0.06288,0.675875464965708,0.585568070868241,-0.107510653409091,-0.255082563920455,-1.06824100378788,0.176516464488982,0.278942529495335,0.555308467365273,0.467858856240515,-1.20329333887834,0.606099421946188,5.96894308550633,9.58553996952705,3.55192442905692,0.68359375,0.732421875,0.55859375,-0.65234375,-1.453125,-2.427734375,-0.134734530040993,0.184435830183293,0.461361879544798,4.94290463643538e-05,0.000357645340044936,0.00117790905300041,0.791104403409091,0.987504438920455,1.62683475378788,49,16,18,-0.116007942808443,-0.242629013132132,0.0480760935956754,0.0359491849184337,0.219217317101165,0.227545036641217,0.374796282294267,0.422285324687442,6.73496430493949e-18,-1.0760860567909e-17,1.07728653348615e-16,-0.544833096590909,-1.19804243607955,-1.35949337121212,0.176516464488982,0.278942529495335,0.555308467365273
"Undulating",0.0617919186881141,0.371887225908131,0.557262981972474,106.644367796881,0.252493372048984,0.701756985800943,0.85789,0.09731,0.04479,0.932400621986915,0.556541360162016,-0.0801151160037879,-0.236764618844697,-1.26123786695076,0.178259152127605,0.283751702080316,0.732994330273267,0.27491140257786,0.365220484608839,0.344449278682046,4.95601124189274,5.54839198401216,2.32501828180495,0.669921875,0.908203125,0.3203125,-0.716796875,-1.44921875,-2.7109375,-0.0488622782629691,0.1886716208426,0.456044854465521,4.10804748286333e-07,-0.00137816203739182,-0.00300233879741438,0.750036991003788,1.1449677438447,1.58155036695076,70,21,25,-0.0346349634457188,-0.189622790966449,0.0429294479466387,0.2843246365615,0.519829599345703,0.208425827396139,0.193664260087235,0.174774161103871,-9.364590923523e-18,-4.66920495257666e-18,-6.56435133523042e-18,-0.636681758996212,-1.2124541311553,-1.44969963304924,0.178259152127605,0.283751702080316,0.732994330273267
"Undulating",0.0106339320089615,0.0655391339898747,0.0974409300167591,18.7948422030849,0.378740058073476,0.291117185524633,0.84643,0.08089,0.07268,0.367667262109734,0.279277977274704,-0.0874985203598485,-0.252115885416667,-1.19131747159091,0.097809732633028,0.119091867045534,0.302275282188758,0.147241657740181,-0.633746939190335,1.5472547311632,4.82152015857562,9.92625526726616,6.47335856706332,0.236328125,0.271484375,0.119140625,-0.447265625,-1.021484375,-1.76171875,0.0996130222110259,0.193742545691954,0.602848354363949,0.000189296917290597,0.000563648317099179,0.00101983265967299,0.323826645359849,0.523600260416667,1.31045809659091,27,6,8,-0.0865095651875585,-0.211626915891278,0.101440650278943,0.302537001871335,0.51592739175164,0.216049359982882,0.196094217062383,0.197555921329973,-3.14032331661518e-18,1.88997434814249e-17,8.06904119686501e-17,-0.359767104640151,-0.769368489583333,-0.570401278409091,0.097809732633028,0.119091867045534,0.302275282188758
"Active",0.00390135329885118,0.126768995122524,0.138473055019077,26.4464210712576,3.66115389471026,0.176330948966911,0.71823,0.2079,0.07387,0.426889018469496,0.44972839589717,-0.0647120620265152,-0.237400864109848,-1.07469223484848,0.126593258224642,0.218496076329239,0.359209009100634,-0.968173913383587,-0.357788792908857,0.843250188183085,7.37226193125994,12.3653173183458,6.16745449472643,0.390625,0.86328125,0.263671875,-0.662109375,-1.298828125,-2.33203125,0.147038958866727,0.312458883216855,0.332538636455952,-0.000127310620666997,5.20288990504099e-06,-0.000420022060406055,0.455337062026515,1.10068211410985,1.33836410984848,28,8,22,-0.058622140512309,-0.225387881741988,0.0589049301617809,0.0502050934255648,0.169941048552491,0.217644013814295,0.32523737107209,0.389480359923038,-2.0986267974828e-18,-2.22582451595789e-18,1.33829665606275e-17,-0.597397312973485,-1.06142726089015,-1.25733901515152,0.126593258224642,0.218496076329239,0.359209009100634
"Active",0.00674408648353322,0.0920623430229982,0.112294602473598,19.3168400390313,0.378740058073476,0.231836851279491,0.81689,0.11686,0.06625,0.402162494081439,0.313445189427752,-0.0531412760416667,-0.256014737215909,-1.10844282670455,0.101066117924848,0.146872817982903,0.325083343263641,-0.261325996883718,1.1453125839237,0.705132678467963,6.47049898989594,15.1560453893228,6.15942023596684,0.322265625,0.783203125,0.078125,-0.466796875,-0.857421875,-2.29296875,-0.0481079583057294,0.182471004746075,0.500123088907724,2.84920161466521e-05,-9.77301311640328e-05,-0.000381210246838496,0.375406901041667,1.03921786221591,1.18656782670455,16,6,4,-0.0295920694217242,-0.236478164066547,0.118998904280347,0.237035976163226,0.303001798613359,0.199860435959006,0.209253950772388,0.268135098835824,-3.61161373185073e-18,2.60997545420721e-17,-4.03691795834989e-17,-0.413655598958333,-0.601407137784091,-1.18452592329545,0.101066117924848,0.146872817982903,0.325083343263641
"Active",0.00434305674501787,0.12148710101507,0.134516271250123,24.8817923321853,3.66115389471026,0.186045279918602,0.77279,0.15446,0.07275,0.436584584750201,0.423958479275606,-0.0704308712121212,-0.23898407907197,-1.06700550426136,0.16065047187989,0.16100958120065,0.349760382084938,-1.74587002312165,-1.17808492708353,0.623921930527287,16.767336160188,10.3245113360289,4.73308288922057,0.607421875,0.349609375,0,-1.23046875,-1.076171875,-2.13671875,0.505108450281413,0.389315287040377,0.46577221261928,0.000287154429771928,0.000163815558578286,-0.000204521532334067,0.677852746212121,0.58859345407197,1.06700550426136,34,6,16,-0.0586442103477814,-0.227067757601378,0.0526449228359147,0.0520237712165355,0.195484594876219,0.247770098186689,0.278881345632648,0.392753113084015,2.91582108409519e-18,1.66121128322116e-18,-1.00971768857707e-16,-1.16003787878788,-0.83718779592803,-1.06971324573864,0.16065047187989,0.16100958120065,0.349760382084938
"Active",0.0041751700900531,0.0607613657528279,0.0732868760229872,12.654115039066,0.378740058073476,0.18241392604367,0.77893,0.14259,0.07849,0.34425436673195,0.269593081317598,-0.0982037168560606,-0.222611860795455,-1.03008848248106,0.11907634296593,0.104902544606156,0.262494417831236,-1.33559096631814,-1.07229792796882,0.749102843736382,14.2556341887925,15.0653838491626,5.33590229243575,0.341796875,0.271484375,-0.0390625,-0.87109375,-0.966796875,-1.861328125,0.292386030378664,0.26331410857369,0.496279484220237,0.000166514131785246,-0.00014018441349973,-0.000882367200390988,0.440000591856061,0.494096235795455,0.991025982481061,41,6,6,-0.0957313873959333,-0.216374725060642,0.0346460537688071,0.11317919545054,0.31932367356897,0.236454917386389,0.248800652588208,0.258701466183528,1.25217137269254e-18,1.34661297954489e-17,-5.38663672536804e-17,-0.772890033143939,-0.744185014204545,-0.831239642518939,0.11907634296593,0.104902544606156,0.262494417831236
"Undulating",0.0487377504585839,0.342332141343125,0.488545392718877,93.8259479597197,0.378740058073476,0.623237596859836,0.81947,0.11971,0.06081,0.893956600360853,0.576985866658639,-0.0733679569128788,-0.283802379261364,-1.12272135416667,0.195237290403813,0.307121331304539,0.680976737411162,0.0891984218055028,0.452942971777724,0.903082346986867,5.22245849199359,7.31771480350377,3.13249903738015,0.513671875,1.1328125,1.09765625,-0.822265625,-1.369140625,-2.462890625,0.112549462680047,0.211883181629034,0.453754387826683,-2.18223303729236e-05,-0.000311404648052553,-0.00236418068948144,0.587039831912879,1.41661487926136,2.22037760416667,54,19,25,-0.0893592533433601,-0.245230804753693,0.0445360883884823,0.105546333707241,0.3436310724316,0.214082229108251,0.241415969283248,0.289248967224732,-3.36157858950403e-18,1.17975775600182e-17,7.54857281874183e-17,-0.748897668087121,-1.08533824573864,-1.34016927083333,0.195237290403813,0.307121331304539,0.680976737411162
"Active",0.0294302787927276,0.175163088937903,0.263453925316086,53.2451841531668,0.378740058073476,0.484304040569288,0.83146,0.10892,0.05962,0.661802013386708,0.431352225945684,-0.0655850497159091,-0.270419034090909,-1.10939719460227,0.157132832696599,0.216091042625864,0.495450589505979,0.405090878204389,-0.37863290888919,0.662011225944604,7.79142859089825,6.46515503124009,3.11689490523025,0.724609375,0.486328125,0.419921875,-0.6796875,-1.228515625,-2.275390625,-0.146085497948824,0.126300783552587,0.57831457108665,-9.33099994537888e-05,0.000447879080685976,0.000634543026148022,0.790194424715909,0.756747159090909,1.52931906960227,44,18,14,-0.040364006471045,-0.237862240367557,0.0424391870110577,0.153220193325781,0.342287585078975,0.229654597959327,0.301989558723184,0.288140219088596,-5.1378451813939e-18,2.85737581073464e-17,-2.02376191877806e-17,-0.614102450284091,-0.958096590909091,-1.16599343039773,0.157132832696599,0.216091042625864,0.495450589505979
"Undulating",0.195272808442956,1.00610161301909,1.59192003834795,328.457141946266,0.252493372048984,1.24750355098174,0.88527,0.06159,0.05314,1.5088947110487,0.968245430303457,-0.0919152462121212,-0.402040423768939,-1.61641808712121,0.331137643467346,0.439841130208512,1.22275140672043,0.216073449759784,0.472313335233565,0.147731648405943,7.018426544548,5.48984461499475,2.37370077657965,1.22265625,1.34375,1.15234375,-1.4375,-2.07421875,-4,0.230325813453644,0.25171371081135,0.654414836019094,0.000437697491994339,0.00109512584560814,0.00508755631273275,1.31457149621212,1.74579042376894,2.76876183712121,60,30,22,-0.103679532622671,-0.190346056303728,0.0979646751742502,0.258685299115206,0.641467272061403,0.197997275566415,0.202166479820053,0.154635742036518,-8.21878635487354e-19,9.56557515792415e-18,6.58570683256725e-18,-1.34558475378788,-1.67217832623106,-2.38358191287879,0.331137643467346,0.439841130208512,1.22275140672043
"Undulating",0.016717419601796,0.178403409516958,0.228555668322346,41.1045249391133,0.378740058073476,0.365010641408694,0.84047,0.08797,0.07156,0.578620847591684,0.420981444195512,-0.0866329308712121,-0.237141927083333,-1.05265299479167,0.146262284621857,0.179869198523311,0.467110812209333,-0.118878927060678,-0.579861290431415,0.409275836968833,4.6892469427865,8.06473646421021,3.66013811829657,0.33203125,0.41015625,0.435546875,-0.705078125,-1.224609375,-2.283203125,0.179970378145179,0.183874310158434,0.513026007715504,6.82483621819746e-05,0.000319376807795655,0.000563499917864527,0.418664180871212,0.647298177083333,1.48819986979167,63,14,14,-0.111980296253845,-0.23235074146669,0.0451993761693298,0.158892379911347,0.320406803450202,0.232805347905716,0.220367286866985,0.272504109704039,8.94307652777118e-18,1.24895713933436e-17,7.40902799083145e-17,-0.618445194128788,-0.987467447916667,-1.23055013020833,0.146262284621857,0.179869198523311,0.467110812209333
"Active",0.00369081113236636,0.139630008091148,0.150702441488248,22.4703554786685,0.504986744097967,0.17150698614734,0.81579,0.11604,0.06817,0.418309459563677,0.404255041231671,-0.090576171875,-0.187618371212121,-1.05840879498106,0.127345706515603,0.147708762812175,0.383009372794594,-0.161426910448424,-0.63496467578521,1.14488323374039,6.55615119216126,15.5097007063511,5.52135305555922,0.392578125,0.470703125,0.203125,-0.72265625,-1.23828125,-2.3046875,0.278530221520348,0.346723764798502,0.263260780605654,-8.25239864115732e-06,-3.60374484768046e-05,-0.000333273472606292,0.483154296875,0.658321496212121,1.26153379498106,72,10,14,-0.0872076974029569,-0.204838818261778,0.0286717559231896,0.0737147836250222,0.237380373999773,0.222971809521256,0.216641842514246,0.261059396967528,0,2.95609365058737e-18,-5.38700633974502e-17,-0.632080078125,-1.05066287878788,-1.24627870501894,0.127345706515603,0.147708762812175,0.383009372794594
"Active",0.00310641272084966,0.10731185450325,0.116631092665799,19.9138357892844,3.66115389471026,0.157344107128242,0.78916,0.11975,0.09109,0.366263229328082,0.413384405283885,-0.10302734375,-0.231948390151515,-1.11936996922348,0.132551420822239,0.148137333229988,0.329054304060515,-0.0617751569091998,-2.32305623191969,0.953900785282233,6.91383074282462,16.7602209775515,7.93501777732887,0.455078125,0.33203125,0.14453125,-0.607421875,-1.14453125,-2.322265625,0.0325742415995209,0.189757261659671,0.551486581498237,9.32953506022995e-05,-0.00025297420090133,0.000564966076826629,0.55810546875,0.563979640151515,1.26390121922348,48,2,8,-0.060349306288947,-0.205721152136397,0.0471753614089573,0.0496134822588624,0.101731511134114,0.233665807542927,0.261875841804257,0.401944306029047,0,-1.34682345439845e-17,1.34224450337317e-17,-0.50439453125,-0.912582859848485,-1.20289565577652,0.132551420822239,0.148137333229988,0.329054304060515
"Walking",0.00582194259685459,0.411514646620021,0.428980474410585,26.283363826027,1.26246686024492,0.21540454561569,0.52696,0.31931,0.15373,1.03058130353607,0.865417969833901,0.00241921164772727,-0.397631096117424,-0.803215258049242,0.648977696751501,0.495536667012311,0.383843315215461,0.211450449610259,-1.05375179064745,0.694675711044186,11.3764281518691,10.0371651180258,7.90522632446105,3.998046875,1.65625,0.763671875,-3.3203125,-3.48046875,-2.408203125,0.0193796943151777,-0.188230010419315,0.216334864226738,0.00105372819129943,0.00183308275729803,-0.000178859292151191,3.99562766335227,2.05388109611742,1.56688713304924,65,30,40,-0.0268562816845049,-0.338979547733774,0.0307344501691044,0.183259113741807,0.0438702288107892,0.229712139261193,0.19663373856607,0.245654122275177,-7.30979166414434e-18,2.47920896775019e-17,6.70891162489515e-18,-3.32273171164773,-3.08283765388258,-1.60498786695076,0.648977696751501,0.495536667012311,0.383843315215461
"Walking",0.00785987074071729,0.0694731261716343,0.0930527383937862,15.3193888306206,1.00997348819593,0.250281417657214,0.66561,0.26408,0.07032,0.487781086791208,0.221550396430141,-0.0569069602272727,-0.453916607481061,-0.840827710700758,0.304972402012258,0.187778575678772,0.107390612093611,-0.361064243574493,-0.687459236970857,0.28319040198398,3.91241269414433,3.39491855237484,4.93894940675341,0.783203125,0.0234375,-0.4140625,-1.52734375,-1.046875,-1.255859375,0.0255085073035442,0.0290452065652344,-0.324228884468154,-7.82477955898752e-05,8.1764156853889e-05,-0.000104762853692062,0.840110085227273,0.477354107481061,0.426765210700758,32,4,14,-0.059952361055416,-0.465006688279144,0.0212256544523713,0.102712363687758,0.0831299167728999,0.45810979824421,0.395911815750529,0.292229791198696,-5.80738622470082e-18,1.03225081838724e-18,-6.7351183109299e-18,-1.47043678977273,-0.592958392518939,-0.415031664299242,0.304972402012258,0.187778575678772,0.107390612093611
"Walking",0.00196318812429942,0.045469599614777,0.0513591639876753,8.46379509497083,1.00997348819593,0.125084029536844,0.4988,0.41197,0.08922,0.38804482143882,0.263925346253487,-0.0291267163825758,-0.557883522727273,-0.790941642992424,0.225456445764308,0.19479877970653,0.11911071024909,0.323492293080651,0.339336004902259,-0.525140646387337,5.83293714415543,3.48711941039219,6.5738832122727,1.052734375,-0.0390625,-0.28515625,-0.72265625,-1.220703125,-1.265625,0.000533909667491635,-0.140374611780498,-0.499010657471281,0.00012405984944955,-0.00102433813686582,0.00051582045389326,1.08186109138258,0.518821022727273,0.505785392992424,13,2,14,-0.038775063862464,-0.594577832388363,-0.0320718807243105,0.316278833746295,0.21378171255344,0.403398250856715,0.263762340557093,0.263180683191309,-4.03141801941737e-18,-2.02319209661354e-17,-4.3700823258617e-17,-0.693529533617424,-0.662819602272727,-0.474683357007576,0.225456445764308,0.19479877970653,0.11911071024909
"Walking",0.00544909949825992,0.0463760885819,0.0627233870766797,12.042898518352,0.883726802171443,0.20839307032351,0.62258,0.32952,0.0479,0.430068675479941,0.167275579430024,-0.0269738399621212,-0.455152107007576,-0.844793146306818,0.250204388004499,0.178948011799803,0.0782470393409239,-0.184212162787824,-0.448791265725018,0.46933110667171,2.05605856222052,2.59730547571003,3.51675094204369,0.50390625,-0.08984375,-0.59765625,-0.7890625,-1.01171875,-1.046875,0.0430523994234278,0.0147601165914971,-0.422754463360756,-0.000630114614652153,0.000571349791543021,-0.000247618453415531,0.530880089962121,0.365308357007576,0.247136896306818,12,0,13,-0.0284072463060879,-0.470392792473235,0.0627158865037516,0.107231703873846,0.0904836384856703,0.514087184111692,0.382636971609943,0.287281677112796,3.0308378912663e-18,-1.22432773131806e-17,5.04848320545857e-17,-0.762088660037879,-0.556566642992424,-0.202081853693182,0.250204388004499,0.178948011799803,0.0782470393409239
"Walking",0.00405116836637745,0.0767044209463423,0.0888579260454747,8.93326732766179,1.00997348819593,0.179684680073874,0.62145,0.25959,0.11896,0.377663408319703,0.402455459352087,-0.0917302911931818,-0.502041903409091,-0.820896957859849,0.296628184265505,0.194812418792264,0.130556115757697,-1.83568650510883,0.164767532230561,-1.46716119052619,15.9259193462524,6.22858145771951,14.7780541762231,1.11328125,0.12890625,-0.2890625,-2.091796875,-1.349609375,-1.70703125,0.113322239732823,-0.0369429437259466,0.00975606558335491,-0.000112623554782526,0.00105324350538711,-0.000271461688387389,1.20501154119318,0.630948153409091,0.531834457859849,16,12,6,-0.101759779015923,-0.523620932903343,-0.0126707431660015,0.238107274357329,0.0740316376901833,0.331760706450158,0.209611270061232,0.236578839715909,7.57540066227123e-18,3.02182340729431e-17,2.35267764602944e-17,-2.00006658380682,-0.847567471590909,-0.886134292140151,0.296628184265505,0.194812418792264,0.130556115757697
"Walking",0.00365588177488184,0.0181133224728418,0.0290809677974874,9.21579186538068,0.252493372048984,0.17069349695535,0.54721,0.41737,0.03542,0.287368480167441,0.178826332668135,-0.102857185132576,-0.382094874526515,-0.88449189157197,0.152964535414448,0.160336072734596,0.0635453118753132,-0.012274671332655,0.632606823531264,-0.0760244549334101,2.85601515364125,2.70234063268973,3.44176730080198,0.357421875,0.037109375,-0.724609375,-0.48046875,-0.775390625,-1.083984375,0.0868859111486998,-0.272461910979182,-0.670914668185062,0.000183194078378846,0.00108429079075876,-0.000351487727166747,0.460279060132576,0.419204249526515,0.15988251657197,8,0,0,-0.11645619560901,-0.39906701387957,0.408091906988553,0.559932999637595,0.426709065959231,0.372054359582559,0.195969394195404,0.184882136497545,-3.54480721659418e-18,-1.33009840383993e-17,2.69318489082566e-17,-0.377611564867424,-0.393295750473485,-0.19949248342803,0.152964535414448,0.160336072734596,0.0635453118753132
"Walking",0.00301700413566727,0.0381743766343417,0.0472253890413435,9.27689677609371,0.757480116146951,0.155063241026333,0.53994,0.40778,0.05228,0.357464022325528,0.247633898894517,0.00745738636363636,-0.395803740530303,-0.875140565814394,0.217248082687185,0.182631014621556,0.0831452067063007,-1.13626701559304,-0.551641123685848,0.869434828571271,5.3777279941187,4.17551029416544,5.19772066586117,0.458984375,0.064453125,-0.537109375,-1.140625,-1.087890625,-1.080078125,0.00555404746860087,-0.0451084345082938,-0.539020435958736,7.66402433655734e-05,-0.000260712615927189,-8.23908729349976e-05,0.451526988636364,0.460256865530303,0.338031190814394,12,2,8,0.010406342802199,-0.409987111570335,0.0682272369434095,0.264568741190388,0.221655370626842,0.471657432992214,0.334822523847995,0.260381144404173,4.0692288964066e-18,7.76066986873431e-18,-1.68164531138204e-17,-1.14808238636364,-0.692086884469697,-0.204937559185606,0.217248082687185,0.182631014621556,0.0831452067063007
"Walking",0.00353402871625639,0.0429388670337228,0.053540953182492,9.53645341738318,0.883726802171443,0.167824723896006,0.59799,0.29764,0.10437,0.312299127640037,0.316804791532628,-0.04541015625,-0.356970584753788,-0.894753196022727,0.211537817555643,0.185580716646573,0.101716806965627,-0.949041550744962,-1.64949113624655,2.46221796022176,6.43634290435483,9.59695204076462,15.916001860113,0.515625,0.017578125,-0.234375,-1.037109375,-1.494140625,-1.283203125,0.308164756897618,-0.178423519244839,-0.255085363762429,0.000192355979625511,0.000418573097921789,-0.000473673797438842,0.56103515625,0.374548709753788,0.660378196022727,12,2,6,-0.0512001293037715,-0.365402144210363,-0.0138569859981022,0.148272197301803,0.186549016012321,0.497233040989945,0.290604179495733,0.20926633233069,0,2.04041509987438e-17,2.01480390366922e-17,-0.99169921875,-1.13717004024621,-0.388449928977273,0.211537817555643,0.185580716646573,0.101716806965627
"Walking",0.00310697339319158,0.0316814337190912,0.0410023538986659,11.6610847038248,0.252493372048984,0.157358305902955,0.6106,0.34794,0.04145,0.321450701977158,0.218920249696595,-0.00532670454545455,-0.426535866477273,-0.863961884469697,0.177044401213842,0.173274758188371,0.0760372193698213,-1.02454296557225,0.723017314997698,-0.127847030285285,4.49666639798907,2.8833975388798,4.32337062322032,0.482421875,0.15625,-0.568359375,-0.603515625,-0.830078125,-1.134765625,-0.295426551756142,0.0474271588305104,-0.662514485822669,0.000382599977010219,-0.000912275696785995,0.000173949379275936,0.487748579545455,0.582785866477273,0.295602509469697,5,0,4,-0.00304721917688118,-0.450276907670637,0.188989618225102,0.564160954493559,0.376805138971653,0.418632715053133,0.167225494219058,0.186680699200041,-6.536014232995e-19,-2.02255313217625e-17,4.71027450006921e-17,-0.598188920454545,-0.403542258522727,-0.270803740530303,0.177044401213842,0.173274758188371,0.0760372193698213
"Walking",0.00682184761685944,0.0335932287506423,0.0540587716012207,14.1865041891735,0.252493372048984,0.233169591241695,0.6531,0.29458,0.05232,0.371393881553461,0.192951465228119,-0.011474609375,-0.348455255681818,-0.889559659090909,0.218771710165447,0.16399511069325,0.0895377366054726,-1.23891610494204,-0.204892893936665,1.36522745117716,3.28714571333523,3.43730585601606,5.32121242686937,0.35546875,0.103515625,-0.54296875,-0.68359375,-0.892578125,-1.048828125,0.270561768708645,-0.398893772602211,-0.583469528396878,0.00150388102849917,0.000909643998770616,-0.000523500273513164,0.366943359375,0.451970880681818,0.346590909090909,12,0,2,-0.0163943107398755,-0.361448799734692,0.515154287580241,0.459941030759045,0.38303865376582,0.295513207155755,0.211440913851614,0.20710372171258,0,-5.30191289651055e-18,-3.02301246187859e-17,-0.672119140625,-0.544122869318182,-0.159268465909091,0.218771710165447,0.16399511069325,0.0895377366054726
"Walking",0.0014547335162262,0.022497827506189,0.0268620280548675,4.89925980333971,0.504986744097967,0.107674441238321,0.62593,0.31022,0.06385,0.220732157333276,0.194194118450402,-0.00825639204545455,-0.333081794507576,-0.914706143465909,0.162424971544869,0.116955793513391,0.0534318708847968,-1.91060809667713,0.53133181913141,-0.526635009077027,9.64203196638045,4.72123856075846,11.9262816430026,0.443359375,0.123046875,-0.634765625,-1.00390625,-0.83203125,-1.255859375,-0.132442482179416,-0.0250438624387569,-0.171930398431735,0.000270106988077924,-0.00105534402330935,0.000239583239920369,0.451615767045455,0.456128669507576,0.279940518465909,8,0,0,-0.00726610024009398,-0.343231003590732,0.21414071355747,0.551804247146821,0.214146121608569,0.345452434080986,0.144147154587695,0.189709780403595,-1.78313269229564e-19,-1.16444956055508e-17,-3.02640123535924e-17,-0.995649857954545,-0.498949455492424,-0.341153231534091,0.162424971544869,0.116955793513391,0.0534318708847968
"Walking",0.0038606838030446,0.0161977880749173,0.027779839484051,7.95347366060592,0.252493372048984,0.175409463844123,0.74537,0.22006,0.03457,0.253208072826991,0.146554537156411,0.0585271661931818,-0.57272431344697,-0.783913352272727,0.117978131712814,0.130591888902856,0.0793514023695432,-1.87848348418755,0.872153217499357,-0.566889516155186,7.34416565408355,2.78968340885469,2.44080022476892,0.36328125,-0.1875,-0.578125,-0.369140625,-0.849609375,-1.033203125,-0.517110849785434,0.429392870406353,-0.855396582150461,0.000585436254516432,-0.000677468619357719,0.000411069701426343,0.304754083806818,0.38522431344697,0.205788352272727,2,0,5,0.0813372891539673,-0.623099126612988,0.47962106460168,0.66117492161728,0.695762067590485,0.307412916578147,0.147420396409372,0.112935257405019,-6.17833532026807e-19,2.69370851119306e-17,2.01211393237006e-17,-0.427667791193182,-0.27688506155303,-0.249289772727273,0.117978131712814,0.130591888902856,0.0793514023695432
"Walking",0.00288170074424924,0.0612855198224649,0.0699306220552127,11.1678660938357,1.13622017422043,0.15154630212914,0.58153,0.33627,0.0822,0.436800926075385,0.253759973561893,-0.0117335464015152,-0.461721709280303,-0.841375177556818,0.261936294995331,0.186595031061993,0.129706411896436,-0.365984635492493,-0.201415859586631,1.3640910959473,6.50082040793511,2.98333958315383,7.85553184341431,1.140625,-0.021484375,-0.18359375,-1.365234375,-0.978515625,-1.193359375,0.0571282648159197,-0.184830005814569,-0.527470382079018,0.000412040347064156,-6.7551586376354e-05,-0.000143665107994901,1.15235854640152,0.440237334280303,0.657781427556818,16,2,17,-0.0165459590933642,-0.485143261940906,0.00615764345775857,0.0811038636545721,0.0343691202132082,0.403030909427821,0.379053235970589,0.310303498572914,-8.06863051422392e-18,8.17628070152042e-18,5.04586831207974e-17,-1.35350082859848,-0.516793915719697,-0.351984197443182,0.261936294995331,0.186595031061993,0.129706411896436
"Walking",0.00158540773217791,0.00654685847925597,0.0113030816757897,2.56468483067749,0.378740058073476,0.112406490910767,0.54445,0.33794,0.1176,0.183972179178145,0.118929180134748,-0.0280465790719697,-0.637687914299242,-0.750162760416667,0.082443684268278,0.0894972729019891,0.0771603202808919,-0.72488179948765,0.964005160877462,-1.02078721097131,7.42406916910954,3.14633407979294,3.74848084992241,0.24609375,-0.384765625,-0.537109375,-0.361328125,-0.83203125,-1.009765625,-0.0241519722636011,-0.217183406050484,-0.590531541475196,0.000198469645949233,-0.000345175982894623,0.000211198224080244,0.27414032907197,0.252922289299242,0.213053385416667,0,0,13,-0.0392282347740565,-0.701316226445091,0.0384846969926325,0.553493324322105,0.424439212890197,0.372667966102308,0.202946867790904,0.175408887421482,1.14618958362548e-19,6.7096816548472e-18,-3.69943949803172e-17,-0.33328154592803,-0.194343335700758,-0.259602864583333,0.082443684268278,0.0894972729019891,0.0771603202808919
"Active",0.0864318621318381,0.449057149212184,0.708352735607699,142.929408531849,3.66115389471026,0.82996129410797,0.80181,0.10314,0.09506,1.18892420969281,0.548131612195999,-0.108161695075758,-0.260601621685606,-1.12778912168561,0.305630662857269,0.329844742170369,0.825371758043148,-0.213275986331902,-0.0550186012065213,0.567448172976528,4.11229601927215,3.64592548382122,2.09961743411596,0.7890625,0.83203125,0.755859375,-1.15625,-1.234375,-2.462890625,0.150983059524811,0.252379500075475,0.401534859685773,-0.000242849933802477,-0.00016218507771687,-0.00057630810931885,0.897224195075758,1.09263287168561,1.88364849668561,96,40,43,-0.0887603661308896,-0.216265431822684,0.0422204080376879,0.0342890937173057,0.048094493731982,0.231998724940991,0.335307891861575,0.527360800872383,-6.7351953139251e-18,1.59686693873629e-17,-9.41843141777029e-17,-1.04808830492424,-0.973773378314394,-1.33510150331439,0.305630662857269,0.329844742170369,0.825371758043148
"Walking",0.00299297879953023,0.301818177841135,0.310797114239726,27.483383076368,2.27244034844085,0.154444598704466,0.51987,0.38457,0.09556,0.661525813891758,1.01066550693392,-0.141867897727273,-0.474039713541667,-0.828568892045455,0.541595775406526,0.337700524886393,0.436429570110243,-0.133834723749132,-0.681171066257493,-0.934940779336717,22.3855830840524,12.3538333956723,14.1092563067422,3.51171875,0.751953125,0.861328125,-4,-2.4765625,-3.419921875,0.303456174818856,-0.0342050767823028,0.505504665722181,-0.000383318407639781,-0.000395231745340085,8.96802688173792e-05,3.65358664772727,1.22599283854167,1.68989701704545,42,20,18,-0.18788840154487,-0.454673689995881,0.0206719870283552,0.118963608569253,0.0331526955845188,0.250655759767508,0.2406124566635,0.389165121002546,4.45144689905337e-18,2.27507916099491e-17,4.03918184640891e-17,-3.85813210227273,-2.00252278645833,-2.59135298295455,0.541595775406526,0.337700524886393,0.436429570110243
"Walking",0.00665014244605826,0.604476883921419,0.624427311259594,51.8693123590557,1.76745360434289,0.23021646357375,0.50797,0.37931,0.11272,1.17779479363952,1.26485935237383,-0.138205788352273,-0.307861328125,-0.895788944128788,0.78607308791802,0.469853705768311,0.624969394996853,0.184589235160718,-1.18454977392994,-0.7387631980781,10.9225693204641,9.22830466300593,6.61596708061358,3.603515625,1.0625,1.103515625,-4,-3.080078125,-3.521484375,0.133325061211334,-0.0146066424649091,0.472228265954773,-3.2389884455974e-05,-3.00562587230738e-05,0.00011301652614639,3.74172141335227,1.370361328125,1.99930456912879,74,36,44,-0.172891007675863,-0.247938178574524,0.0207600434997433,0.106999535281085,0.0181203617144258,0.230676904434986,0.212560137857151,0.311670935178702,1.65669377416914e-18,0,-3.02588531529137e-17,-3.86179421164773,-2.772216796875,-2.62569543087121,0.78607308791802,0.469853705768311,0.624969394996853
"Walking",0.00617185878100931,0.246621270035957,0.265136846378985,39.5187514320687,1.89370029036738,0.221783327201139,0.49367,0.38431,0.12202,0.847729895725723,0.692495730274449,-0.0717107599431818,-0.354299834280303,-0.864753491950758,0.50214008769262,0.294585640373795,0.445135910424425,-0.599030480558493,-0.576905120015085,0.567697674952375,7.18705724940004,4.7764769730857,5.16683444332866,1.904296875,0.3828125,0.607421875,-2.419921875,-1.556640625,-2.56640625,0.149566576763377,0.0749255980757614,0.391986008966804,0.000168508286307548,-0.000286414344318427,2.29420121519735e-05,1.97600763494318,0.737112334280303,1.47217536695076,47,26,30,-0.0796204118765648,-0.332919819077467,0.0282776509550855,0.210596693077413,0.018492139242699,0.313355939362838,0.235398384207385,0.396431660489618,1.68010011794493e-17,3.80379395713345e-18,-6.73514397859497e-18,-2.34821111505682,-1.2023407907197,-1.70165275804924,0.50214008769262,0.294585640373795,0.445135910424425
"Active",0.066981532068281,0.38050991173153,0.581454507936373,121.693106799838,3.53490720868577,0.73063158510308,0.70329,0.16802,0.12869,1.1816212327465,0.630562802918781,-0.126228101325758,-0.306884765625,-1.03963955965909,0.359680875447315,0.409401728160799,0.727863268768535,-0.300814377863595,-0.172784776036554,0.520079153194266,4.31527159798193,3.68468488707615,2.25211510313784,0.953125,0.923828125,0.9609375,-1.37109375,-1.587890625,-2.4140625,0.250535102663489,0.314144253532036,0.389589388214479,0.000108298322153669,-0.000126241891414866,0.000785397535691227,1.07935310132576,1.230712890625,2.00057705965909,96,38,40,-0.0921656380257824,-0.247110986288571,0.0370316046376002,0.0214888504649802,0.110604654311035,0.224501683997951,0.374271993388556,0.463643986771637,-6.7351953139251e-18,0,-8.08030416829699e-17,-1.24486564867424,-1.281005859375,-1.37442294034091,0.359680875447315,0.409401728160799,0.727863268768535
"Active",0.0155174266272786,0.400149774773118,0.446702054654954,76.2561308324459,0.378740058073476,0.35166630200933,0.76402,0.12421,0.11178,0.91149963995423,0.585979335995593,-0.14401337594697,-0.277358546401515,-1.05411783854167,0.286227734395231,0.29205358450256,0.646105785366721,0.656831213101106,0.254829851175152,0.852141783275962,5.65571416616234,5.20755419871757,2.80880804408025,1.138671875,0.810546875,0.6796875,-1.205078125,-1.236328125,-2.134765625,0.216318128340947,0.354857486468794,0.403006623272591,0.000384820233370725,0.000604667648895512,0.00168499942831265,1.28268525094697,1.08790542140152,1.73380533854167,70,24,25,-0.135980955754063,-0.241665001741363,0.0462445795454432,0.0668080017429958,0.238993243542189,0.226141435188272,0.286492218614945,0.310979184329897,7.09002511582945e-18,-1.34702879571899e-17,7.3927392905791e-17,-1.06106474905303,-0.958969578598485,-1.08064778645833,0.286227734395231,0.29205358450256,0.646105785366721
"Active",0.0133502724394214,0.203534925719563,0.243585743037827,43.1920262055165,3.28241383663679,0.326186489304946,0.71939,0.17488,0.10573,0.636496635836346,0.540453660185985,-0.111986564867424,-0.267430160984849,-1.10756983901515,0.246739376871266,0.231007488593322,0.473663140585103,-0.0815658951621126,-1.82668747599483,0.504557502260107,7.07804434391437,7.72223492147376,4.44934753886969,0.98828125,0.29296875,0.322265625,-1.322265625,-1.236328125,-2.66796875,0.318373018210185,0.265175734474548,0.440785901541017,3.44228902800515e-05,9.4849402673337e-05,-0.000895541613132544,1.10026781486742,0.560398910984849,1.42983546401515,83,17,20,-0.0935897242846649,-0.249293962505528,0.03412805766865,0.104065995100656,0.0954862020798,0.2192409208212,0.264764635434428,0.429526377375365,2.2192776571364e-18,2.35372488676422e-17,8.74138001566438e-17,-1.21027906013258,-0.968897964015151,-1.56039891098485,0.246739376871266,0.231007488593322,0.473663140585103
"Active",0.0180305225510654,0.330881887677851,0.384973455331047,73.1425630511759,3.53490720868577,0.379074927866878,0.80856,0.10145,0.08999,0.842851566983758,0.479495110542492,-0.114028468276515,-0.314201586174242,-1.06481563683712,0.232629512321394,0.253358155652519,0.598174677971807,0.0206014874092896,-0.69245583122458,0.586251657959741,3.86253814167258,4.65322702998041,2.30489579246128,0.578125,0.357421875,0.310546875,-0.98046875,-1.283203125,-2.154296875,0.187953393629635,0.304977462021839,0.541040527878499,-8.16444184156292e-05,0.000556988821830834,0.00156552721700559,0.692153468276515,0.671623461174242,1.37536251183712,68,18,30,-0.133675918465796,-0.307564220500551,0.0531197116621277,0.0837444966289442,0.250486925825248,0.216613616198336,0.280695761423828,0.347713374462198,-6.23988237052922e-18,6.64648786344902e-18,-1.07750419528593e-16,-0.866440281723485,-0.969001538825758,-1.08948123816288,0.232629512321394,0.253358155652519,0.598174677971807
"Active",0.00699331171829305,0.129037382005099,0.150017317159978,25.7246427086887,0.504986744097967,0.236081712992401,0.78094,0.13335,0.08571,0.454597466138659,0.421626944120866,-0.11373993844697,-0.263923413825758,-1.04529918323864,0.164487259620717,0.154248860587938,0.375832819081412,0.0362818368560533,-0.467417611999785,1.0809157319915,8.03277392825331,8.15737359869373,5.80004867124681,0.5703125,0.33203125,0.2890625,-0.859375,-0.96875,-2.21484375,0.132355622054663,0.208721068667126,0.521387814189931,0.000460024889290349,0.000190503855271997,0.00100854985949331,0.68405243844697,0.595954663825758,1.33436168323864,36,10,12,-0.139387969072703,-0.25162728791802,0.0722401282322236,0.0726179400523017,0.212413157301758,0.231532293847975,0.25131016420321,0.289027221400778,2.00520933046668e-18,-6.7351953139251e-18,1.0104066087075e-16,-0.74563506155303,-0.704826586174242,-1.16954456676136,0.164487259620717,0.154248860587938,0.375832819081412
"Active",0.0146898519329756,0.139856088675792,0.183925644474719,36.5441158645827,0.378740058073476,0.342160296404379,0.79283,0.11782,0.08935,0.529873037907484,0.402714075227881,-0.115478515625,-0.282899798768939,-1.02320075757576,0.165289132702452,0.182376323505785,0.414010129167003,-1.44796874406562,-0.418320410746657,1.01272476394476,16.3526363915713,9.39645060146828,3.53132899424877,0.4921875,0.458984375,0.169921875,-1.349609375,-1.20703125,-1.96875,0.284801455833566,0.419234182677642,0.416678107055071,-0.000226541940655388,0.000252448752967476,-0.000506008271021789,0.607666015625,0.741884173768939,1.19312263257576,38,12,20,-0.0869029487174663,-0.300197520337834,0.0591870272095431,0.141725024534252,0.352353126220861,0.257012302492987,0.265495097407187,0.270042983021872,0,2.32651716179181e-19,-6.60459823405753e-18,-1.234130859375,-0.924131451231061,-0.945549242424242,0.165289132702452,0.182376323505785,0.414010129167003
"Undulating",0.119878504679413,0.287410616744469,0.647046130782709,153.405278839067,0.378740058073476,0.97744327481206,0.96063,0.02161,0.01776,0.978418327450643,0.495605864493188,-0.144183534564394,-0.303185665246212,-1.08436168323864,0.144545631908267,0.237683194375071,0.772123734748667,0.0172965249840659,-0.0209911143564121,0.113571921212142,3.52669969694984,2.19950661642274,1.81814201765843,0.3515625,0.212890625,0.322265625,-0.591796875,-0.9375,-2.431640625,0.579732113472319,0.635689992841739,0.853859018423353,0.000231150596715233,0.000387545556654318,0.0026061778053646,0.495746034564394,0.516076290246212,1.40662730823864,42,14,16,-0.223962938587914,-0.218264448544405,0.267978567741045,0.598236125147203,0.694569929640838,0.19552734574156,0.200569668299369,0.197140258219693,9.02431950039958e-18,-2.08166817117217e-17,1.01133167135657e-16,-0.447613340435606,-0.634314334753788,-1.34727894176136,0.144545631908267,0.237683194375071,0.772123734748667
"Undulating",0.0165725813973422,0.142495942101003,0.19221368629303,44.5440481618219,0.378740058073476,0.363425992111811,0.91499,0.05423,0.03078,0.517860938038051,0.376967095308625,-0.128055456912879,-0.257716323390151,-0.953687263257576,0.112753963661776,0.156107644790268,0.415919683894303,0.478376315667721,0.143779445511861,0.467170113626782,4.30159027244534,3.64857321553046,2.81503452871084,0.28125,0.236328125,0.162109375,-0.41796875,-0.701171875,-1.748046875,0.460869418796279,0.401566551688224,0.814688173036486,-0.000186354408861011,-0.000361422196102825,-0.000956930491378016,0.409305456912879,0.494044448390151,1.11579663825758,46,4,7,-0.155102924337283,-0.23236105786954,0.138402855919715,0.550739002829663,0.634546290987903,0.208556021321002,0.211517205019004,0.239774228154669,-3.34252034819081e-18,-2.35727371468018e-17,4.26135570086139e-17,-0.289913293087121,-0.443455551609849,-0.794359611742424,0.112753963661776,0.156107644790268,0.415919683894303
"Undulating",0.15839309806415,0.817414720902368,1.29259401509482,313.28708708587,0.252493372048984,1.12354127368013,0.94723,0.03606,0.01671,1.27146077922334,0.964934595031716,-0.180893406723485,-0.23095703125,-1.38200609611742,0.176538768643247,0.420735952997048,1.07537071235056,-0.779078004531056,-0.974430594359896,-0.764039342300406,4.08985100646124,3.04547813155791,3.12085566211314,0.23046875,0.369140625,0.59765625,-0.857421875,-1.345703125,-4,0.41214877361324,0.510271948223881,0.832103723671536,-0.00110498388575384,-0.00166945062781665,-0.00941285581678123,0.411362156723485,0.60009765625,1.97966234611742,32,6,4,-0.144713778299242,-0.0576094616654037,0.28069323024832,0.620481724662687,0.733101704782194,0.171692182732765,0.231212332358617,0.191112462342015,1.33044748408486e-17,0,6.63622079742169e-17,-0.676528468276515,-1.11474609375,-2.61799390388258,0.176538768643247,0.420735952997048,1.07537071235056
"Undulating",0.155096988918909,0.481854448270367,0.947145415027093,236.458688406824,0.252493372048984,1.11178954959837,0.96211,0.02361,0.01428,1.17145778631485,0.726391940912223,-0.129934599905303,-0.340383818655303,-1.21207682291667,0.144005523942833,0.379533883204388,0.905351337853759,0.406628379938146,-0.845999614414458,-0.411664697221798,6.13685089249288,2.48416459206534,2.20996674446038,0.625,0.142578125,0.482421875,-0.5859375,-1.27734375,-3.0078125,0.538102428947612,0.530145611710672,0.905260818970688,0.00067784248352399,0.0033419284726389,0.00613248563953981,0.754934599905303,0.482961943655303,1.69449869791667,53,11,6,-0.137352377007287,-0.195797031598236,0.284078192800756,0.809573252626208,0.847978770014786,0.169724756759027,0.105804968575775,0.10880846568496,8.05258822355622e-18,-7.3435189760441e-19,7.34980242045282e-17,-0.456002900094697,-0.936959931344697,-1.79573567708333,0.144005523942833,0.379533883204388,0.905351337853759
"Walking",0.00441393551766447,0.0643557605375873,0.0775975670905808,18.4803974639148,0.252493372048984,0.187557267306731,0.44673,0.38983,0.16344,0.536379699426796,0.322312406647581,-0.104721531723485,-0.600038470643939,-0.71951201467803,0.271144403754456,0.262295684718644,0.177147534563705,-0.0344962482339574,0.928419615641168,-0.379069260595492,4.39998129158203,5.16051914101631,4.68906695425453,0.6484375,0.546875,-0.06640625,-1.109375,-1.458984375,-1.453125,0.0750594580008609,0.0253359857959051,-0.230406239161684,-0.000437219175147885,-0.000317478826167913,0.000303979591067248,0.753159031723485,1.14691347064394,0.65310576467803,7,8,25,-0.136806963233075,-0.649943927424501,0.109822934121522,0.380681692728622,0.302764804508556,0.351085380834214,0.199007956337125,0.187670093214759,6.02389297955204e-18,5.38743755651817e-17,-2.69366744292895e-17,-1.00465346827652,-0.858945904356061,-0.73361298532197,0.271144403754456,0.262295684718644,0.177147534563705
"Active",0.0193025271749351,0.270701395657991,0.328608977182797,66.1590650915337,0.378740058073476,0.392218424265833,0.77659,0.12949,0.09392,0.737820992237718,0.497914639952672,-0.0499526515151515,-0.227724017518939,-1.05112896543561,0.200802074607274,0.246561565935231,0.567476073447731,0.650594341825773,-0.0663884320414708,0.586515097404404,8.91899579752787,5.53912197093495,2.77012581366741,1.12109375,0.576171875,0.47265625,-0.91015625,-1.171875,-2.29296875,-0.0130084910001504,0.0822880771613305,0.293136331835412,-2.76952460069524e-05,-8.17119305137967e-05,0.000483877677861004,1.17104640151515,0.803895892518939,1.52378521543561,56,22,26,-0.0176376779708481,-0.254352172924584,0.0417285639536708,0.104335929778219,0.251156633720488,0.211673427481979,0.29951798621704,0.367244011812401,-2.08606247543186e-18,2.73399134475127e-18,-9.41067978291966e-17,-0.860203598484849,-0.944150982481061,-1.24183978456439,0.200802074607274,0.246561565935231,0.567476073447731
"Active",0.0322063969930106,0.288541393457013,0.385160584436045,75.6115553837107,0.378740058073476,0.506631251029833,0.80142,0.12479,0.0738,0.802933005480946,0.506731128482847,-0.0446555397727273,-0.246041962594697,-1.04510683001894,0.19357372303407,0.267975864849914,0.609358607494062,-0.12569845620328,-0.232678621951135,0.810698509665228,5.68147317545301,5.74845454420667,2.80232269752316,0.583984375,0.609375,0.55078125,-1.0234375,-1.2421875,-2.3671875,0.135621113506297,0.20416046741594,0.375176579083624,-4.36204582955606e-05,-8.2073693454924e-05,0.00130689728561622,0.628639914772727,0.855416962594697,1.59588808001894,56,31,27,0.0427369934798469,-0.255263014075659,0.0394817906517486,0.0600618571469243,0.310796922418234,0.218490080428373,0.297438756076498,0.307122971187732,-1.23381738793963e-18,-2.92911693460058e-18,5.38659565710393e-17,-0.978781960227273,-0.996145537405303,-1.32208066998106,0.19357372303407,0.267975864849914,0.609358607494062
"Active",0.0157679036929597,0.153994506177206,0.201298217256085,38.6102774395698,0.378740058073476,0.354493179455197,0.80675,0.11614,0.0771,0.531668110436754,0.431309543620268,-0.0630178740530303,-0.198079427083333,-1.00172378077652,0.162745647275001,0.158514319890496,0.444863132689915,-2.27073379606474,0.990936160536904,1.51912117457232,24.7125648266942,8.23887860576621,4.61655472240527,0.564453125,0.51953125,0.6171875,-1.462890625,-0.80078125,-1.625,0.233738538644075,0.156202046408008,0.301466094348125,-0.000366254406374528,-0.000101792958279256,-0.000287037875866601,0.62747099905303,0.717610677083333,1.61891128077652,36,16,16,-0.0360864621915225,-0.195894075666956,0.0650345643080465,0.103944372292977,0.420513649835488,0.217831887822739,0.221268723464308,0.232827142348608,-1.82590143921572e-18,1.20640079234272e-17,-1.33028321102843e-17,-1.39987275094697,-0.602701822916667,-0.623276219223485,0.162745647275001,0.158514319890496,0.444863132689915
"Active",0.045944000780227,0.321104089140166,0.458936091480847,88.8270358291619,0.378740058073476,0.605111364786624,0.78301,0.1158,0.10118,0.919846435771063,0.541532171159167,-0.0540734493371212,-0.238947088068182,-1.01535866477273,0.246765061868513,0.276301144785253,0.669984358174295,-0.363092562285113,0.321628616076235,0.727894055851502,7.10683709625698,4.23167935278906,2.39122534442241,0.802734375,0.642578125,0.693359375,-1.267578125,-1.158203125,-2.056640625,0.0750459952547878,0.0905452009419193,0.324504995826971,0.000139814370772978,0.000262653907202812,0.000627284201781789,0.856807824337121,0.881525213068182,1.70871803977273,60,22,22,-0.0224786859351436,-0.229413666113044,0.0330970432392037,0.111653678588041,0.357344369512652,0.218634294966124,0.261524589198346,0.256254140236547,2.51501407713723e-18,1.02305152722676e-17,2.01956268877288e-17,-1.21350467566288,-0.919256036931818,-1.04128196022727,0.246765061868513,0.276301144785253,0.669984358174295
"Active",0.00437210768866202,0.113426948631237,0.126543271697223,21.6008583423156,0.378740058073476,0.186666476362304,0.7324,0.16935,0.09826,0.424298751452738,0.419041563941579,-0.0860484730113636,-0.256517814867424,-1.07823597301136,0.176183385754792,0.154802540792612,0.343184546171636,-0.69973261860091,-1.72010112895758,1.48633955662024,11.8751918318144,11.7227015158973,6.83784339750633,0.69140625,0.201171875,0.1328125,-1.046875,-1.111328125,-2.1015625,0.154167008821173,0.208513627713188,0.497199716022851,-8.2727159612663e-05,0.000252957004423495,-0.00113284727509962,0.777454723011364,0.457689689867424,1.21104847301136,42,8,12,-0.0685953178101459,-0.227625278414064,0.0171033716703285,0.120274789649483,0.220536201277743,0.254313569844928,0.264186037366744,0.349907440220729,-1.00799487489769e-18,1.28005455831351e-17,-1.00993894384996e-16,-0.960826526988636,-0.854810310132576,-1.02332652698864,0.176183385754792,0.154802540792612,0.343184546171636
"Active",0.021798409829154,0.373473284230185,0.438868513717647,79.3639612399428,0.252493372048984,0.416805375156824,0.80973,0.09738,0.09289,0.853237295719984,0.553010754502928,-0.0524236505681818,-0.233442826704545,-1.05551609848485,0.235047458639053,0.241730945137568,0.654456925937551,0.193132281400213,0.781640033352876,0.67620056580838,5.33159116389654,4.87980615126057,2.80512068782865,0.95703125,0.701171875,0.779296875,-0.81640625,-0.958984375,-2.287109375,0.0908959494676491,0.2039078865824,0.345795318150839,0.000247254779754645,-9.96631426540316e-05,0.000574386562147409,1.00945490056818,0.934614701704545,1.83481297348485,74,28,26,-0.0557287137421443,-0.231797661662579,0.0395337297059798,0.146265648377222,0.417796560170487,0.222241109214038,0.241685390968889,0.221894818842772,7.20311684812043e-19,-1.93590150124922e-17,-8.7628792519256e-17,-0.763982599431818,-0.725541548295455,-1.23159327651515,0.235047458639053,0.241730945137568,0.654456925937551
"Active",0.0257586489883219,0.151070189120978,0.228346136085944,45.422952912422,0.504986744097967,0.453087879760336,0.81656,0.11833,0.0651,0.605713563188705,0.355233550182531,-0.0512621330492424,-0.187573982007576,-0.962972005208333,0.176792078872856,0.158896500196042,0.472375969314536,-0.472231116693127,1.33226517283702,1.02806484148149,7.15877446017683,7.27254922489413,3.25255883277912,0.494140625,0.630859375,0.564453125,-0.939453125,-0.720703125,-1.650390625,0.252120507151026,0.119268572725587,0.406758732277389,-3.06078198269734e-05,-0.000149139320105786,-0.00230060531092455,0.545402758049242,0.818433357007576,1.52742513020833,53,18,20,-0.0877133395506364,-0.207789139379317,0.0337913295118024,0.176327003039939,0.454283287610487,0.220445139160033,0.198222514792792,0.239827629645854,4.02706414173016e-18,-1.30559091723271e-17,3.92951418063804e-17,-0.888190991950758,-0.533129142992424,-0.687418619791667,0.176792078872856,0.158896500196042,0.472375969314536
"Active",0.00674287538234687,0.101544741805161,0.121773367952202,20.3791709226946,0.252493372048984,0.231816033746016,0.68608,0.21864,0.09528,0.432638765585543,0.404736421070189,-0.0538515033143939,-0.26193329782197,-1.0044463186553,0.192424458872984,0.167331805870145,0.335355817245729,0.993756447844215,-1.09095690271468,1.54240042953552,16.931221766585,14.0883084762815,7.68210337312799,1.396484375,0.505859375,0.404296875,-0.87109375,-1.3125,-2.11328125,0.260020290227398,0.0673872043712397,0.510231340743865,-7.99464254560455e-05,-0.000203823482715272,-0.00124752994887627,1.45033587831439,0.76779267282197,1.4087431936553,34,10,8,-0.0418086073660335,-0.254633856930648,0.0245772521914236,0.16952109390425,0.24189253570178,0.237743603313225,0.204317908705746,0.285762320990622,-6.8365697571124e-18,2.69349290280648e-17,-4.71677740301427e-17,-0.817242246685606,-1.05056670217803,-1.1088349313447,0.192424458872984,0.167331805870145,0.335355817245729
"Active",0.00115921348454807,0.0374977855713104,0.0409754260249546,6.49647950879663,1.00997348819593,0.0961175332342369,0.66582,0.22981,0.10437,0.277778226153581,0.22413054560489,-0.062692353219697,-0.191961115056818,-0.951830314867424,0.118202089591315,0.0856063644189095,0.200601401540431,-0.167553229701635,-0.525269421782449,1.53876732601853,6.02568277223036,8.69436380191904,8.52697502657835,0.40234375,0.25390625,-0.021484375,-0.607421875,-0.62890625,-1.494140625,0.134634748356363,0.0321723921542044,0.282676569213175,-9.23845741836181e-05,-6.72337699896952e-05,0.000260039405665268,0.465036103219697,0.445867365056818,0.930345939867424,47,4,8,-0.0680969324387914,-0.203119342610911,0.0442672293116761,0.120920781690675,0.0962102292841835,0.218666103880537,0.224554647506437,0.302537777464837,2.73994624304712e-18,-5.04587232265241e-18,-4.37052958492551e-17,-0.544729521780303,-0.436945134943182,-0.542310310132576,0.118202089591315,0.0856063644189095,0.200601401540431
"Active",0.00685413595714443,0.0730806886705045,0.0936430965419378,15.6681986751493,0.378740058073476,0.233720744837819,0.8558,0.08061,0.06359,0.331409128572658,0.307759990387619,-0.0661991003787879,-0.194927793560606,-1.00142045454545,0.0916828835433425,0.109470423695698,0.298382051156827,-0.243839787194214,-0.334698064065558,1.14241878352403,6.32317265088749,9.62579608875778,7.35046134668723,0.3359375,0.32421875,0.126953125,-0.494140625,-0.841796875,-2.0234375,0.238456821706803,0.234361695119957,0.556412572566851,0.000159878838967188,4.46802708554804e-05,-7.02418797976907e-05,0.402136600378788,0.519146543560606,1.12837357954545,33,8,4,-0.0598763458048478,-0.197282896018512,0.052380943801865,0.224903079494116,0.327647922713891,0.214481505181723,0.223094741414101,0.259111447159061,-6.42435988994784e-18,-9.78921110674809e-18,4.03620439726099e-17,-0.427941524621212,-0.646869081439394,-1.02201704545455,0.0916828835433425,0.109470423695698,0.298382051156827
"Active",0.0164771087107314,0.26835019533426,0.317781521466455,56.554386115096,3.40866052266128,0.362377652955151,0.81314,0.11676,0.0701,0.679902384103822,0.515860629880783,-0.0633803858901515,-0.181019176136364,-0.941310073390151,0.173471477146724,0.217725794631899,0.559743160026139,-0.0962588896269752,0.0846132638560059,0.560395474505328,5.2628949793913,8.1437568227448,3.03748307707525,0.630859375,0.91796875,0.517578125,-0.740234375,-1.181640625,-2.3671875,-0.0251414147941501,0.255041734179909,0.206946694739846,2.95887692885885e-05,-0.000197316208121099,0.000706482898905296,0.694239760890151,1.09898792613636,1.45888819839015,66,25,22,0.0165889523547719,-0.235919207695605,0.0322477590454613,0.0553404788939572,0.15381506612367,0.216258561031207,0.270069442064333,0.360673349873997,6.27009722288729e-19,1.09521873433282e-17,-3.50279438241037e-17,-0.676853989109849,-1.00062144886364,-1.42587742660985,0.173471477146724,0.217725794631899,0.559743160026139
"Active",0.0164152684588423,0.191161757203618,0.240407562580145,43.4451150346479,3.53490720868577,0.361696993757479,0.82349,0.11205,0.06446,0.545919455115789,0.509552000790547,-0.0803666548295455,-0.231386126893939,-1.03781220407197,0.151849346136737,0.207231235491366,0.475325549143689,-1.89466264702925,-1.03624348327274,0.446770041557796,14.0641281467575,7.36419207111245,3.96352413715807,0.37109375,0.419921875,0.18359375,-1.15234375,-1.09765625,-2.390625,0.201722743213937,0.410588982326387,0.45177155647554,1.53347998829313e-05,0.00027789508181753,5.73056701194807e-05,0.451460404829545,0.651308001893939,1.22140595407197,56,12,30,-0.0741181487253036,-0.24600825060887,0.0372616007778187,0.0451997878319323,0.0817190417561071,0.228893327811981,0.300448691724313,0.429453343149696,3.98726642704174e-18,1.23019985139406e-18,2.69390358544758e-17,-1.07197709517045,-0.866270123106061,-1.35281279592803,0.151849346136737,0.207231235491366,0.475325549143689
"Active",0.00366191277810962,0.12117965268657,0.132165391020899,23.7417702533152,3.40866052266128,0.170834233018429,0.83797,0.10117,0.06086,0.368990811434659,0.390677424268787,-0.0613384824810606,-0.193270596590909,-0.987474846117424,0.104791995108287,0.14483087560628,0.354630953884192,-0.341587081427838,-2.24986011346676,1.006442996761,5.95156437234077,18.9093031314683,7.98983092181824,0.361328125,0.50390625,0.369140625,-0.541015625,-1.080078125,-2.3984375,0.249616359965096,0.292375663263342,0.471450172560656,-0.000116093421865727,9.02522109320481e-05,-0.000772216753883806,0.422666607481061,0.697176846590909,1.35661547111742,36,8,8,-0.0229547621820675,-0.192897364794476,0.0303241678950082,0.0647101153566439,0.133256477954517,0.222813995434359,0.317663276679688,0.402247152302361,1.67763217194861e-18,-3.78835485659486e-18,-3.86946211144422e-17,-0.479677142518939,-0.886807528409091,-1.41096265388258,0.104791995108287,0.14483087560628,0.354630953884192
"Active",0.0115098016377152,0.261403849277534,0.29593325419068,52.8659193128732,3.66115389471026,0.302869000120369,0.82864,0.09966,0.0717,0.621732237144169,0.544779126396861,-0.0715923887310606,-0.248239228219697,-1.07108931107955,0.165661344423809,0.221838615820763,0.529598394589905,-0.799106728789629,-0.67264597648177,0.461439463211669,6.71752083742142,6.49121988978102,3.34577026534956,0.419921875,0.55859375,0.412109375,-0.888671875,-1.134765625,-2.287109375,0.157378559882371,0.24023745357664,0.492745134359609,-5.41134943079914e-05,0.000320496489574705,0.000932664987339312,0.491514263731061,0.806832978219697,1.48319868607955,52,14,18,-0.069969276773686,-0.247097038964344,0.0229684308483524,0.0436988532561039,0.108191247236033,0.224462654488785,0.28485665373116,0.406562709143063,1.04849845037548e-18,-4.86818069218622e-18,-4.04046009612931e-17,-0.817079486268939,-0.886526396780303,-1.21602006392045,0.165661344423809,0.221838615820763,0.529598394589905
"Active",0.00483720407510862,0.11576137536184,0.130272987587166,23.5827926819177,0.504986744097967,0.196344214733205,0.81638,0.10643,0.07719,0.407556903373221,0.395469637047094,-0.0882309422348485,-0.240093809185606,-1.09897312973485,0.133259184442816,0.149943639833947,0.345445561621685,-1.48110689421208,-1.67586929639743,1.04957436099158,13.2992078033849,12.0235002440333,6.88573621774434,0.3359375,0.28515625,0.123046875,-1.03515625,-1.1171875,-2.333984375,0.367461490355806,0.396536835795699,0.541919270543781,-6.98126047583954e-05,3.06167365191843e-05,5.77992727240103e-05,0.424168442234849,0.525250059185606,1.22202000473485,44,8,12,-0.0199880194558711,-0.220749737867281,0.0338518287886595,0.0815760879411291,0.193126881348983,0.230885281674446,0.27163106171864,0.371378377286315,-2.74000078683539e-18,-9.05393517320122e-18,-8.74324862168135e-17,-0.946925307765151,-0.877093690814394,-1.23501124526515,0.133259184442816,0.149943639833947,0.345445561621685
"Active",0.0238686810092057,0.250552138554236,0.322158181581854,64.2693176771666,3.28241383663679,0.436149234448177,0.82414,0.09359,0.08226,0.667732007575758,0.554503508195708,-0.0633433948863636,-0.216323390151515,-0.962209990530303,0.195055185357378,0.210606579086093,0.555426240977624,0.0741105997010121,-0.942711750706615,0.081826413889211,5.04272845359166,5.92820806807073,3.14177409990216,0.6875,0.474609375,0.283203125,-0.66796875,-1.037109375,-2.34765625,0.152340745048037,0.370888823015507,0.394764010198782,-7.43422844015157e-05,0.000158368096544033,-0.000448586046996979,0.750843394886364,0.690932765151515,1.2454131155303,68,23,29,-0.022305638702226,-0.257609955996113,0.0258480718235387,0.0534415492618683,0.0737536823878472,0.229707531485447,0.319404960020275,0.522622311156665,1.42666015982692e-18,-1.34685938912954e-17,-4.71023214842185e-17,-0.604625355113636,-0.820785984848485,-1.3854462594697,0.195055185357378,0.210606579086093,0.555426240977624
"Active",0.0177768282448886,0.300715685857065,0.354046170591731,66.8368568248335,3.66115389471026,0.376398637343591,0.82046,0.09843,0.08111,0.700133100357266,0.591468577369566,-0.0780288233901515,-0.228419448390152,-1.1061493844697,0.211346320780966,0.229707374674084,0.578004233483721,-0.79089234917337,-1.25639366502341,0.851147765457638,7.1323645634684,7.07177563477908,3.60373179572955,0.677734375,0.384765625,0.455078125,-1.03515625,-1.291015625,-2.607421875,0.258890716822749,0.323507596995221,0.492264782361357,5.46790673567949e-05,-0.000461163041360408,-0.000560772046954587,0.755763198390151,0.613185073390151,1.5612275094697,51,19,21,-0.0714768525736778,-0.196565333352958,0.0350025171962542,0.0582726426390034,0.137433313887719,0.221674724215434,0.305025211339361,0.441906790511098,-1.01849294991063e-19,-1.78236266234359e-19,4.7116798047317e-17,-0.957127426609849,-1.06259617660985,-1.5012724905303,0.211346320780966,0.229707374674084,0.578004233483721
"Active",0.0536262585548737,0.493097390406638,0.65397616607126,113.429402217514,3.53490720868577,0.653746916092889,0.65999,0.23859,0.10142,1.17532082409679,0.80000368189545,-0.0739006273674242,-0.337254379734849,-0.989494554924242,0.329751490376226,0.558663542566257,0.755011521756084,-0.834056313156403,-0.258552997688123,0.409864930427257,6.20961409236731,7.93612799811774,2.80890041582555,0.912109375,2.259765625,0.966796875,-1.572265625,-2.52734375,-2.759765625,0.098047378346125,0.248976485832787,0.379168189487884,0.000204606877816656,-0.00119774996698276,0.00141209578341344,0.986010002367424,2.59702000473485,1.95629142992424,80,32,45,-0.0348335831123606,-0.247917838826485,0.0509226121021439,0.0571595424901006,0.15847664552368,0.211075073808259,0.276004462270566,0.446848664685756,7.28602340629108e-19,3.25194942523076e-17,6.60372553344521e-18,-1.49836499763258,-2.19008937026515,-1.77027107007576,0.329751490376226,0.558663542566257,0.755011521756084
"Active",0.014644018121134,0.244034537505657,0.287966591869058,48.8830053118343,3.40866052266128,0.341626092159526,0.84574,0.08427,0.06999,0.624901917792987,0.494527531442076,-0.0829930160984848,-0.19113251657197,-1.00862630208333,0.171413694618538,0.194253075733211,0.522852323950335,-0.620922368047445,-0.605219312230496,0.39300124727317,6.15199601976166,5.34473120017303,3.62793823950562,0.431640625,0.44921875,0.345703125,-0.94140625,-0.97265625,-2.384765625,0.157168289005673,0.391424422700096,0.481290810613941,8.4186312602312e-06,0.000503542805625485,0.000787166862188496,0.514633641098485,0.64035126657197,1.35432942708333,70,20,21,-0.0267057005189931,-0.217206664725506,0.039340907691403,0.068716566150443,0.168573662390471,0.217877530386713,0.248525773057115,0.35126859378396,4.29666446177518e-18,3.71590787193955e-18,-7.40079893741055e-17,-0.858413233901515,-0.78152373342803,-1.37613932291667,0.171413694618538,0.194253075733211,0.522852323950335
"Active",0.0207504457868793,0.198784321119978,0.261035658480616,48.1059204085043,3.53490720868577,0.406662962301158,0.78867,0.13067,0.08066,0.606054609034234,0.54987796515221,-0.0843912760416667,-0.232769590435606,-1.03426846590909,0.187400860961158,0.236073701661146,0.490033622579573,-0.0967650336912468,-1.71046875575668,0.126109078069825,6.50253128319221,8.13686706801185,4.07940929003688,0.6640625,0.314453125,0.21484375,-0.88671875,-1.447265625,-2.4609375,0.0287148127141567,0.336846433808831,0.504145482793948,-7.98763657315315e-05,-0.000561581555226017,-0.000768989548210059,0.748453776041667,0.547222715435606,1.24911221590909,75,22,20,-0.113760309087624,-0.228989698435781,0.051464715999391,0.0692943363247294,0.0592516340148404,0.242377887654707,0.27534715734547,0.46013933648266,7.30435011914986e-18,-6.35231075410109e-18,-8.08077645333424e-17,-0.802327473958333,-1.21449603456439,-1.42666903409091,0.187400860961158,0.236073701661146,0.490033622579573
"Active",0.00498164520523528,0.116554308859127,0.131499244474833,24.5358871820003,3.66115389471026,0.199254115882882,0.79903,0.11565,0.08532,0.411101818522584,0.405308162938705,-0.0544803503787879,-0.246574633049242,-1.13637843276515,0.13413311947623,0.142350982999871,0.355412639741272,0.0587326235277954,-2.51770444057156,0.153417221869456,7.37543620794289,13.7998049824874,5.76003598248658,0.462890625,0.12109375,-0.056640625,-0.646484375,-1.072265625,-2.396484375,-0.080508248725666,0.05562790246709,0.472323331487911,0.000259035003978373,-0.000475134224241663,-0.000763690485410457,0.517370975378788,0.367668383049242,1.07973780776515,40,10,14,-0.0550567994302762,-0.218393988489273,0.0486903824147545,0.104810137950881,0.101094693622602,0.232682825405159,0.259476387993915,0.473309891521296,-5.04428975067804e-19,6.69079025335692e-18,8.74220138094657e-17,-0.592004024621212,-0.825690991950758,-1.26010594223485,0.13413311947623,0.142350982999871,0.355412639741272
"Active",0.00618787681065777,0.110284889469549,0.128848519901523,22.5260586669717,0.378740058073476,0.222070941518149,0.80172,0.11011,0.08817,0.409628904008121,0.380317683983182,-0.0558342211174242,-0.245686848958333,-1.14858546401515,0.132873534576399,0.146573985466419,0.348676842137618,-1.08098766305533,-0.583820176375961,0.945683370266074,8.41256938079726,11.0353043350835,6.11729152625813,0.298828125,0.552734375,0.1640625,-0.78125,-0.974609375,-2.21484375,0.137698037378699,0.128422400581493,0.531702610125777,-0.000228683220599169,0.000242634022469656,0.00108842495141167,0.354662346117424,0.798421223958333,1.31264796401515,29,8,10,-0.0366469023168151,-0.214891533953245,0.0556390300549026,0.114451995421573,0.28134197040456,0.218495192950012,0.239013673863349,0.283488096296407,3.634541373673e-19,1.1173812391017e-17,8.74890577506241e-17,-0.725415778882576,-0.728922526041667,-1.06625828598485,0.132873534576399,0.146573985466419,0.348676842137618
"Active",0.00380565993018084,0.134526505006144,0.145943484796686,22.5039436038852,4.03989395278374,0.174154978146648,0.68011,0.24874,0.07115,0.504217478854597,0.398767499369235,-0.0694912997159091,-0.226540305397727,-1.05037434895833,0.236063677291984,0.138441151233382,0.373758124340619,0.638701113564187,-0.734232379028765,0.485057776830137,10.1388574008643,7.24523663427219,4.6499334024803,1.228515625,0.322265625,0.037109375,-1.037109375,-0.947265625,-2.291015625,0.211013385398245,0.170786694679301,0.397210947354474,0.000193328535983082,-2.97454483088651e-05,0.000616411569443809,1.29800692471591,0.548805930397727,1.08748372395833,60,4,20,-0.037413502061079,-0.235762477586029,0.0261524429813143,0.0552291276246657,0.120221735725581,0.219632035511255,0.227535971450807,0.317800076975446,-6.20346396436995e-18,-5.57794296665518e-18,-7.40185644521136e-17,-0.967618075284091,-0.720725319602273,-1.24064127604167,0.236063677291984,0.138441151233382,0.373758124340619
"Active",0.00748461393353496,0.115392184396563,0.137846026197167,25.1427494156039,0.378740058073476,0.244233709764736,0.85868,0.08096,0.06036,0.409314872804752,0.334060660912019,-0.0715258049242424,-0.157152580492424,-0.964836351799242,0.116456083047209,0.114583210903658,0.365843065114694,0.176926107871064,1.52606635986524,1.37534342398309,5.28691504321541,8.80373311193322,5.19772258911015,0.33984375,0.419921875,0.283203125,-0.5625,-0.537109375,-2.02734375,0.215015551018272,0.257821808974194,0.457870897390376,-0.000245779704100333,0.000181639389401222,3.91194394488315e-05,0.411369554924242,0.577074455492424,1.24803947679924,72,8,8,-0.0930672692899556,-0.168905878693588,0.0597685516196504,0.142321853651553,0.201246407359179,0.212047277468158,0.229173421287996,0.346109000237905,6.73501564026962e-18,1.19694610791481e-17,6.65880834268181e-18,-0.490974195075758,-0.379956794507576,-1.06250739820076,0.116456083047209,0.114583210903658,0.365843065114694
"Active",0.0153466888874291,0.255377044890522,0.30141711155281,52.7066994828209,3.53490720868577,0.34972626427111,0.80761,0.10803,0.08437,0.693299516830234,0.494184641795692,-0.0848869554924242,-0.216537937973485,-0.985862038352273,0.204729874637011,0.208955894810628,0.536326676591868,-0.0843078330565619,-0.244092235131245,0.393274704541391,5.88541499991645,5.3111028905359,3.00648482331379,0.681640625,0.408203125,0.40234375,-0.853515625,-1.0625,-2.443359375,0.0541262518868267,0.296296214895318,0.443382928308427,-4.03849728361888e-05,-0.000314436323404248,-0.000680874158875684,0.766527580492424,0.624741062973485,1.38820578835227,76,22,24,-0.0453143812384298,-0.240467399907117,0.0355580395085863,0.0514524710961779,0.108452682177342,0.235332295547014,0.254428272853481,0.332646680903853,7.28011984332537e-19,1.34693639212475e-17,-2.02119515227123e-17,-0.768628669507576,-0.845962062026515,-1.45749733664773,0.204729874637011,0.208955894810628,0.536326676591868
"Active",0.0025388216069051,0.121510347916615,0.12912681273733,18.6233116037096,4.03989395278374,0.142244995930095,0.74844,0.19446,0.0571,0.418286256115846,0.406343939137205,-0.107776988636364,-0.232251716382576,-1.07051225142045,0.202205383435212,0.127048831250222,0.339852333676579,-0.179994022462308,-1.53293038908064,1.25043488594028,10.5568404330126,11.390397190156,5.95875151996062,0.888671875,0.224609375,0.1171875,-1.044921875,-0.93359375,-2.150390625,0.507321511645763,0.399723865654178,0.455936122939018,6.69630846904368e-05,-3.08899694447953e-07,0.00118197188011563,0.996448863636364,0.456861091382576,1.18769975142045,48,6,12,-0.0902655958805195,-0.224271418570569,0.0300730745684174,0.0566407968960935,0.164519745180846,0.242555785115885,0.237004533608953,0.261549055655109,-4.11093323734087e-19,-1.26119099019754e-17,4.02528537254093e-17,-0.937144886363636,-0.701342033617424,-1.07987837357955,0.202205383435212,0.127048831250222,0.339852333676579
"Active",0.00175952457360947,0.0811326883544673,0.0864112620752957,14.539296725513,0.504986744097967,0.118418231967897,0.75792,0.16108,0.081,0.308424263946281,0.353594076860662,-0.0813062263257576,-0.219327059659091,-1.06690192945076,0.133221063564825,0.120156377917361,0.286052714678536,0.0561430824702522,-0.500518334558646,1.40512829161559,9.26599371731422,13.112386585439,10.8434176422641,0.556640625,0.35546875,0.185546875,-0.734375,-0.958984375,-2.236328125,-0.102707574222227,0.111041574762187,0.516085880414935,-0.000189012220046436,-0.000362765432093733,-0.000666008759146997,0.637946851325758,0.574795809659091,1.25244880445076,36,6,8,-0.0752154038156551,-0.203698259987281,0.0405725959068036,0.113409381019787,0.13024338829614,0.265244941082485,0.243062982303676,0.346154979896244,-6.73424561031758e-18,3.63209011165897e-18,-6.63498874949841e-18,-0.653068773674242,-0.739657315340909,-1.16942619554924,0.133221063564825,0.120156377917361,0.286052714678536
"Active",0.0067205328464475,0.212364395696036,0.232525994235379,39.8983978761684,0.631233430122459,0.231431653541778,0.81305,0.11135,0.0756,0.609830661910296,0.400306753414606,-0.0675677675189394,-0.18896484375,-0.985388553503788,0.170735994504672,0.165775821585282,0.4789169772526,0.295007196727154,0.433372425040233,0.636980732276232,5.19200112742866,4.53993866686868,2.97287665311733,0.580078125,0.349609375,0.197265625,-0.7265625,-0.751953125,-2.14453125,0.234222522720312,0.217454054037672,0.221428673711115,0.00010447624572814,0.000119407246835237,-6.63548389003398e-05,0.647645892518939,0.53857421875,1.18265417850379,71,20,32,-0.0857964458215773,-0.243477864787464,0.0324784338542776,0.0391619998949696,0.151645196894048,0.217083810347795,0.237967979082052,0.320812293588189,-8.27320180481837e-19,0,-3.35661189631331e-17,-0.658994732481061,-0.56298828125,-1.15914269649621,0.170735994504672,0.165775821585282,0.4789169772526
"Active",0.00146874655603308,0.0331132294902582,0.0375194691583574,5.88743804781184,0.378740058073476,0.108191797179221,0.67561,0.24054,0.08384,0.287715298851441,0.202232246728921,-0.0992912523674242,-0.244185014204545,-1.06304746685606,0.11901132427559,0.0907725569131026,0.182018426282021,0.221219090537361,-0.900226883918197,1.05909842676033,6.68104981891109,5.5760552580284,6.39041225831472,0.37890625,-0.01953125,-0.15234375,-0.578125,-0.65625,-1.705078125,0.343446091843164,0.211551627166587,0.561537885792169,-7.49033991042138e-05,-0.00011323816963849,-0.000402028175524525,0.478197502367424,0.224653764204545,0.910703716856061,26,2,4,-0.0937791343511961,-0.221589604801981,0.0457733116119675,0.168390877757683,0.19929496181197,0.232426848911996,0.237289769765231,0.296972598437487,7.97404516844719e-19,-1.30567305376093e-17,-5.38600016727434e-17,-0.478833747632576,-0.412064985795455,-0.642030658143939,0.11901132427559,0.0907725569131026,0.182018426282021
"Undulating",0.0360659918727771,0.161563363485635,0.269761339103967,57.9555323273853,0.252493372048984,0.536129672875497,0.82599,0.09496,0.07905,0.700966014459223,0.349075924422424,-0.0508256392045455,-0.0814024029356061,-0.863103693181818,0.165440655381444,0.18699136581494,0.514057148868854,-0.299762114909394,-0.343433161694786,0.600011855517091,8.17035316563588,2.90176304210042,2.30015910411304,0.791015625,0.41015625,0.287109375,-0.83203125,-0.619140625,-2.001953125,0.118434219277576,0.12467542625203,0.356260133183064,0.000407375643224699,0.00158540507156996,-0.000941992484298469,0.841841264204545,0.491558652935606,1.15021306818182,61,14,14,-0.0878839318084631,-0.0459103473561516,0.0866803953558903,0.469115644286409,0.578266474969462,0.212999480509343,0.166080876797394,0.175770443083484,4.94841781318976e-18,9.99863358604044e-18,5.66875516566687e-17,-0.781205610795455,-0.537738222064394,-1.13884943181818,0.165440655381444,0.18699136581494,0.514057148868854
"Undulating",0.061714318655338,0.682775769542397,0.867918725508411,150.780243999869,0.252493372048984,0.701316204271911,0.79129,0.11484,0.09386,1.31922905591784,0.63269806395049,-0.0827340790719697,-0.211573745265152,-0.994969223484849,0.329257920454329,0.383299145511507,0.917337614763037,0.0196373021740373,0.475979151247878,0.59965870164053,4.88745252407702,3.92908452759768,2.11277093420944,1.08203125,0.83984375,1.57421875,-1.240234375,-1.43359375,-2.759765625,0.119826531609427,0.176694081533577,0.360426559911963,0.000323941517301032,-0.000137396036464074,-0.00102337003885436,1.16476532907197,1.05141749526515,2.56918797348485,76,44,35,-0.073897770064502,-0.144180134879452,0.0398043211531673,0.0947288255650528,0.436225320132061,0.216508732072726,0.231038441547015,0.19674133785926,8.33172408117412e-18,-4.45529063189735e-18,5.15398500918886e-17,-1.15750029592803,-1.22202000473485,-1.76479640151515,0.329257920454329,0.383299145511507,0.917337614763037
"Undulating",0.0628543874245136,0.373052950305468,0.561616112579009,108.433463641588,0.252493372048984,0.707764382396646,0.8569,0.08906,0.05404,0.837010239109849,0.694049296508241,-0.0702015269886364,-0.246693004261364,-1.22140595407197,0.213378607504894,0.254391928748969,0.738347168654549,1.51354156856772,0.879461197691117,1.00561949412063,10.973911974483,6.20818716286089,3.76735143903273,1.19140625,0.845703125,1.18359375,-0.916015625,-1.076171875,-2.666015625,-0.130718995484513,0.15530230552069,0.46595127095277,-3.96595362341763e-05,0.000759584348647352,0.00376889918390356,1.26160777698864,1.09239612926136,2.40499970407197,58,20,18,-0.0708762356953454,-0.166546709491843,0.0793840828859331,0.166609020901927,0.529024483338253,0.21350551684983,0.204512475623773,0.180211847858999,-7.33761541307839e-19,1.05742566428624e-17,2.65200368899006e-17,-0.845814098011364,-0.829478870738636,-1.44460967092803,0.213378607504894,0.254391928748969,0.738347168654549
"Active",0.00417411704047538,0.157855142346461,0.170377493467887,25.6867170405749,3.28241383663679,0.182390920631037,0.77556,0.13512,0.08932,0.46502881711289,0.448852601829987,-0.0680412523674242,-0.231008818655303,-1.09255149147727,0.173613087170774,0.163387828118911,0.403540252472346,-0.232419923705512,-0.797642751718057,1.28694592102411,7.20130983709839,13.3638710900664,6.1282156761722,0.552734375,0.400390625,0.33203125,-0.89453125,-1.279296875,-2.462890625,0.0136243597973648,0.159535180773785,0.468065784542499,0.000191127386820171,8.7265755947994e-05,0.000927393311522934,0.620775627367424,0.631399443655303,1.42458274147727,43,15,13,-0.0828500304557562,-0.215161875316505,0.0408027052846671,0.0332661299826764,0.147101176261835,0.220312943490034,0.239195982043826,0.333213643000063,1.02988939320096e-18,7.14274649987976e-18,-2.02425987148038e-17,-0.826489997632576,-1.0482880563447,-1.37033913352273,0.173613087170774,0.163387828118911,0.403540252472346
"Active",0.00428391251398971,0.100203378522557,0.113055116064526,18.5747478559599,0.504986744097967,0.18477414478544,0.76484,0.14987,0.08528,0.409476456234935,0.359008553305139,-0.0873061671401515,-0.185221354166667,-1.0741669625947,0.160003455520368,0.13613627505817,0.321994333038334,-0.219926461303164,-1.39707135127213,1.63099258891468,9.76098937938086,11.0422878542249,8.45370172121543,0.58984375,0.294921875,0.27734375,-1.0234375,-0.9609375,-2.041015625,0.242323809948569,0.326709485852681,0.525255679360633,-0.000227776265620007,-0.000573478333355073,-0.000324421744867247,0.677149917140151,0.480143229166667,1.3515107125947,68,8,8,-0.0530138748923033,-0.161474808775918,0.0716475381333442,0.170261857630175,0.189315690822289,0.225256545615842,0.217630248643933,0.320476923544894,1.45232782489524e-18,-1.05857685906455e-17,4.71312746104156e-17,-0.936131332859849,-0.775716145833333,-0.966848662405303,0.160003455520368,0.13613627505817,0.321994333038334
"Active",0.0164220208525604,0.472815067027973,0.522081129585654,74.7954488238404,3.40866052266128,0.361771377840966,0.61082,0.28934,0.09984,0.984135343133035,0.948771331129858,-0.0751287286931818,-0.398030598958333,-0.96682646780303,0.348411240711624,0.599649729117868,0.611349157281052,0.29585441179198,-0.777989618467892,0.712716564600554,11.9873933008528,14.1800534562822,4.43235932249865,1.806640625,2.849609375,1.177734375,-1.755859375,-3.626953125,-2.642578125,-0.382518082728528,0.0378560467057583,0.406367662137244,0.000245830019720666,-0.00183106885867155,0.00192356234388146,1.88176935369318,3.24763997395833,2.14456084280303,54,24,32,-0.0468542949390226,-0.347396849520423,0.0649487932808205,0.0819494438773058,0.16988100598895,0.226314933164385,0.261870798156585,0.349326128016397,1.07036730101368e-17,-1.98824813738954e-17,-2.67794856484111e-17,-1.68073064630682,-3.22892252604167,-1.67575165719697,0.348411240711624,0.599649729117868,0.611349157281052
"Active",0.0087101961738404,0.197073419764231,0.223204008285752,38.2485586632703,3.53490720868577,0.263472245316508,0.79594,0.1092,0.09487,0.572976356695506,0.474926612608338,-0.086477568655303,-0.212357954545455,-1.01163736979167,0.174836923283232,0.20240402202846,0.457049824044856,-0.521149256404291,-0.79342472026417,0.67869077137541,5.93311953339345,6.65177694394509,4.0621966203645,0.3984375,0.390625,0.24609375,-0.853515625,-1.005859375,-2.44140625,0.100409231042706,0.271610004163915,0.498216380035917,-6.69700906628884e-05,-0.000266465156216371,-0.000645668510400838,0.484915068655303,0.602982954545455,1.25773111979167,69,18,18,-0.0856481379397576,-0.210401211287299,0.0389678818886653,0.0572089237963461,0.160782859577952,0.217063102813308,0.246617342537687,0.332330086408948,-1.66716618151701e-18,1.67325968520423e-17,7.40163056975876e-17,-0.767038056344697,-0.793501420454545,-1.42976888020833,0.174836923283232,0.20240402202846,0.457049824044856
"Active",0.00495570699448525,0.173661640251726,0.188528761235181,31.6884693669219,3.28241383663679,0.198734705113765,0.82205,0.09578,0.08217,0.517799958928776,0.382806862233787,-0.0918264678030303,-0.180442116477273,-0.977672230113636,0.161734625217952,0.146911291259301,0.426145134141237,-0.312997500102726,0.521931094024575,0.763200885939827,5.42647237910932,6.41958825015311,4.15843966499779,0.494140625,0.36328125,0.21875,-0.712890625,-0.69921875,-2.357421875,0.176145243410175,0.386343898721192,0.319292063409166,-0.000223326199300197,-0.00014543634521193,-0.000719552858966667,0.58596709280303,0.543723366477273,1.19642223011364,81,20,22,-0.0526669110624539,-0.219633612755323,0.037936017647132,0.0318422614755061,0.120414904103043,0.229065953609565,0.237910522634869,0.338803002261555,-1.90259000552357e-18,4.71996276024925e-18,-1.4324764527314e-17,-0.62106415719697,-0.518776633522727,-1.37974964488636,0.161734625217952,0.146911291259301,0.426145134141237
"Active",0.00535170912166106,0.11473212747332,0.130787254838303,23.1180406608803,3.40866052266128,0.206522395806367,0.79487,0.12286,0.08228,0.405887095834051,0.434447490590802,-0.0986402107007576,-0.27194306344697,-1.11639589251894,0.178213136404562,0.150297933157792,0.331948712075367,-1.07041050679586,-1.82397572926228,0.927927629820253,11.6119494732198,12.0095721720044,6.1998418200074,0.607421875,0.162109375,0.0625,-1.142578125,-1.134765625,-2.16015625,0.378080119699815,0.545555142899816,0.592576198793002,5.66394658300126e-05,-0.000243325066115999,-0.00106310218243939,0.706062085700758,0.43405243844697,1.17889589251894,27,4,10,-0.0474390570761057,-0.238942803484441,0.026933987997829,0.0931787933949259,0.11922976416902,0.274518869358952,0.288211376633975,0.442254310156574,-6.73332157437512e-18,2.69351343693854e-17,5.38766343197077e-17,-1.04393791429924,-0.86282256155303,-1.04376035748106,0.178213136404562,0.150297933157792,0.331948712075367
"Active",0.0074719686407201,0.0772893483237072,0.0997052542458675,17.0313255643925,0.504986744097967,0.244027305508252,0.7899,0.15248,0.05762,0.369017545841942,0.306988757343643,-0.0851680871212121,-0.205573804450758,-0.942723129734849,0.143089321757476,0.0951209635855636,0.310971216719027,-0.0603128070588064,0.635536896898214,1.80038311021856,4.60017439248842,6.72623040322646,6.39307958625883,0.435546875,0.255859375,0.16796875,-0.60546875,-0.583984375,-1.63671875,0.213907171904055,0.231917204452195,0.401418192158947,3.62781991664996e-06,0.000219386932062754,0.000253528309631577,0.520714962121212,0.461433179450758,1.11069187973485,57,10,12,-0.0513266907198792,-0.240636101956416,0.0365086420926146,0.136567838100524,0.233422015591509,0.236754116099019,0.203437457832112,0.285811699340339,8.09678794280386e-18,-6.73432261331278e-18,2.48541925931346e-17,-0.520300662878788,-0.378410570549242,-0.693995620265151,0.143089321757476,0.0951209635855636,0.310971216719027
"Active",0.0032557013462213,0.0739540625914399,0.0837211666301038,14.490008778328,0.378740058073476,0.16108057968985,0.78834,0.14215,0.0695,0.350808443992482,0.282083544048587,-0.0885564630681818,-0.179014263731061,-0.979743726325758,0.130307015785391,0.0978028569631978,0.282229642771337,-0.298143168976485,0.115270206860589,0.947663441571999,5.40796972406259,6.39566557863359,6.5328564767394,0.328125,0.28515625,0.046875,-0.666015625,-0.556640625,-2.01171875,0.265394078856477,0.316280350503969,0.423763374679334,-7.97317879363981e-05,-6.13347411856205e-05,-0.000749912922131495,0.416681463068182,0.464170513731061,1.02661872632576,67,6,5,-0.095202298842006,-0.197603527506186,0.0335200355549545,0.185242599630991,0.190861785924167,0.232639789390566,0.22317561639442,0.277352437132033,5.26063929108071e-18,1.65421042757378e-18,-6.62993221947996e-18,-0.577459161931818,-0.377626361268939,-1.03197502367424,0.130307015785391,0.0978028569631978,0.282229642771337
"Active",0.0133735345668812,0.079579700525787,0.119700304226431,21.3350162464898,0.252493372048984,0.326470546775373,0.82041,0.11096,0.06863,0.459725708344094,0.310623235078656,-0.150057705965909,-0.275523792613636,-1.00586677320076,0.132701349549075,0.146504165959838,0.326847460522598,-0.555972862407819,-1.35520960101615,0.162293317617013,6.00321080001737,11.6240115503812,4.61253206253071,0.275390625,0.16796875,0.134765625,-0.736328125,-1.298828125,-2.42578125,0.143297530516352,0.33801558219049,0.670527529244948,0.000109544748343432,0.000394343260651932,0.00078355623874968,0.425448330965909,0.443492542613636,1.14063239820076,50,4,5,-0.144938755698611,-0.262549514263046,0.0400047926236335,0.288280497622635,0.453326960142707,0.224528413773372,0.19197892365687,0.190347707465522,-4.29563775517244e-18,-1.05709711817337e-17,-6.58562982957205e-18,-0.586270419034091,-1.02330433238636,-1.41991447679924,0.132701349549075,0.146504165959838,0.326847460522598
"Active",0.0230058574565615,0.193784278147713,0.262801850517398,49.0791570091869,0.378740058073476,0.428193545557191,0.82076,0.09259,0.08666,0.636102737692981,0.477642791929829,-0.157803622159091,-0.257183652935606,-1.07263553503788,0.185666906442044,0.192783939511978,0.49855523956507,-0.348342938218498,0.0210897130321017,0.327324366127844,4.88076054810448,5.36962216986967,3.21444687886988,0.40234375,0.453125,0.25390625,-0.92578125,-0.8984375,-2.3203125,0.217509789995489,0.371088215194728,0.458394906325421,-0.000303296190299943,-0.000321480510250833,-0.00222005382421134,0.560147372159091,0.710308652935606,1.32654178503788,74,18,19,-0.119236405063099,-0.255780407587751,0.0692188682735177,0.191775892226927,0.403299604516257,0.220231111771369,0.203648112486955,0.23828773631488,7.14261816155442e-18,1.67879138787226e-17,1.07754090004698e-16,-0.767977627840909,-0.641253847064394,-1.24767696496212,0.185666906442044,0.192783939511978,0.49855523956507
"Active",0.0157276016988888,0.238873523791735,0.286056328888402,52.7264447956523,0.252493372048984,0.354039855948783,0.76174,0.13441,0.10384,0.600255484532828,0.65214349476088,-0.139766808712121,-0.276973839962121,-1.01145981297348,0.220164025739087,0.265679668831836,0.506428980177907,0.568647431583325,0.667859238173051,1.72349963004924,9.81784898728682,12.495940495519,6.14077138110157,0.9609375,1.208984375,0.96875,-1.0078125,-1.609375,-2.12890625,0.29541172583563,0.345079880194554,0.504901800167645,-0.000123705092480874,-0.000348426117205486,-0.00217412712716609,1.10070430871212,1.48595821496212,1.98020981297348,46,20,18,-0.077503599339696,-0.239186673274245,0.0722725084523721,0.0762274358508142,0.36560893741941,0.231829249308378,0.347412003299383,0.266825357727129,2.92783355134716e-18,1.65625742386298e-18,1.32573490077832e-17,-0.868045691287879,-1.33240116003788,-1.11744643702652,0.220164025739087,0.265679668831836,0.506428980177907
"Active",0.00510387647009201,0.072460678720937,0.087772308131213,15.01170040647,0.378740058073476,0.201683784269832,0.70867,0.21627,0.07506,0.379731037290519,0.327598877003041,-0.14675810842803,-0.260897549715909,-1.01310961174242,0.171400317362223,0.119411762838455,0.283227838781611,0.806216957072713,0.330622403089248,1.88165668924263,11.0766725893235,5.96874572327313,8.32344175931068,0.724609375,0.220703125,0.220703125,-0.94921875,-0.7890625,-1.529296875,0.0667927804613782,0.26437020674962,0.542561836335023,4.77164045532808e-05,-1.69767450629039e-05,-0.000402429426674014,0.87136748342803,0.481600674715909,1.23381273674242,63,6,4,-0.1543125421007,-0.243245135545804,0.0453568378850243,0.223730009644201,0.35773986161721,0.23506382851717,0.192166580718317,0.256180277714703,-1.66737152283756e-18,2.54441991677693e-17,6.72425575507299e-17,-0.80246064157197,-0.528164950284091,-0.516187263257576,0.171400317362223,0.119411762838455,0.283227838781611
"Active",0.00359321553884367,0.103033141462197,0.113812788078728,17.9687962976162,3.40866052266128,0.169224226963489,0.7035,0.17789,0.1186,0.413634189013717,0.395609017722646,-0.146158854166667,-0.277684067234849,-1.00399502840909,0.185666895197301,0.14406222795845,0.326426859891228,1.72720436132828,-0.574499135885874,0.551891758009989,16.2888541835346,8.24093810438908,6.32747536813413,1.220703125,0.259765625,0.103515625,-0.734375,-0.91796875,-2.232421875,0.0793097334906412,0.350452733641062,0.245071173612362,-7.08240124177559e-07,1.6304808614154e-06,-9.96376663905673e-06,1.36686197916667,0.537449692234849,1.10751065340909,64,10,16,-0.150783909155806,-0.278754744940366,0.0478627562083271,0.0555198023237251,0.119918007565249,0.2164718238381,0.246314649251803,0.340417624354768,-1.19865236595023e-17,2.35572696463955e-17,-8.07988321858987e-17,-0.588216145833333,-0.640284682765151,-1.22842684659091,0.185666895197301,0.14406222795845,0.326426859891228
"Active",0.0281697820892032,0.287934905037659,0.372444251305268,67.1951649094831,0.504986744097967,0.473819192259396,0.78247,0.12722,0.09031,0.827686320323261,0.514240393636961,-0.128662109375,-0.289743134469697,-0.987119732481061,0.230849848586513,0.268476583261795,0.59212565778018,-0.865638945569167,0.131032372139138,0.600884284836724,7.50993839152862,5.35625174999543,2.6256887811249,0.603515625,0.587890625,0.69921875,-1.265625,-1.287109375,-2.369140625,0.0887909109397424,0.379657312730661,0.393278013814248,4.72068792840883e-05,-9.85039726666188e-05,-1.45654167264519e-05,0.732177734375,0.877633759469697,1.68633848248106,75,28,30,-0.127392083294344,-0.289979373032383,0.0314965194338542,0.0946788669659098,0.257498927412153,0.219024408706775,0.247909526598323,0.298489457698611,0,-4.02309848747711e-18,-5.38657512297187e-17,-1.136962890625,-0.997366240530303,-1.38202089251894,0.230849848586513,0.268476583261795,0.59212565778018
"Undulating",0.158539582539989,1.00541446957965,1.48103321719962,337.441140726394,0.378740058073476,1.12406068810628,0.9331,0.04182,0.02507,1.43267928754878,0.99830179258895,-0.189793442234848,-0.442279237689394,-1.49778793797348,0.256021766936114,0.442525799663294,1.15144996770337,0.522808652996954,0.335571389447926,0.0500928355117017,4.69335290284295,4.35043386373218,2.56284207438409,0.90234375,1.501953125,1.18359375,-0.91796875,-1.70703125,-3.9296875,0.558410197977629,0.576861398901911,0.800939443994343,0.000577701024023504,0.00086208108870468,0.00332243530965277,1.09213719223485,1.94423236268939,2.68138168797348,56,24,20,-0.0843956332530202,-0.186278635349513,0.300338740672295,0.483705957720512,0.758437213609925,0.161626797570503,0.163600545894521,0.147227348318973,2.77991079755848e-18,-1.38777878078145e-17,1.31709003118331e-17,-0.728175307765151,-1.26475201231061,-2.43189956202652,0.256021766936114,0.442525799663294,1.15144996770337
"Undulating",0.0392227127622881,0.311022981504672,0.428691119791536,72.7182379683898,0.504986744097967,0.559100290685761,0.78857,0.12272,0.0887,0.867516775980688,0.619294030951768,-0.106837417140152,-0.280857895359849,-0.960537997159091,0.239472552603223,0.297653898315599,0.630621756116468,0.579242605162093,0.555913039782742,0.759473163146836,5.39047977317768,4.43029092895896,3.01455004792862,0.923828125,0.69140625,1.1953125,-0.94921875,-1.154296875,-2.240234375,0.00297785962359201,0.215444016321141,0.521226671220411,-0.00029809202658173,0.00028942245412642,-0.00081759698507784,1.03066554214015,0.972264145359849,2.15585049715909,62,32,29,-0.0536731349147972,-0.242521965679925,0.0476419113078563,0.112086780127509,0.281140243341385,0.22359256608046,0.229696776642743,0.277240355767618,-1.82570251481144e-18,2.35504163798223e-17,1.97579546968165e-17,-0.842381332859849,-0.873438979640151,-1.27969637784091,0.239472552603223,0.297653898315599,0.630621756116468
"Active",0.00427263655070649,0.0765276953671098,0.0893456050192292,15.378604152848,0.883726802171443,0.184530806562975,0.73935,0.17565,0.085,0.368252560674214,0.335934636192408,-0.132191051136364,-0.312352035984849,-1.05291933001894,0.152654637592512,0.130734147314935,0.283633618016311,-0.478054411644279,0.342690309086076,1.40493020484195,13.5069561829126,8.56953245733255,6.741319493717,0.69921875,0.41796875,0.181640625,-1.029296875,-0.865234375,-1.70703125,0.133476503101982,0.269158367075268,0.586456707693282,-7.57090859361243e-05,-1.78346582349067e-05,-0.000151905405410914,0.831409801136364,0.730320785984849,1.23455995501894,28,4,8,-0.123098629530863,-0.287062257743717,0.0256356903721771,0.210114650120809,0.200267898155902,0.216208048236783,0.233677265455681,0.338445729239309,1.00981214558452e-17,2.35302159274135e-17,5.38636978165133e-17,-0.897105823863636,-0.552882339015151,-0.654111919981061,0.152654637592512,0.130734147314935,0.283633618016311
"Undulating",0.0133922546125169,0.0946725889246998,0.134849352762251,28.4098954866489,0.378740058073476,0.326698960822936,0.8336,0.10785,0.05855,0.470429839947773,0.326688907067874,-0.154245087594697,-0.287560665246212,-0.954989346590909,0.142033631225756,0.148028532654,0.345950422617095,0.427406503095582,0.950243020945446,1.33694947587954,5.09349624369696,4.67614580064286,4.62773962702863,0.29296875,0.322265625,0.171875,-0.72265625,-0.6640625,-1.505859375,0.249060308370053,0.34544412059137,0.722316002561032,-7.89057200937202e-05,-0.000393182179944759,-0.000638962520951679,0.447213837594697,0.609826290246212,1.12686434659091,40,8,8,-0.163608472595012,-0.278707287453341,0.106214611355616,0.352105439047499,0.45311532111848,0.212987500364318,0.28515244266546,0.307939613578659,-8.1774934986949e-18,-2.14878398179279e-17,-2.82797093363238e-17,-0.568411162405303,-0.376501834753788,-0.550870028409091,0.142033631225756,0.148028532654,0.345950422617095
"Active",0.0065187166009096,0.0701782722470566,0.0897344220497854,15.8241298314899,0.378740058073476,0.227930243584704,0.81727,0.12595,0.05678,0.402583238726039,0.283904051410697,-0.168997099905303,-0.335190281723485,-1.08536783854167,0.129810654552279,0.121000187593852,0.279832395757476,0.0567171502741841,0.0757882222415967,1.06502225699483,5.31786896447325,3.48722781545795,5.28084250923713,0.34375,0.060546875,0.05859375,-0.693359375,-0.759765625,-1.7109375,0.353805442544658,0.3847332148476,0.72336545414307,-0.000281650919958064,-0.000535853076758147,-0.00142351870304215,0.512747099905303,0.395737156723485,1.14396158854167,38,6,6,-0.149663188629093,-0.293257194758548,0.114678588468626,0.348829234852329,0.492752003204334,0.204380013819962,0.192041198492769,0.184945783586237,8.00171090081816e-18,1.34619202983777e-17,7.39213353368348e-17,-0.524362275094697,-0.424575343276515,-0.625569661458333,0.129810654552279,0.121000187593852,0.279832395757476
"Active",0.0488884917010126,0.413603148450312,0.56026862355335,117.355535068597,3.78740058073476,0.624200660174768,0.73668,0.15859,0.10473,1.05002876330779,0.627220382439712,-0.0545247395833333,-0.24752900094697,-1.11769797585227,0.30577651434612,0.354231365746037,0.73590271136983,0.0882629518711085,-0.0169858638594752,0.450533212433449,5.18624310736632,5.42601975294106,2.35002652394561,1.03515625,1.17578125,0.572265625,-1.046875,-1.35546875,-2.70703125,-0.130756451458677,0.114845718039427,0.33540121404499,-0.000120233951584501,9.51793202851331e-06,0.000613886871734962,1.08968098958333,1.42331025094697,1.68996360085227,86,38,34,-0.0902960551771542,-0.23258862875499,0.0471288032051328,0.0218593772345354,0.160070562224057,0.221103732669961,0.324866944556062,0.402841153275845,5.07208462348889e-18,7.45707272630631e-18,-2.02778660866077e-17,-0.992350260416667,-1.10793974905303,-1.58933327414773,0.30577651434612,0.354231365746037,0.73590271136983
"Active",0.0133160136377002,0.237090327681629,0.27703836859473,51.6498924023182,3.53490720868577,0.325767698731508,0.7554,0.12855,0.11605,0.66778687756471,0.539984144255728,-0.0726577296401515,-0.253965435606061,-1.15116743607955,0.228490277585856,0.235084309602714,0.509186301486783,-0.435849773903202,-1.27142431879624,0.752738482171825,7.78070257373061,7.81793329500103,3.57458497433269,0.85546875,0.3671875,0.369140625,-1.1640625,-1.361328125,-2.47265625,0.146448494965216,0.282051183230733,0.438319712203883,0.000118602833816499,0.000273081341836834,0.00125674471336962,0.928126479640151,0.621152935606061,1.52030806107955,52,18,18,-0.053146781855085,-0.226000127010231,0.0227566212364505,0.0475791405341447,0.131087145151379,0.234054858221084,0.312236510749896,0.430955933645122,2.04956305570472e-19,-2.08560045746063e-18,-4.0320000337228e-17,-1.09140477035985,-1.10736268939394,-1.32148881392045,0.228490277585856,0.235084309602714,0.509186301486783
"Active",0.0016587663982589,0.0507550918312892,0.0557313910260659,8.85560262023712,0.252493372048984,0.114977674083446,0.72331,0.20441,0.07228,0.306899113650712,0.256679926742941,-0.0963319720643939,-0.234841086647727,-1.04234730113636,0.132674912338889,0.0900055278945951,0.226599413306579,0.153020370973379,0.727537168180469,1.44676337983783,6.1037539754907,6.34900779156867,6.98042814004784,0.4765625,0.171875,-0.02734375,-0.654296875,-0.525390625,-1.576171875,0.296194844892429,0.278903351214061,0.499317288337725,6.67471733576165e-05,2.83633610161809e-05,0.00021794306483118,0.572894472064394,0.406716086647727,1.01500355113636,33,0,4,-0.0839142424296273,-0.223491897272818,0.081003205705595,0.162924326313163,0.242949325107011,0.217654687248909,0.209719955551284,0.272711294530908,-6.42234497823998e-18,-7.04749379481126e-18,-1.0089597224276e-16,-0.557964902935606,-0.290549538352273,-0.533824573863636,0.132674912338889,0.0900055278945951,0.226599413306579
"Active",0.0107542799829929,0.04864101955403,0.0809038595030088,15.5918647824897,0.378740058073476,0.292759888973424,0.83417,0.09777,0.06806,0.336002066115702,0.269208043626554,-0.0946081912878788,-0.229536576704545,-1.08097330729167,0.0935473384231538,0.109161275132572,0.276260883709399,0.441405677371775,1.48661890979395,1.39619598549139,6.99822498405901,9.70510696479957,5.78723546524579,0.400390625,0.40625,0.044921875,-0.42578125,-0.482421875,-1.669921875,0.290475158087064,0.23799920965183,0.546046405669346,-0.000153661356869868,-6.12895208179798e-05,0.000250783879150388,0.494998816287879,0.635786576704545,1.12589518229167,29,2,8,-0.0724913672005194,-0.214039489996823,0.0838224937918078,0.28474612106296,0.514033164829314,0.209074669840216,0.188606970004286,0.208417454508196,-3.36758482313002e-18,-1.35467005960983e-17,7.40614807881078e-17,-0.331173058712121,-0.252885298295455,-0.588948567708333,0.0935473384231538,0.109161275132572,0.276260883709399
"Active",0.0614876190210454,0.538535754952202,0.722998612015338,153.741596674937,0.378740058073476,0.700026921615095,0.83636,0.10519,0.05845,1.12856094458434,0.56505172085534,-0.106852213541667,-0.231926195549242,-1.10349343039773,0.261330478927199,0.316581820173168,0.834229929226275,0.318624308560135,0.101853304977873,0.562010242212412,6.11954425909301,4.8580273931395,2.03274614809541,1.125,0.892578125,0.7265625,-1.208984375,-1.220703125,-2.49609375,-0.03231115990913,0.375494571651609,0.388832988326289,0.000334363856682363,-0.000264069750544581,0.00162447164777211,1.23185221354167,1.12450432054924,1.83005593039773,80,33,32,0.0330521987642503,-0.212365315245619,0.0507439365116286,0.0778227166683678,0.316351759913315,0.248013107204072,0.324842041990222,0.327419490254297,8.82639132237063e-18,6.6920223012802e-18,2.00610256521106e-17,-1.10213216145833,-0.988776929450758,-1.39260031960227,0.261330478927199,0.316581820173168,0.834229929226275
"Active",0.0238915521324351,0.323964605620094,0.395639262017399,75.8299797944353,3.66115389471026,0.43635814491221,0.77392,0.12938,0.0967,0.868668148997073,0.538491882728523,-0.0871508049242424,-0.242165305397727,-0.940259528882576,0.251389853555763,0.289400224995169,0.603544043819906,-0.86194558865999,-0.952374859257635,0.154873776832407,5.7670440092632,4.49528953053542,2.44928584178031,0.65625,0.474609375,0.5546875,-1.16015625,-1.259765625,-2.349609375,0.201518610960948,0.433590164404623,0.416125969734585,3.4671920755369e-05,-0.000427707612185235,6.41562373637733e-05,0.743400804924242,0.716774680397727,1.49494702888258,76,27,34,-0.0856688096938955,-0.29229948538642,0.0366450315475659,0.0781990849309402,0.114386641631527,0.253751624478242,0.28579098302861,0.446667103935219,6.73498997260456e-18,-2.61194159735144e-19,3.41096574386197e-17,-1.07300544507576,-1.01760031960227,-1.40934984611742,0.251389853555763,0.289400224995169,0.603544043819906
"Active",0.0113649380899289,0.209883174963489,0.243977989233276,42.0566964556567,0.504986744097967,0.300956994695422,0.80802,0.10619,0.08578,0.619478364073978,0.429868818455893,-0.117572206439394,-0.241499467329545,-1.10310132575758,0.18393771554798,0.194698127656364,0.479795865641851,-0.653795636482719,-1.15049979599888,1.112717382956,7.45822585598942,11.6651025868011,3.70127464004457,0.552734375,0.52734375,0.271484375,-1.03125,-1.404296875,-2.11328125,0.106864308609026,0.388255494629751,0.432941769866115,0.000327977594339623,-5.46242933903565e-05,-0.00014936351122423,0.670306581439394,0.768843217329545,1.37458570075758,55,10,13,-0.0481405611287201,-0.23510701849801,0.0663326140247293,0.116991425998901,0.322743076523031,0.252806748365593,0.231835630009503,0.262167876776368,-7.34629108387148e-18,-1.55201076895453e-17,-6.71868587175317e-17,-0.913677793560606,-1.16279740767045,-1.01017992424242,0.18393771554798,0.194698127656364,0.479795865641851
"Active",0.00700105016549164,0.232812055243362,0.253815205739837,40.8449626184053,0.504986744097967,0.236212294956497,0.76244,0.12894,0.10862,0.672180624157053,0.445171641827075,-0.109478574810606,-0.239146839488636,-1.05487245501894,0.202075865546743,0.228085131734921,0.4899382624474,-0.770489131852848,-0.395743712921232,0.892313641276048,8.08845179980266,6.89991954060114,3.46901399107084,0.62109375,0.478515625,0.359375,-1.248046875,-1.2890625,-2.224609375,0.0837138018660979,0.282426370778966,0.399485238365065,0.000136774415635659,0.000167211544497453,0.0016965287113413,0.730572324810606,0.717662464488636,1.41424745501894,82,16,22,-0.109304391310745,-0.230083178500352,0.0579798690582567,0.033453734861371,0.228934432779266,0.208484377813254,0.251271077311969,0.26005014536471,8.10122844886067e-18,-1.05315456481887e-17,5.38749915891433e-17,-1.13856830018939,-1.04991566051136,-1.16973691998106,0.202075865546743,0.228085131734921,0.4899382624474
"Walking",0.00983633444975541,0.132581281762322,0.162090285111589,20.0757310230792,1.26246686024492,0.279986794076331,0.67361,0.20693,0.11946,0.625674861631227,0.366033222036466,-0.125983960700758,-0.506258877840909,-0.798391631155303,0.401911781453909,0.223187151947449,0.171127781184136,-0.863120601037412,-0.441375480006109,-0.130187178967355,6.4075623910242,3.70973489972377,6.36843912440483,1.365234375,0.099609375,-0.060546875,-2.123046875,-1.36328125,-1.546875,0.0498750399753672,0.101903836678606,0.0553131375607429,-0.000340047611060203,0.000198848605368195,-0.00018079421436095,1.49121833570076,0.605868252840909,0.737844756155303,25,16,30,-0.129499479314623,-0.516030407369451,-0.0465592535523849,0.050502942907314,0.0186235933105686,0.39088132810524,0.304932415394097,0.266715379104788,-6.69823387622673e-18,-3.027438209028e-17,-4.71197241611348e-17,-1.99706291429924,-0.857022372159091,-0.748483368844697,0.401911781453909,0.223187151947449,0.171127781184136
"Walking",0.00596634752580972,0.134122256064771,0.1520212986422,21.5529895355711,1.26246686024492,0.218059583134071,0.50294,0.31447,0.18258,0.700499423388717,0.393007432702364,-0.119392163825758,-0.323893229166667,-0.859841086647727,0.387139751720348,0.300157965847345,0.249584707842536,0.0401964384873976,-0.0713498284648263,0.89836683480362,6.25535842103164,2.28661432662965,5.73299677947636,1.625,0.3203125,0.1015625,-1.6328125,-1.109375,-1.734375,0.0555132253859189,-0.100093029459023,-0.202596496988725,0.000462376348407672,0.000243940317878547,-5.7007597837004e-05,1.74439216382576,0.644205729166667,0.961403586647727,42,26,30,-0.146062232125926,-0.335890468236333,0.00723461764344107,0.496984011444608,0.0899832500627046,0.362594196022235,0.158348479346154,0.275965967228377,-6.68591339699394e-18,2.22493947280818e-17,2.01782755461426e-17,-1.51342033617424,-0.785481770833333,-0.874533913352273,0.387139751720348,0.300157965847345,0.249584707842536
"Walking",0.00591868253752,0.0763699080850796,0.0941259556976396,13.4051930908626,1.13622017422043,0.217186800436563,0.58106,0.31624,0.1027,0.495476560706497,0.328429161150209,-0.0817279237689394,-0.555050011837121,-0.789365826231061,0.305517609653393,0.220416101439631,0.141649435423139,0.169707155613034,-0.243400696677844,0.494816102418191,5.01280197854277,3.54322947564712,5.57524773671886,1.29296875,0.0390625,-0.205078125,-1.173828125,-1.32421875,-1.26953125,0.0766857277254071,-0.0599671845344241,-0.334695424682054,-0.000148011358541111,0.000653208210571711,-0.000140762087773676,1.37469667376894,0.594112511837121,0.584287701231061,26,6,20,-0.096197295164896,-0.577492588543265,-0.0409025997476632,0.0918194441878748,0.0356135312905297,0.402494071403712,0.382847503284428,0.299645908388285,2.91687345836299e-18,3.28832307339907e-18,-5.38446010737025e-17,-1.09210020123106,-0.769168738162879,-0.480165423768939,0.305517609653393,0.220416101439631,0.141649435423139
"Walking",0.00438889883905904,0.0456976338917741,0.0588643304089512,13.1313456081325,0.378740058073476,0.187024580678464,0.55606,0.3762,0.06774,0.420476179587064,0.203394497111835,-0.140980113636364,-0.42257782907197,-0.849261659564394,0.199830819605525,0.236626457225421,0.0996736890198999,0.0828643210386286,0.556580205048302,0.632379695591611,2.67423803432787,3.00494683348983,5.39964919262525,0.392578125,0.240234375,-0.408203125,-0.69140625,-0.994140625,-1.103515625,-0.0928449679225168,-0.175386505722049,-0.435526546909936,-0.000238871815263257,-0.0002477330966011,9.28170337558441e-05,0.533558238636364,0.66281220407197,0.441058534564394,16,2,8,-0.163058765567048,-0.437060853649138,-0.0208175525150625,0.44005758742286,0.191918597943129,0.529505271965699,0.218240488577005,0.226557143295609,1.00946306533959e-17,2.69337996508018e-17,-1.68104982155246e-17,-0.550426136363636,-0.57156279592803,-0.254253965435606,0.199830819605525,0.236626457225421,0.0996736890198999
"Undulating",0.0977287140328597,0.479892935580491,0.773079077679071,158.609398860321,0.378740058073476,0.88253511889333,0.80447,0.11278,0.08276,1.16751454531107,0.734454561678494,-0.126154119318182,-0.266460996685606,-1.18906102035985,0.33395907279706,0.336994706730964,0.857839452489274,0.25968562713637,0.125443973366479,0.516806142979957,5.70569440363044,3.79576742080756,2.80265770987633,1.490234375,0.732421875,1.19140625,-1.248046875,-1.357421875,-3.06640625,0.280156459841337,0.3153803098304,0.427446264582976,0.000528278346725016,0.00106458107953322,0.00442368883352953,1.61638849431818,0.998882871685606,2.38046727035985,76,25,21,-0.0499325995121729,-0.16565142287675,0.0809337848844551,0.191684089378227,0.569741370417429,0.238624805882792,0.207325621204434,0.179286129783548,1.11188218249517e-17,1.60249393261089e-17,-8.46761896711179e-17,-1.12189275568182,-1.09096087831439,-1.87734522964015,0.33395907279706,0.336994706730964,0.857839452489274
"Undulating",0.0507762351758098,0.273262647895364,0.425591353422794,84.3784627769009,0.378740058073476,0.636137726921829,0.77287,0.15203,0.07509,0.862117546649019,0.573498911901597,-0.123453776041667,-0.21139618844697,-1.14080255681818,0.215019396719526,0.29556427690021,0.645808526471081,0.532253510324892,0.0274243509800852,1.16558572094668,5.10477246432892,6.88840416571846,3.35048115051261,0.81640625,0.802734375,0.830078125,-0.78515625,-1.681640625,-2.40625,-0.0697827688803581,0.248496710393435,0.225661029449465,0.000394417778722551,0.000302242746805887,0.000675913293473512,0.939860026041667,1.01413056344697,1.97088068181818,100,24,22,-0.06703625085189,-0.171425194815833,0.117077622074199,0.0703081540503985,0.431904792441239,0.204021651034056,0.263312798392357,0.231532436892609,9.25599103261897e-18,5.96481243148105e-18,6.04455031639902e-17,-0.661702473958333,-1.47024443655303,-1.26544744318182,0.215019396719526,0.29556427690021,0.645808526471081
"Active",0.029629060028249,0.18025235565545,0.269139535740197,51.9236798551761,0.378740058073476,0.485936857958013,0.81929,0.09813,0.08258,0.645800489805728,0.457669283285178,-0.109286221590909,-0.233834931344697,-1.10328628077652,0.185915419963585,0.201941221490396,0.503146945249248,-0.0454494317672727,0.0449085947944772,0.90037936797696,22.131080898349,6.07352137427233,3.73541118639831,1.220703125,0.482421875,0.451171875,-1.439453125,-1.01171875,-2.2734375,0.260001717231053,0.338716926370349,0.495359985919167,0.000349763621037116,0.000269340789454376,0.00216246409375428,1.32998934659091,0.716256806344697,1.55445815577652,52,14,10,-0.136837916622857,-0.210390102107573,0.0841410359134556,0.162390446929329,0.405436842634193,0.227893629283851,0.226872525253567,0.227735437229982,-4.44995175756314e-18,-5.89103714515845e-18,-1.3182861443755e-17,-1.33016690340909,-0.777883818655303,-1.17015121922348,0.185915419963585,0.201941221490396,0.503146945249248
"Active",0.0174033076601932,0.113387922312795,0.165597845293374,33.0262386201038,0.378740058073476,0.372423265011929,0.84993,0.09174,0.05834,0.449389469087179,0.410341951089805,-0.118696732954545,-0.232769590435606,-1.10949337121212,0.114552746781975,0.158044325017502,0.395901254152225,0.936304101489942,2.35915374981102,2.00930968819468,11.1549962418125,13.6999695003675,7.43774785908414,0.58984375,0.73828125,0.7109375,-0.65234375,-0.6796875,-1.80859375,0.180218556807352,0.351748160229104,0.502641272830964,-0.000264930211342929,0.000392639535533069,0.00122592798818228,0.708540482954545,0.971050840435606,1.82043087121212,39,8,10,-0.0615897354656934,-0.193997847160971,0.122475316076953,0.235787312555843,0.534449603200546,0.198382185800798,0.188457128786124,0.210317957515058,2.78175566098526e-18,-9.01078782822138e-18,-1.077401267949e-16,-0.533647017045455,-0.446917909564394,-0.699100378787879,0.114552746781975,0.158044325017502,0.395901254152225
"Active",0.00265361213543257,0.0365317426120604,0.0444925790183581,7.47407295072333,0.378740058073476,0.145425185557757,0.7022,0.221,0.0768,0.277093892583506,0.217554104196908,-0.098336884469697,-0.200794566761364,-1.10269442471591,0.119044709989105,0.077696919704083,0.207733749554311,0.706139914221363,-1.43268155114392,0.974669111477703,13.2257764220775,10.3036737354057,7.62164278988919,0.615234375,0.068359375,-0.240234375,-0.666015625,-0.642578125,-1.96875,-0.0255174591415935,0.107460736117659,0.405398590810867,6.01481842149886e-05,0.000322126333529534,0.00112614956543609,0.713571259469697,0.269153941761364,0.862460049715909,44,0,4,-0.0890624044860894,-0.181765957547675,0.051303072101698,0.150087948102593,0.318646534369016,0.253995880246219,0.225496618883298,0.249310165470745,4.19340344520536e-18,1.00434509334788e-17,8.08078928716678e-17,-0.567678740530303,-0.441783558238636,-0.866055575284091,0.119044709989105,0.077696919704083,0.207733749554311
"Active",0.0167335941577497,0.185488925528455,0.235689708001704,41.3783149356574,0.252493372048984,0.36518717755578,0.80964,0.09779,0.09258,0.58075982436223,0.45025080112557,-0.0942530776515152,-0.195660215435606,-1.08206084280303,0.175062168102241,0.170579226536863,0.481000554393252,0.878795056135869,0.589879963804011,1.05433159349255,7.66919925045216,8.61530202973036,4.05399376217992,0.734375,0.62890625,0.376953125,-0.73046875,-0.900390625,-2.3515625,0.0469000893992402,0.276704238378175,0.225149442159725,0.000150280656708776,-0.000117148139172955,0.000938280592712402,0.828628077651515,0.824566465435606,1.45901396780303,76,19,15,-0.0745825817721244,-0.20421994333837,0.0606592482570071,0.0597884442932453,0.290985655676813,0.225450702798932,0.234847345657286,0.25532569296576,-3.87879487446306e-18,-8.18398100104091e-18,-2.67567954324908e-17,-0.636215672348485,-0.704730409564394,-1.26950165719697,0.175062168102241,0.170579226536863,0.481000554393252
"Active",0.013783775910062,0.260834991455009,0.302186319185195,54.8873515976285,0.631233430122459,0.331440065624847,0.80484,0.11508,0.08008,0.684826559271694,0.495668362061347,-0.0906575520833333,-0.20846650094697,-1.10904947916667,0.185875654849816,0.229458235261059,0.536898718447556,0.206072884572388,-0.0573826734135358,0.79164218053428,6.6571566731862,8.76045499672779,3.42085006246123,0.73046875,0.701171875,0.5234375,-0.837890625,-1.474609375,-2.228515625,0.172515698157264,0.337763956187955,0.391271808417049,0.00028114712684815,-0.00021230262010122,0.00135004452231802,0.821126302083333,0.90963837594697,1.63248697916667,72,18,20,-0.000329886586148361,-0.191358305871297,0.046006499456163,0.134899094956408,0.359792835215182,0.222521953406433,0.238277894696734,0.25970693077236,-8.33038936259057e-18,3.24002936157304e-18,7.38511086052079e-17,-0.747233072916667,-1.26614287405303,-1.11946614583333,0.185875654849816,0.229458235261059,0.536898718447556
"Walking",0.00948054425403885,0.195804566613954,0.224246199376071,23.5185420528775,1.38871354626941,0.274876453725108,0.62742,0.27929,0.09329,0.613145616319444,0.688366772930135,-0.148200757575758,-0.607643821022727,-0.746774384469697,0.462281156871844,0.242929911212562,0.291014203013519,-0.594588051489842,-1.022570317417,-0.408761870305965,10.1372878375269,11.0841124507977,7.984541365691,1.70703125,0.15625,0.41796875,-2.716796875,-2.095703125,-1.84375,0.36304488555048,0.00617723672845561,0.413821261170771,-0.000267238360812371,-0.00101001283392248,0.000431352628579721,1.85523200757576,0.763893821022727,1.1647431344697,26,22,46,-0.196635410681405,-0.626137830767901,-0.00336671453819682,0.128752614204335,0.0253921734240998,0.318294776817676,0.191158283183737,0.265617879296545,-5.02567748504538e-18,2.02206271935053e-17,4.71356180606138e-17,-2.56859611742424,-1.48805930397727,-1.0969756155303,0.462281156871844,0.242929911212562,0.291014203013519
"Active",0.00613686248265027,0.226942376105962,0.245352963553913,38.0681169665478,0.378740058073476,0.221153644173965,0.71145,0.19324,0.09531,0.694523302538883,0.460222719442873,-0.086965849905303,-0.226052024147727,-1.05180220170455,0.269606574068556,0.204090377070108,0.480128918410136,-0.579219477035159,-0.104937943441514,0.284114188709071,5.29397197553979,5.80858580836198,3.26566563773616,0.638671875,0.52734375,0.392578125,-1.37890625,-1.208984375,-2.439453125,0.174452680373214,0.244717434365932,0.418834152344461,-0.000198170299853583,-8.55970606913892e-05,0.000634688877756327,0.725637724905303,0.753395774147727,1.44438032670455,89,16,20,-0.0580278105334979,-0.232468284433149,0.0210697144090808,0.0847208580442071,0.128001634763093,0.234402217194786,0.231244222309038,0.304587882120209,-1.87989978960318e-18,-2.22815866925004e-18,-4.027944542642e-17,-1.2919404000947,-0.982932350852273,-1.38765092329545,0.269606574068556,0.204090377070108,0.480128918410136
"Active",0.0311577559857992,0.215311407468946,0.308784675426343,59.2919322078149,0.378740058073476,0.498315034353351,0.80308,0.11688,0.08004,0.696823190175907,0.498304757038557,-0.0753136837121212,-0.200949928977273,-1.01197768702652,0.191324430353498,0.22882470649511,0.54362961662633,0.254004743882155,1.06752462163751,1.00615640643366,7.28078999380489,7.29824439834997,3.13644513783343,0.693359375,0.6953125,0.447265625,-0.89453125,-0.986328125,-2.263671875,0.168828500401884,0.3754517585202,0.347351785467241,-0.000367385552472135,-0.000347371399898258,-0.00166127593177905,0.768673058712121,0.896262428977273,1.45924331202652,53,24,24,-0.0787270337290183,-0.199926667504533,0.0528312304401252,0.0897814574788371,0.368434412935473,0.230310639708161,0.264160574040386,0.249904639446244,3.29613887741237e-18,3.80240790321976e-18,-1.3236968881719e-17,-0.819217566287879,-0.785378196022727,-1.25169418797348,0.191324430353498,0.22882470649511,0.54362961662633
"Active",0.0203225650595993,0.26354773203904,0.324515427217838,56.5560290344011,0.378740058073476,0.402448363361013,0.74848,0.16035,0.09117,0.754812473545828,0.540809313355507,-0.072805693655303,-0.237718986742424,-1.18163322679924,0.267755859225785,0.220924460667255,0.559524498668306,0.19986332022314,0.91431393747879,1.3216043325672,6.63795642561613,5.44972087920233,4.284311666438,1.029296875,0.673828125,0.736328125,-1.337890625,-0.830078125,-2.076171875,0.019431906709218,0.171156323351582,0.398594384791377,0.000174744875602463,-0.000389874724041114,-0.000205278177358816,1.1021025686553,0.911547111742424,1.91796135179924,67,10,16,-0.0196993257381573,-0.187119515649164,0.0229984626846985,0.182556540435983,0.357160790719377,0.230448560317313,0.227548954122075,0.236719765213234,-2.89538320578455e-18,1.49550019584851e-17,6.60377686877534e-18,-1.2650849313447,-0.592359138257576,-0.894538648200758,0.267755859225785,0.220924460667255,0.559524498668306
"Active",0.0315672189636075,0.326660945459014,0.421362602349837,78.7189234033222,0.378740058073476,0.501578677094654,0.7817,0.13232,0.08598,0.808899598344955,0.649641303612995,-0.0801964962121212,-0.212661280776515,-0.989546342329545,0.231570344414575,0.296430782180017,0.63050452695125,-2.44092033471794,0.0843544637310223,0.639272550276517,27.0872473334987,5.36096549960491,2.84427935868258,0.67578125,0.8046875,0.794921875,-2.1328125,-1.359375,-2.396484375,0.0537010612578619,0.305994382771761,0.416687678729317,-0.000238056574832549,1.63207312788184e-05,-0.000719558591125945,0.755977746212121,1.01734878077652,1.78446821732955,53,27,20,-0.0359394996860547,-0.171348367982705,0.0462849827174638,0.0924197358324391,0.335352926444516,0.233232482136084,0.268055759179567,0.272364258047857,2.92903993160537e-18,-1.34690559092667e-17,-4.03707709787331e-17,-2.05261600378788,-1.14671371922348,-1.40693803267045,0.231570344414575,0.296430782180017,0.63050452695125
"Active",0.0231763657727555,0.371985777428358,0.441514874746625,74.5336775224237,3.53490720868577,0.42977739827464,0.78268,0.13659,0.08073,0.93285751693067,0.534310258803317,-0.118149266098485,-0.224690755208333,-0.971331972064394,0.304009711933193,0.252094632901531,0.638851519618119,-0.056084684599344,-0.468705678360667,0.188193268667547,3.56340008967355,4.90366784818037,2.32167219707015,0.8515625,0.56640625,0.443359375,-0.974609375,-1.16015625,-2.537109375,0.145546566950636,0.383018283530863,0.490451584517974,8.74154289958193e-05,8.23577537924983e-05,3.72176363815712e-05,0.969711766098485,0.791097005208333,1.41469134706439,99,27,38,0.00159937808881128,-0.239953865583976,0.0183861046853485,0.0780023272658692,0.1617098080306,0.220911135226999,0.24164655476408,0.326197931321992,8.31324336232493e-18,1.54697990660114e-17,-2.148486236878e-18,-0.856460108901515,-0.935465494791667,-1.56577740293561,0.304009711933193,0.252094632901531,0.638851519618119
"Active",0.0063041379140302,0.127159208557339,0.14607162229943,22.5091474136332,0.378740058073476,0.224147426552254,0.71519,0.22046,0.06434,0.503637392658833,0.405871441239963,-0.12619111032197,-0.272786458333333,-1.12248461174242,0.227276505424477,0.148103852143969,0.361457743834203,0.384916970115786,-0.462929853777772,1.37187086500913,11.3684896309765,9.17527029243966,5.93777992441533,1.078125,0.322265625,0.396484375,-1.384765625,-1.1015625,-1.943359375,0.264521957740503,0.28996538748335,0.594317080961237,5.49924253973482e-05,-4.99525835784496e-05,-0.000128037331082184,1.20431611032197,0.595052083333333,1.51896898674242,67,8,12,-0.101251220857766,-0.222330399556748,0.0339812649497264,0.0990028125551049,0.275656825590486,0.222178666215221,0.205610445754846,0.255510524090136,3.05753226293734e-18,-1.93621978029607e-17,6.72352679338505e-17,-1.25857451467803,-0.828776041666667,-0.820874763257576,0.227276505424477,0.148103852143969,0.361457743834203
"Active",0.00764338641811334,0.285435203213657,0.308365362467997,46.6570626817787,0.378740058073476,0.24681060263826,0.69224,0.23666,0.0711,0.856820266765668,0.427132653964028,-0.100578539299242,-0.243770714962121,-0.994747277462121,0.332197820051361,0.205110357350637,0.541327675892526,0.0728367815561587,0.288444878873151,0.394748880766753,4.23243791861375,3.83166849248147,2.42302302271375,1.35546875,0.5546875,0.44921875,-1.26171875,-0.8828125,-2.138671875,0.311816523137364,0.203493162005382,0.392966860735376,-0.000123834384517932,6.19722846786974e-05,0.000681995751374495,1.45604728929924,0.798458214962121,1.44396602746212,95,28,35,-0.094340688142496,-0.255484262638443,0.0241817146005085,0.0824210513507271,0.103176586813443,0.225730060786009,0.219925732039826,0.298154272371026,6.7351953139251e-18,3.35034898603665e-18,-2.14622748235199e-18,-1.16114021070076,-0.639041785037879,-1.14392459753788,0.332197820051361,0.205110357350637,0.541327675892526
"Active",0.0190598386132359,0.433544252808716,0.490723768648423,78.5518995937378,0.378740058073476,0.389744965379695,0.73656,0.14695,0.11649,0.987899962426108,0.677931463839031,-0.0829930160984848,-0.297267104640151,-1.05969608191288,0.295648489451158,0.413864505212921,0.638390996931419,0.153738669274066,-1.23198970643331,0.237620926151454,3.7874281519734,7.64987506127791,2.85798409767815,0.919921875,0.98046875,0.791015625,-0.92578125,-2.08203125,-2.51953125,-0.0847171299608757,0.0105807854124511,0.616865900304103,-0.000528315287307032,0.000204762283023759,0.000140402872458895,1.00291489109848,1.27773585464015,1.85071170691288,88,25,28,-0.111068408834092,-0.198896242748066,0.0484762036340519,0.0409526984981434,0.217027679741337,0.218819183202722,0.278194622411864,0.311951689516882,7.94948121297681e-18,-2.94067251741433e-17,1.07726163585103e-16,-0.842788233901515,-1.78476414535985,-1.45983516808712,0.295648489451158,0.413864505212921,0.638390996931419
"Active",0.00711962730267461,0.0762750014617634,0.0976338833697872,15.6546627329599,0.378740058073476,0.238204265577881,0.63327,0.2924,0.07433,0.4661929127927,0.317156715367193,-0.0887636126893939,-0.260890151515151,-1.03213778409091,0.21472291181254,0.1361809001453,0.299204748579867,-0.817175015628118,-1.07276125676604,0.5367602011352,6.76178518185103,5.31478035732478,4.5476142699674,0.693359375,0.162109375,0.076171875,-1.08203125,-0.728515625,-1.71484375,0.0888200255373646,0.106414396144291,0.576843057496146,-1.45966251491888e-05,0.000140597128967775,0.000729623625912253,0.782122987689394,0.422999526515151,1.10830965909091,54,4,6,-0.0707564983948409,-0.247798636070457,0.0318368501399301,0.21913590837511,0.222125752890358,0.225174034844231,0.25244144553751,0.281961151606882,-8.98270740263665e-18,-2.35369568979521e-17,8.07856903413837e-17,-0.993267637310606,-0.467625473484849,-0.682705965909091,0.21472291181254,0.1361809001453,0.299204748579867
"Active",0.00164358638278487,0.0436456737688122,0.0485764329171668,7.33579654879627,0.378740058073476,0.114450362228854,0.72826,0.19762,0.07412,0.285345632729999,0.242419598592054,-0.109478574810606,-0.239709102746212,-1.06028793797348,0.119427244467693,0.0901179367694838,0.210517437662108,0.817260404665887,-0.730745822650058,0.960080254099741,7.90420310470991,7.76028866042366,9.25416891486989,0.556640625,0.1015625,-0.0859375,-0.48828125,-0.734375,-1.943359375,0.144589191197325,0.234486987842585,0.589412259027592,4.60445247637433e-05,-9.65996219730127e-06,-7.97069485795248e-05,0.666119199810606,0.341271602746212,0.974350437973485,44,0,2,-0.0985064411665217,-0.22290398494864,0.0280362504058308,0.148265609856377,0.168737959259814,0.235704942354209,0.223727557024217,0.265588469794332,5.78090160598026e-18,6.52836526880464e-18,1.34670538313913e-17,-0.378802675189394,-0.494665897253788,-0.883071437026515,0.119427244467693,0.0901179367694838,0.210517437662108
"Walking",0.00671233510053367,0.0354412440649638,0.0555782493665648,8.70584218554252,0.883726802171443,0.231290459618018,0.61855,0.21826,0.16319,0.380190118066317,0.222978210071669,-0.125865589488636,-0.600563742897727,-0.783861564867424,0.233813365183285,0.13944139661998,0.125456408054974,0.0327699493800079,0.0427990130337147,0.818913126184362,3.11097252512254,3.71747934349968,5.65006550239975,0.466796875,-0.181640625,-0.220703125,-0.806640625,-1.078125,-1.19140625,0.0394835045936378,-0.200906375866203,0.0460126889726907,0.000268204548104077,0.000636545460455947,-0.000384210713767455,0.592662464488636,0.418923117897727,0.563158439867424,17,10,30,-0.157152588948731,-0.621884369569546,-0.0106339724480494,0.167919018058026,0.0835965325884239,0.493776595773074,0.263797223715108,0.233558485619758,-1.01121873363027e-17,2.00820538867178e-17,-4.36976468850648e-17,-0.680775035511364,-0.477561257102273,-0.407544685132576,0.233813365183285,0.13944139661998,0.125456408054974
"Walking",0.00152532363632252,0.0166660356597588,0.0212420065687263,4.2706259245921,0.252493372048984,0.110255916676642,0.70941,0.19533,0.09526,0.204149258476096,0.146198608527795,-0.116314512310606,-0.521040482954545,-0.857976740056818,0.144385121154223,0.0735933156565529,0.0606632718490589,-0.241180066605297,0.783211084161155,0.806421546856069,5.81082287764,6.88530960419398,10.2985073752485,0.39453125,-0.21875,-0.53125,-0.837890625,-0.849609375,-1.10546875,-0.0566582244604149,-0.285932872011487,0.266035394064119,0.000961513671174402,-5.60261247872217e-05,-0.000113347080664779,0.510845762310606,0.302290482954545,0.326726740056818,8,2,2,-0.134651324129147,-0.534218829330838,0.354661960877092,0.230729058514203,0.0922910935754043,0.326810916052384,0.207112404555207,0.218864295273077,6.02317428493012e-18,-4.03891152378473e-17,5.04714006467242e-17,-0.721576112689394,-0.328568892045455,-0.247492009943182,0.144385121154223,0.0735933156565529,0.0606632718490589
"Walking",0.00769303842815595,0.119538450625569,0.142617565910036,16.4982904472683,1.26246686024492,0.247610955025493,0.58506,0.27428,0.14066,0.625903645384958,0.396808694586707,0.00548206676136364,-0.524095939867424,-0.829367897727273,0.374984821118309,0.235847502393284,0.218010462919831,-0.0608412917503602,0.154972126384409,1.17473531354374,3.25006907209905,3.77642313124583,9.14246651156895,1.08984375,0.240234375,0.435546875,-1.201171875,-1.244140625,-1.68359375,0.107570754336159,-0.135267898103194,0.286829998021947,-1.50596562375676e-05,-0.000298247431788833,0.000145531881199903,1.08436168323864,0.764330314867424,1.26491477272727,36,14,30,-0.0110172829238471,-0.503763512734034,-0.0135084018546926,0.0284611981249791,0.0258820674678248,0.331122397310468,0.249338368170749,0.251019546595873,-5.45150404852868e-18,-4.37038712938438e-17,-2.01976289656041e-17,-1.20665394176136,-0.720044685132576,-0.854225852272727,0.374984821118309,0.235847502393284,0.218010462919831
"Walking",0.00168550418672842,0.0433801687767993,0.0484366813369846,7.6574908913477,0.883726802171443,0.115900636794545,0.57689,0.23882,0.18429,0.322733337010015,0.275124620015056,-0.0590894294507576,-0.63253876657197,-0.757708925189394,0.21936836251766,0.141546139158982,0.125712247931092,0.00502356241307208,1.01735902260473,0.849861260165008,5.33428377859717,5.34024909198965,7.61711090473691,0.8203125,-0.04296875,-0.05078125,-0.791015625,-1.09375,-1.109375,-0.00378539175387917,0.115974478103525,-0.0163955631093179,-0.000224163731461433,0.000323919862477091,-0.000435388068711724,0.879401929450758,0.58957001657197,0.706927675189394,11,4,30,-0.0688666002571173,-0.669669889904746,0.0417688426990662,0.231213920945431,0.127855296016585,0.430430478720961,0.205633374280792,0.224185086132056,-2.88332582011871e-18,2.69372904532511e-17,-1.67690962717694e-17,-0.731926195549242,-0.46121123342803,-0.351666074810606,0.21936836251766,0.141546139158982,0.125712247931092
"Walking",0.00261859311882245,0.0297085894531708,0.0375643688096382,7.42930875028751,0.757480116146951,0.144462429870014,0.54913,0.37459,0.07628,0.311177459520632,0.24195228316181,-0.0918338660037879,-0.517733487215909,-0.849653764204545,0.189677309859259,0.158892744235741,0.0847501877464064,-0.351134917162059,-0.225326318883083,-0.0974956450493654,4.02703817799151,3.65980249372911,4.62020304451434,0.451171875,-0.091796875,-0.544921875,-0.833984375,-1.138671875,-1.16015625,0.0611489431908712,-0.335215117443941,-0.358772547142834,6.34556401186338e-05,-0.000957417724916681,0.000418666723190002,0.543005741003788,0.425936612215909,0.304731889204545,14,2,6,-0.109431461633262,-0.529702402543681,0.0574743310943594,0.230069019112925,0.250394498966053,0.456732745427604,0.303125805832779,0.227650710308292,-1.20652399713505e-17,-3.02147432704938e-17,-4.04008534821932e-17,-0.742150508996212,-0.620938387784091,-0.310502485795455,0.189677309859259,0.158892744235741,0.0847501877464064
"Walking",0.00479355197630099,0.250303525555683,0.264684181484586,28.8387759507029,2.77742709253882,0.1954562781279,0.63127,0.21576,0.15297,0.579568153570506,0.787093387448435,-0.10446259469697,-0.582157019412879,-0.807594992897727,0.293893698408625,0.394619435272968,0.420941308436022,-0.161337122893963,-1.31814655520166,-0.385204644060957,17.43282418107,13.5765760960967,13.3108499707818,1.705078125,1.037109375,1.23828125,-2.169921875,-3.033203125,-3.04296875,0.0966186401911262,-0.0167254620044592,0.586585028822698,-0.000135468757133354,-0.000948187674665261,0.000599525902022775,1.80954071969697,1.61926639441288,2.04587624289773,23,16,22,-0.120620373487285,-0.551081311210249,0.0578073904060292,0.0521961964911219,0.0175598277536065,0.237011336315276,0.248134584079433,0.337487487235936,6.29399381906589e-18,2.45465014581283e-18,2.19080194950962e-17,-2.06545928030303,-2.45104610558712,-2.23537375710227,0.293893698408625,0.394619435272968,0.420941308436022
"Bodycare",0.0206558185569077,0.0607717612782064,0.12273921694893,28.4805255548063,0.252493372048984,0.405734660288714,0.90788,0.06974,0.02238,0.451389393311668,0.203648665503925,-0.0782433712121212,-0.0347271543560606,-0.956579959753788,0.104561935661634,0.341972987660312,0.0855239134764001,0.0884761820146976,-0.644503544345452,0.7847583281339,4.79632913904497,1.862134432998,2.95115269645683,0.388671875,0.474609375,-0.671875,-0.421875,-0.650390625,-1.134765625,0.404695361366374,-0.131751593507857,-0.722117106865641,-0.000444438511305754,-0.00370416845679878,0.000740832544927898,0.466915246212121,0.509336529356061,0.284704959753788,9,0,0,-0.0827738270817261,-0.0419655986177566,0.236957307182734,0.857585193786319,0.564587862965205,0.249416966541694,0.0806031463124714,0.118486751348315,3.30804867400407e-18,-8.65924348744578e-18,-3.35455848310785e-17,-0.343631628787879,-0.615663470643939,-0.178185665246212,0.104561935661634,0.341972987660312,0.0855239134764001
"Walking",0.00898011693118769,0.314666983874712,0.341607334668275,45.5809983892215,4.6711273829062,0.267523476902516,0.46634,0.39673,0.13692,0.954737807765151,0.906699452208857,-0.10134795217803,-0.255297111742424,-0.901226621685606,0.554507929114971,0.40368830310524,0.511939148809601,-0.366526829265583,-1.32246834082414,0.273916678187159,8.94848046709096,6.41277833700786,5.73808217972015,2.419921875,0.642578125,0.630859375,-2.85546875,-2.125,-2.974609375,0.0869738869920509,0.0573938360707066,0.485537592912164,-0.000451203096160869,-0.000298742308206536,-0.000234715999786407,2.52126982717803,0.897875236742424,1.53208599668561,83,28,32,-0.0734724296909329,-0.195565762387006,0.0207165682663955,0.174230833549209,0.0445004218508303,0.269323451835118,0.226817986308777,0.373218989128114,-1.06834982253931e-17,2.05275611323922e-17,5.47316755784633e-18,-2.75412079782197,-1.86970288825758,-2.07338275331439,0.554507929114971,0.40368830310524,0.511939148809601
"Walking",0.00467773265861859,0.0442467668222008,0.0582799647980566,11.064991219461,0.883726802171443,0.19308058368061,0.54108,0.36249,0.09643,0.425146069627382,0.228385976941543,-0.118082682291667,-0.492734966856061,-0.824522076231061,0.239452327294038,0.198473019591761,0.104795386166758,0.10654425450091,0.23190960576114,0.0122955288816933,2.89165173751749,3.79953722595857,3.96104185874739,0.732421875,0.189453125,-0.40234375,-0.82421875,-1.27734375,-1.134765625,0.054673765563921,-0.201082743943185,-0.0727091039775525,-0.000192007591722701,-0.000922324808907644,0.000461676388069118,0.850504557291667,0.682188091856061,0.422178326231061,16,4,6,-0.140692542548491,-0.506358602836238,0.048128382918206,0.252493211206157,0.220426143441367,0.485783725903066,0.29621442885185,0.20150929534881,1.19168303340401e-17,8.18387833038064e-19,-5.38725274932968e-17,-0.706136067708333,-0.784608783143939,-0.310243548768939,0.239452327294038,0.198473019591761,0.104795386166758
"Walking",0.00831491502676778,0.0348970575089715,0.0598418025892748,14.5462813220765,0.252493372048984,0.257424460943631,0.96801,0.02895,0.00305,0.223666272544335,0.220853340722355,-0.110943418560606,-0.476222182765151,-0.836285215435606,0.0150527937743312,0.23568025579002,0.0777683376867066,0.920144416695756,2.14023752097685,-0.466390005076126,7.33716216672209,7.41744064554213,2.98578538738533,-0.04296875,0.470703125,-0.724609375,-0.16015625,-0.685546875,-1.078125,0.370180731871314,-0.212392592914782,-0.826372103132712,4.86074368677809e-05,0.00145412142761643,-0.000775998705194385,0.0679746685606061,0.946925307765151,0.111675840435606,2,0,0,-0.133261511862954,-0.508931976905029,0.195262040052212,0.661440819301461,0.791466916857238,0.293750169909998,0.244773130054811,0.0927494908037126,2.94383734051725e-18,-2.33910715150782e-17,1.68408117279703e-17,-0.0492128314393939,-0.209324692234849,-0.241839784564394,0.0150527937743312,0.23568025579002,0.0777683376867066
"Bodycare",0.000167633867143,0.00708325055644952,0.00758615215787852,0.487607357248253,0.252493372048984,0.0365512123326731,0.52463,0.297,0.17837,0.112854564376004,0.141101601891605,-0.071237275094697,-0.919226444128788,-0.408713600852273,0.0832731692579373,0.0675039766553943,0.0544867486935099,0.291852155431835,-2.07900146766659,-3.22750807437825,19.2096925509882,21.9257616885217,44.2059895008524,0.412109375,-0.666015625,-0.080078125,-0.619140625,-1.439453125,-0.951171875,0.166742751495475,0.23028835416108,0.196137165040599,0.000332321934166074,9.6251870976789e-05,-9.2316425178864e-05,0.483346650094697,0.253210819128788,0.328635475852273,0,0,0,-0.171339523117017,-1.14086459895024,0.158589899506735,0.0345086014833516,0.163651795332057,0.201626180273827,0.230262300673174,0.190395301068451,4.85152237755688e-18,-3.36386020429425e-17,-2.01976546332692e-17,-0.547903349905303,-0.520226680871212,-0.542458274147727,0.0832731692579373,0.0675039766553943,0.0544867486935099
"Active",0.0318041032201331,0.429142783804935,0.524555093465334,94.0562672594734,3.0299204645878,0.503457113424196,0.70843,0.17736,0.11421,1.04251303204273,0.615756183461735,-0.0156176017992424,-0.212794448390152,-1.0128876657197,0.294314355658714,0.379892331253942,0.713796432592274,-0.588017908350318,-0.263232866169572,0.439715631540548,7.52281157505933,4.12671109914517,2.54310285578294,0.90625,0.86328125,0.8046875,-1.4921875,-1.630859375,-2.603515625,-0.0833205360895362,-0.120929766639487,0.262896445860108,-0.000157418468823575,0.000648525673347833,0.000643288390487121,0.921867601799242,1.07607569839015,1.8175751657197,83,36,34,-0.0482903217619091,-0.196473172265997,0.0336458887123114,0.0438946352760065,0.0781155411654601,0.226167114569915,0.328357077354526,0.443042108832486,4.71602277366126e-18,-6.53129138262243e-18,4.70632039626544e-17,-1.47656989820076,-1.41806492660985,-1.5906279592803,0.294314355658714,0.379892331253942,0.713796432592274
"Active",0.0277060784348858,0.401107365499789,0.484225600804447,77.99250593873,3.28241383663679,0.469903234022385,0.60859,0.25305,0.13837,1.02804820443426,0.747561787112111,-0.09521484375,-0.257797703598485,-0.973240707859849,0.33293340476603,0.495536139978671,0.662762508192699,-2.12240372768923,-0.506219548856041,0.217645821139272,32.4882305683801,10.1095755187641,3.61741922441919,1.966796875,2.01171875,1.1875,-3.076171875,-3.16796875,-3.384765625,-0.0492504796540524,0.00870919192099785,0.315428093237435,-5.19117082384939e-05,-0.000735671690857568,-0.000331254478727115,2.06201171875,2.26951645359848,2.16074070785985,84,33,34,-0.137588872163459,-0.230318928254885,0.0327551741778509,0.0782000768329887,0.0897611409873999,0.23251035788923,0.244642372560297,0.426039251355755,0,1.3389896830196e-17,3.83581950283918e-17,-2.98095703125,-2.91017104640152,-2.41152491714015,0.33293340476603,0.495536139978671,0.662762508192699
"Active",0.00308877461694171,0.0714984030938117,0.0807647269446369,13.5664545505972,0.378740058073476,0.15689677404178,0.70501,0.19737,0.09763,0.399465681764377,0.279622601982733,-0.071829131155303,-0.148074988162879,-1.08514589251894,0.148077757398615,0.118090890811758,0.280511234924916,-0.196795805560942,-0.750969011587107,1.53458560492995,4.53834796968932,5.46214320502362,6.86181935708879,0.47265625,0.21875,0.123046875,-0.677734375,-0.6015625,-1.609375,0.277881622592692,0.157295645845673,0.269843284975357,0.000172552643131762,0.000566148175451153,0.00123595098713387,0.544485381155303,0.366824988162879,1.20819276751894,75,4,5,-0.040618692507781,-0.144338341755928,0.0408487415232191,0.137966494657613,0.255431950555331,0.228428073783165,0.216491364176147,0.26170797947388,-1.14015768233442e-18,-3.27601542799881e-18,5.38772503436694e-17,-0.605905243844697,-0.453487511837121,-0.524229107481061,0.148077757398615,0.118090890811758,0.280511234924916
"Active",0.00793108594878027,0.136843375258164,0.160636633104505,26.4163297505984,2.77742709253882,0.251412711795566,0.66689,0.19936,0.13375,0.562874225654987,0.433916452401984,-0.0589266690340909,-0.173376834753788,-0.985477331912879,0.213897283370158,0.195971548237951,0.395876264780856,-0.589301946796057,-0.610015305624542,0.768245357771367,9.49292334117085,5.77745880656021,3.96151788454547,0.939453125,0.51953125,0.173828125,-1.2734375,-1.021484375,-1.921875,-0.163657379786585,-0.0616019957665204,0.268970347654428,-6.79534744324295e-05,0.000511006077005981,-4.25243420602122e-05,0.998379794034091,0.692908084753788,1.15930545691288,86,16,14,-0.086080785563148,-0.194788252477765,0.0275740185429477,0.0785080037210839,0.105121900647032,0.220189041517033,0.229416272278739,0.343151143743096,6.3149643014267e-18,-9.81541779278283e-18,-4.11144659064224e-19,-1.21451083096591,-0.848107540246212,-0.936397668087121,0.213897283370158,0.195971548237951,0.395876264780856
"Active",0.0237931029293921,0.414942141015621,0.486321449803798,82.7049781267723,3.53490720868577,0.43545817286631,0.53519,0.27751,0.1873,1.11548950083219,0.878134134271016,-0.13327118844697,-0.142319187973485,-1.02635239109848,0.535237519319846,0.44491283551587,0.651351802842901,-2.37549283036968,-0.0967019553714584,0.410945417753154,17.2645084053249,6.42340441094595,2.45654424244802,1.90234375,1.52734375,0.572265625,-3.482421875,-2.146484375,-2.41015625,0.158592263665952,0.220492412558154,0.279745815476707,0.000864692405709291,0.000350584593627102,0.000137629144274729,2.03561493844697,1.66966293797348,1.59861801609848,97,38,32,-0.0714686981102475,-0.161757145094058,0.0356890919028259,0.0294549580381256,0.116711930309318,0.25134014199889,0.292326978847596,0.363325996153836,8.57423218073953e-18,1.34694665919077e-17,1.33832232372782e-17,-3.34915068655303,-2.00416518702652,-1.38380385890152,0.535237519319846,0.44491283551587,0.651351802842901
"Active",0.0226845401244668,0.498462285676892,0.566515906050292,95.9400548709957,3.40866052266128,0.425192792376508,0.53522,0.31091,0.15387,1.18399616728363,0.92366485550302,0.0246508049242424,-0.295750473484849,-1.00374348958333,0.403660492266663,0.645917498376043,0.691613528590174,-1.13378571858105,-0.263824861730134,0.463737278674521,16.1539514538766,7.53114601435937,3.14785486989514,1.68359375,2.4921875,1.09375,-2.86328125,-3.123046875,-2.64453125,0.0162059591426475,0.00625322963941527,0.256772229553313,-9.27170394217662e-05,0.000357638334072485,-0.000274420119481639,1.65894294507576,2.78793797348485,2.09749348958333,60,26,44,0.0706296879368546,-0.236891711307378,0.0268996059567903,0.085432486592718,0.0819361530163009,0.213599497998688,0.295311117712352,0.447046404202095,-3.63019070444392e-18,3.35261800762868e-17,-7.48726303395966e-17,-2.88793205492424,-2.82729640151515,-1.64078776041667,0.403660492266663,0.645917498376043,0.691613528590174
"Active",0.0122399210468083,0.170991652688305,0.20771141582873,39.1365260618638,2.90367377856331,0.312327491066794,0.61038,0.21112,0.17849,0.668269049694387,0.528873324970556,-0.168346058238636,-0.147349964488636,-1.05760978929924,0.265739787029174,0.256524616553883,0.451523684771436,-0.299594256967108,-0.600365495464124,0.905124311941991,9.84698315822559,4.49014915521579,3.77681026333474,0.91796875,0.60546875,0.263671875,-1.7734375,-0.970703125,-2.1953125,-0.079349749092833,0.191152881046429,0.0102119283228263,-9.9521112485244e-05,0.000438735012823731,-0.000656909911652394,1.08631480823864,0.752818714488636,1.32128166429924,76,22,20,-0.158015067067841,-0.159232208457721,0.0499280010439071,0.0815840628963101,0.173694318194441,0.218489953274267,0.31398361689017,0.413969759637937,-1.09363632278136e-17,-1.0113804399202e-17,6.67713505554058e-18,-1.60509144176136,-0.823353160511364,-1.13770271070076,0.265739787029174,0.256524616553883,0.451523684771436
"Active",0.00438698658940506,0.126083435710121,0.139244395478336,21.2050135647558,3.40866052266128,0.186983832797605,0.64363,0.22636,0.13001,0.46959933586576,0.504805547076322,-0.148267341382576,-0.117535215435606,-1.04027580492424,0.235187239819382,0.168227722076179,0.364319614462379,-0.329777282680726,-0.429916852262692,0.887188196067571,15.3093773301442,5.47049525002303,5.82333808255667,1.001953125,0.4296875,0.423828125,-1.68359375,-0.6796875,-2.283203125,-0.0439337314627522,0.269480721426438,-0.0616605342256922,4.59279708584154e-05,-0.000280208963446249,0.000326325458654266,1.15022046638258,0.547222715435606,1.46410392992424,71,12,14,-0.122300066560496,-0.138170217038394,0.0366108134154876,0.0460764870137498,0.0494367832491961,0.221942486152701,0.23288364727778,0.34097740434307,-1.47081881081045e-17,6.73478463128401e-18,6.68591339699394e-18,-1.53532640861742,-0.562152284564394,-1.24292732007576,0.235187239819382,0.168227722076179,0.364319614462379
"Active",0.0157799371319645,0.342367139660759,0.389706951056653,54.5279818372299,2.90367377856331,0.354628421227947,0.5318,0.27325,0.19495,1.04143973246313,0.729043708257808,-0.137576941287879,-0.299397786458333,-0.988784327651515,0.468138429963204,0.426889134545546,0.575686737458396,-1.90504352962299,-0.449470692421639,0.193862285123006,17.8972766738715,7.01462284634773,3.02218635786861,1.48828125,1.66796875,0.66015625,-3.677734375,-2.17578125,-2.697265625,0.152006789244547,0.365928151881049,-0.00632999955486939,0.000121121799366069,-0.00230771318842978,0.000577168570117199,1.62585819128788,1.96736653645833,1.64894057765152,83,30,38,-0.0587883351784277,-0.298715645038066,0.0458280162520818,0.235825946167705,0.151106360409773,0.22093019657172,0.184574845014309,0.331610732023985,2.50855224245628e-18,-2.65873888430399e-17,-1.33059635654226e-17,-3.54015743371212,-1.87638346354167,-1.70848129734848,0.468138429963204,0.426889134545546,0.575686737458396
"Active",0.00252702533312784,0.0635530990498591,0.0711341750492426,10.9004762200081,0.378740058073476,0.141914150597382,0.63367,0.22686,0.13948,0.378911182133838,0.314276626768393,-0.0448996803977273,-0.190007990056818,-1.09886215672348,0.16805883339719,0.135022110969271,0.256482975593395,-0.870068871126021,-0.265394986977965,1.70099758211854,11.6427882778633,6.41048485886572,9.0256292123739,0.7578125,0.37109375,0.044921875,-1.0625,-0.841796875,-1.794921875,0.140642232317425,0.245734441004475,0.323790449391673,0.000167228104068702,-5.91667111652068e-05,0.000269957315030098,0.802712180397727,0.561101740056818,1.14378403172348,56,4,6,-0.0316956465118942,-0.178186084473959,0.063887645905017,0.164477053373361,0.172770341734338,0.226065878385593,0.210261801517195,0.25317981216656,-2.30308258358444e-18,-5.48369130052434e-18,1.34685938912954e-17,-1.01760031960227,-0.651788884943182,-0.696059718276515,0.16805883339719,0.135022110969271,0.256482975593395
"Bodycare",0.00357407298888566,0.150495872011118,0.161218090977775,29.2881391367649,7.44855447544502,0.168772861174414,0.43851,0.35212,0.20937,0.497879014308569,0.782380671446549,-0.0243696732954545,-0.497455018939394,-0.834184126420455,0.37898230222818,0.295520703690404,0.369716310816953,0.859902149400884,-0.249884416890407,-0.17266078961675,17.207431122437,14.2656725730842,17.615589104967,2.171875,0.9765625,1.021484375,-1.7578125,-2.314453125,-3.09765625,0.0827045200631349,0.145040526292421,-0.175822105814332,-0.000165323116468509,0.0012246681869542,-0.000740228757483907,2.19624467329545,1.47401751893939,1.85566850142045,26,18,16,-0.0419322329893175,-0.513969131368819,0.027504092443953,0.154520302706822,0.0490724146272985,0.301524914717661,0.246176561476663,0.431882191380201,3.58987963645413e-19,-1.38777878078145e-17,4.03920751407398e-17,-1.73344282670455,-1.81699810606061,-2.26347212357955,0.37898230222818,0.295520703690404,0.369716310816953
"Active",0.00830481096235109,0.16512892458695,0.190043357474003,35.5062561828698,3.0299204645878,0.257268005707192,0.68612,0.2008,0.11308,0.569979300731032,0.521519338115843,-0.0875577059659091,-0.275582978219697,-1.02454723011364,0.227992973056285,0.217365696215231,0.42160771823044,-0.278338365725207,-0.475972561751766,0.725935205564326,7.7059130428761,7.44234423430046,4.69036058532162,0.76953125,0.521484375,0.375,-1.169921875,-1.125,-2.20703125,-0.132057899942174,0.10620076140938,0.447668182389171,1.59742540957684e-05,0.000213245241849226,-9.97140951809524e-06,0.857088955965909,0.797067353219697,1.39954723011364,44,16,12,-0.0483878103455025,-0.253332067145197,0.0473115719384149,0.0467540210532806,0.153552408563422,0.223549651529803,0.289234143309492,0.364138892132404,-6.52990532870874e-18,-4.85040102143921e-18,1.00948026267519e-16,-1.08236416903409,-0.849417021780303,-1.18248401988636,0.227992973056285,0.217365696215231,0.42160771823044
"Active",0.00878319744412562,0.378375863403591,0.404725455735968,50.4366613470651,3.40866052266128,0.264574038890247,0.51398,0.35797,0.12804,0.955106316628644,0.921464808514311,-0.050833037405303,-0.281087239583333,-0.957467743844697,0.342071365337742,0.57868210989457,0.579259435848791,0.304956715058246,0.489891601496659,0.64398349167701,10.4083879008112,17.2014243170769,5.15435250541624,1.595703125,3.998046875,1.861328125,-1.84765625,-3.18359375,-2.41796875,-0.306864681068421,-0.123181822240125,0.169185192874667,0.000156345918131925,-0.000655314460653236,0.00103941690030099,1.6465361624053,4.27913411458333,2.8187958688447,81,28,36,-0.0904647826374432,-0.250830381080297,0.0306060642836494,0.0675871479067757,0.106057224691909,0.225401613536889,0.224582762805893,0.324015556168849,7.35904791341043e-19,-2.80472116261351e-17,4.79215306825387e-17,-1.7968232125947,-2.90250651041667,-1.4605010061553,0.342071365337742,0.57868210989457,0.579259435848791
"Bodycare",0.000164136624615963,0.00314147640664487,0.00363388628049276,0.324655543363783,0.252493372048984,0.0361679299907823,0.61235,0.217,0.17064,0.0927885701833678,0.0685568450663147,0.00331439393939394,-0.815237334280303,-0.576734138257576,0.0483707124387891,0.0495637960653591,0.0337342544853215,-1.49641434290021,1.52452161963018,-0.758481919703757,13.7481040503205,9.08863106853653,3.04167947996323,0.193359375,-0.521484375,-0.51171875,-0.33984375,-0.9375,-0.69921875,-0.46319681990777,0.224721412893197,-0.250034839866031,0.000119056948212667,-0.000269657332027862,0.000309663982351678,0.190044981060606,0.293752959280303,0.0650153882575758,0,0,0,0.00708085296679357,-0.952608846514835,0.062018438525321,0.222533207794784,0.563670184911689,0.227829874734757,0.171373170854243,0.11069471878211,1.26037860859813e-19,-4.71285153364207e-17,4.37094026756661e-17,-0.343158143939394,-0.122262665719697,-0.122484611742424,0.0483707124387891,0.0495637960653591,0.0337342544853215
"Bodycare",0.00127448422195918,0.113888284525017,0.117711737190894,10.645864052986,8.33228127761646,0.100783198211184,0.54562,0.31536,0.13902,0.405739131818899,0.597556509676627,0.00406901041666667,-0.773282137784091,-0.613517992424242,0.331499889495741,0.210748364531821,0.247852167935769,-0.100631845292254,1.75701825145496,-1.55902240177961,13.1105092015021,10.3351692513731,17.5105044299127,1.431640625,0.283203125,0.48046875,-1.853515625,-1.572265625,-2.2265625,0.0573731549742602,-0.224744008390635,-0.394080286080746,5.15257428470803e-06,-0.000230128998550503,0.000293669984151724,1.42757161458333,1.05648526278409,1.09398674242424,18,20,35,-0.00966029264174261,-0.869460569099829,0.0202436815077747,0.199749363676807,0.120804625018001,0.232115162435937,0.217829273388505,0.315550958106837,-8.27846367615737e-19,2.98196152344322e-17,6.66779202545572e-18,-1.85758463541667,-0.798983487215909,-1.61304450757576,0.331499889495741,0.210748364531821,0.247852167935769
"Active",0.00707195784148096,0.141052156051965,0.162268029576408,30.5929904183946,3.1561671506123,0.237405477988768,0.686,0.20056,0.11344,0.482282822453943,0.499579587948516,-0.0671164772727273,-0.179620916193182,-0.969371448863636,0.179455967792314,0.221714851599395,0.393928434498824,-0.760509478548679,-0.427916581641838,1.40144081942092,19.4294959419991,9.37255437039981,6.27951331322273,1.03515625,0.763671875,0.4609375,-1.375,-1.15625,-1.978515625,0.275175017718167,0.167395961831733,0.285941142941037,5.91711695113124e-05,0.000141544209061886,-0.00126502386208741,1.10227272727273,0.943292791193182,1.43030894886364,72,15,12,-0.0563511979144684,-0.165878374593268,0.0292644531287367,0.0406685280450033,0.179244046449723,0.258265257604383,0.359086711452353,0.444634948078117,1.01008438325715e-17,8.18485370165324e-18,-1.60918292612769e-17,-1.30788352272727,-0.976629083806818,-1.00914417613636,0.179455967792314,0.221714851599395,0.393928434498824
"Active",0.016991834799357,0.34814945118309,0.399124955581161,72.0951489856265,3.53490720868577,0.367994258528617,0.7226,0.20066,0.07674,0.906854410583104,0.568532701278223,-0.0851089015151515,-0.278875177556818,-1.05357776988636,0.215443584148901,0.357957988668014,0.614650857515414,-0.245976128691431,0.158632325937859,0.44891918086135,4.03504249749482,3.38533724923645,2.64885401542467,0.501953125,0.748046875,0.353515625,-0.876953125,-1.162109375,-2.55078125,0.208125350583753,0.226487896772326,0.317588945217663,-0.00018798807425536,0.000310380502261476,-0.000848768467233855,0.587062026515151,1.02692205255682,1.40709339488636,85,31,34,-0.0752734702048128,-0.264661294060009,0.0264466945689305,0.0373129648963106,0.0622286689798127,0.219958468790015,0.289507195501545,0.456522262839656,-1.45258450154592e-18,-1.46962783115128e-17,-1.00993868717331e-16,-0.791844223484849,-0.883234197443182,-1.49720348011364,0.215443584148901,0.357957988668014,0.614650857515414
"Active",0.0313164717757287,0.272782285947122,0.366731701274308,75.6310263199015,2.90367377856331,0.499582616003225,0.72417,0.19484,0.08099,0.892123920311065,0.456710261643958,-0.0986550071022727,-0.168923117897727,-1.03576290246212,0.21480863968927,0.310831536517111,0.603040243092144,-0.267422567397054,0.155007831146894,0.631657684058278,6.24177766138374,2.80168395722676,2.305981501436,0.818359375,0.76953125,0.33203125,-0.923828125,-0.890625,-2.06640625,-0.192735082467053,0.160386530864867,0.119589319622126,-1.262922070352e-05,-0.000165561956438443,-0.000349344536503206,0.917014382102273,0.938454367897727,1.36779415246212,83,27,30,-0.0679554873902482,-0.203550269357948,0.0454882272207933,0.0510555622852731,0.140231364122329,0.220095801100298,0.357408923018347,0.46057158620966,-1.3089687819557e-17,4.08688263517186e-18,-1.07746287034517e-16,-0.825173117897727,-0.721701882102273,-1.03064334753788,0.21480863968927,0.310831536517111,0.603040243092144
"Active",0.00156075026257413,0.0484970526731045,0.0531793034608269,9.79555610776142,2.77742709253882,0.11152894977579,0.6939,0.19897,0.10713,0.265400027440599,0.29804813438314,-0.0722582267992424,-0.121530243844697,-0.978042140151515,0.100423526360268,0.117467497999323,0.22968382484773,0.209847133467284,-1.02105671942597,0.833379760615308,13.8254875409643,10.6546147352383,8.86118826486601,0.5703125,0.4296875,-0.05859375,-0.63671875,-0.685546875,-1.826171875,0.272752000513606,0.116705803986817,0.109987509345261,9.4772336976371e-05,0.000320965889728949,5.72629973781862e-05,0.642570726799242,0.551217743844697,0.919448390151515,88,6,6,-0.0802975603094771,-0.133042328983559,0.055842994376436,0.103261766033748,0.0787962722862164,0.244341804208023,0.256109785109168,0.433445300550551,6.7345536222984e-18,4.02838602648118e-18,-1.34679265320036e-17,-0.564460523200758,-0.564016631155303,-0.848129734848485,0.100423526360268,0.117467497999323,0.22968382484773
"Active",0.0116087903349832,0.160072236469453,0.194898607474402,37.0994463431783,3.1561671506123,0.304168606457937,0.71276,0.18262,0.10462,0.592698390599891,0.450107501120256,-0.110455137310606,-0.151663115530303,-1.05534593986742,0.202297035337146,0.203296801895418,0.437250599740356,-0.448558481755615,-0.504396069772641,0.778244473250674,7.83888449209884,4.16189440490037,3.43848868644249,0.60546875,0.384765625,0.1171875,-1.142578125,-0.85546875,-2.017578125,0.287985908808634,0.246412802219984,0.0910309015366298,-0.000106734079577249,2.51195957711849e-05,0.00052801785193114,0.715923887310606,0.536428740530303,1.17253343986742,92,14,20,-0.126015166721249,-0.176782611415661,0.0302845767363251,0.0515993954190103,0.0823088414688728,0.231677061776313,0.268114304615095,0.440664115467041,7.34952520967009e-18,6.52790325083341e-18,6.73290575820101e-17,-1.03212298768939,-0.703805634469697,-0.962232185132576,0.202297035337146,0.203296801895418,0.437250599740356
"Active",0.000358922415975647,0.0160099736609104,0.0170867409088374,2.07869885077358,0.504986744097967,0.0534836693856866,0.60462,0.29353,0.10184,0.165249462845787,0.183329798303139,-0.108524206912879,-0.0971975615530303,-1.03287760416667,0.0957466050273955,0.0651935796138646,0.121830230679151,-1.11742209161423,0.54295724736676,3.28739142621433,20.8329692912716,23.6206080158124,25.521407957959,0.4296875,0.40234375,-0.140625,-0.796875,-0.466796875,-1.466796875,0.369550906748888,0.35930756684355,-0.0829933480481885,-0.000136769957289554,-0.000116769179753993,-0.000127965997544497,0.538211706912879,0.49954131155303,0.892252604166667,93,0,2,-0.0988661924345521,-0.0967924080900056,0.0428405911234,0.0500272232120201,0.227446969302131,0.237030584653193,0.209435073811742,0.218160595621429,-3.36703296833105e-18,4.10527030873517e-19,7.39998783919439e-17,-0.688350793087121,-0.36959931344697,-0.433919270833333,0.0957466050273955,0.0651935796138646,0.121830230679151
"Active",0.00112446109918368,0.0803660841464892,0.0837394674440402,7.96659619204473,4.92362075495518,0.0946658027732627,0.58109,0.33309,0.08582,0.348760319369117,0.39281094173637,-0.0721990411931818,-0.0921741832386364,-1.00587417140152,0.283648142482577,0.111831077007899,0.226151245304194,1.6994311661402,0.920202449249919,1.56693932792993,20.4170008260488,8.53207617835425,8.42555269091223,1.84375,0.455078125,0.091796875,-1.58203125,-0.5,-1.5703125,0.0891497598577358,-0.158770380622411,0.0186590054784094,-0.000165201467310489,-0.0001307944996951,0.000173005483714756,1.91594904119318,0.547252308238636,1.09767104640152,98,10,4,-0.0783209971876379,-0.100780011866956,0.042209924303914,0.0737364323319882,0.259133540860185,0.237075321502931,0.222495960418128,0.253026852012235,8.39468686358669e-18,1.57676466514641e-18,-1.34686452266256e-17,-1.50983220880682,-0.407825816761364,-0.564438328598485,0.283648142482577,0.111831077007899,0.226151245304194
"Active",0.000700473796168315,0.0164625972038146,0.0185640185923195,3.28079048663731,0.504986744097967,0.0747165570049554,0.71339,0.20045,0.08616,0.182056213322859,0.143172992074209,-0.0301920572916667,-0.215369022253788,-1.01797762784091,0.0709322950866467,0.0586224463978467,0.132492725726022,-0.297309977477767,0.0839414939009362,1.10802423407591,7.32655418096006,6.83320529554461,10.059587721532,0.275390625,0.111328125,-0.259765625,-0.39453125,-0.427734375,-1.35546875,0.138366435619485,-0.113580379264291,0.48719548456909,-7.79134196319678e-05,-0.000278379767729849,-0.000819889848789205,0.305582682291667,0.326697147253788,0.758212002840909,5,2,0,-0.0329201845353845,-0.207677784873374,0.0505982183021319,0.213049283509238,0.344360198752655,0.231063529157133,0.198000385189618,0.232479398726673,2.46242423987039e-18,-5.9833158100658e-18,8.080592929529e-17,-0.364339192708333,-0.212365352746212,-0.337491122159091,0.0709322950866467,0.0586224463978467,0.132492725726022
"Active",0.00529800062695783,0.13338940708502,0.149283408965894,25.2661775690527,3.0299204645878,0.205483477540455,0.70362,0.18999,0.10639,0.491885014473571,0.415882233290898,-0.0507590553977273,-0.121456261837121,-0.998683120265151,0.16309888707974,0.19526993897098,0.383969070727974,-0.809908725004643,-0.809957213200053,0.709495373997173,7.44113659652889,8.23608726936147,4.54111246488207,0.529296875,0.64453125,0.310546875,-0.8515625,-0.95703125,-2.091796875,0.210278693959983,0.222345251858198,0.06290916712223,-2.88028265608593e-05,0.000237903080345205,0.000119046757707282,0.580055930397727,0.765987511837121,1.30922999526515,97,8,16,-0.0388706097372648,-0.146431705172761,0.0256249008962651,0.0551181059653188,0.0771956243822166,0.22842270514441,0.222309903118725,0.383769156214311,-1.31931798451124e-18,3.33431952920148e-18,-2.60968284282543e-17,-0.800803444602273,-0.835574988162879,-1.09311375473485,0.16309888707974,0.19526993897098,0.383969070727974
"Active",0.0239447825843685,0.205589831765475,0.277424179518581,57.8376450709465,3.28241383663679,0.436843978100528,0.78284,0.15736,0.0598,0.632718397128243,0.525765295053251,-0.0688254616477273,-0.131761955492424,-0.989546342329545,0.161251689675207,0.235602379396822,0.522370682276016,-0.15864595356826,0.570728353570898,0.411345321151854,5.89149880240149,6.2873958769642,3.19641119004533,0.62890625,0.884765625,0.380859375,-0.677734375,-0.80859375,-2.171875,0.172660919022291,0.376319229943093,0.0835485254666883,-6.19716477721109e-05,-0.000184250706405833,-0.00045752757856472,0.697731711647727,1.01652758049242,1.37040571732955,90,18,22,-0.0465994223020492,-0.172634070173647,0.0305301323571722,0.0451806198809861,0.0926651644122696,0.240223045766676,0.354171044894763,0.516050106169912,1.05101901508519e-17,1.55377413754473e-17,-4.04065517038383e-17,-0.608908913352273,-0.676831794507576,-1.18232865767045,0.161251689675207,0.235602379396822,0.522370682276016
"Active",0.0240478730693959,0.225017656435302,0.29716127564349,62.4340253730346,3.0299204645878,0.437783349533558,0.77275,0.18076,0.04649,0.689291653663768,0.497138996037651,-0.0618933475378788,-0.140943122632576,-0.995442708333333,0.140573342975696,0.266779089166146,0.54186560284053,0.211342048229767,0.510982230955349,0.40625511030465,5.09394429633138,5.19823593616165,2.79619191629515,0.490234375,0.82421875,0.326171875,-0.65234375,-0.884765625,-2.265625,-0.0403044793805528,0.283663552745966,0.142635651608495,-4.06066163282875e-05,0.000265555016704276,0.000693525034403145,0.552127722537879,0.965161872632576,1.32161458333333,101,24,26,-0.0852205727609995,-0.165046009270903,0.0316742233769585,0.0556937075719064,0.101296465309131,0.23067319790902,0.378274666101658,0.553489243171798,-3.36759765696255e-18,-1.6799769131526e-17,4.63199710529363e-17,-0.590450402462121,-0.743822502367424,-1.27018229166667,0.140573342975696,0.266779089166146,0.54186560284053
"Bodycare",0.00118929278241169,0.0679602294069922,0.0715281077542272,5.63063165871695,0.252493372048984,0.0973565769944124,0.5532,0.36708,0.07972,0.380536208139635,0.370169192107912,0.129527698863636,-0.726606889204545,-0.635978929924242,0.240413092086079,0.245531118186739,0.105900527043156,0.528285082857731,0.636670084239746,0.965193548041854,4.97659632689485,15.9052883534314,10.6463663716523,0.96875,0.794921875,-0.037109375,-0.736328125,-1.9453125,-1.201171875,-0.197439595180638,0.246132075085901,-0.134042370725907,0.000380075279301371,0.000556728963943546,-0.000322163911018137,0.839222301136364,1.52152876420455,0.598869554924242,8,2,65,0.189276981508234,-0.796977766813711,0.270859401420125,0.0633965418192692,0.239251363276299,0.17748864378376,0.206617662264519,0.188166506878172,1.00899591383535e-17,-4.04006481408726e-17,6.68550271435285e-18,-0.865855823863636,-1.21870561079545,-0.565192945075758,0.240413092086079,0.245531118186739,0.105900527043156
"Bodycare",0.000580820725414993,0.0524769500617562,0.0542194122380012,4.16351328262914,4.79737406893069,0.0680364988464064,0.46244,0.42564,0.11191,0.29881400116219,0.415977568458,0.11886689157197,-0.716463955965909,-0.661998401988636,0.223543032009021,0.231358046987782,0.117250368545886,0.6668982247822,0.423413476093851,-2.7149752710796,9.81043129109915,25.4336849154781,27.8489278294034,1.205078125,0.78515625,-0.212890625,-0.876953125,-2.318359375,-1.59765625,0.0231909445913357,0.086022963590009,-0.160965185641154,-0.00113149575932309,1.75340383260658e-06,-0.000383163639339263,1.08621123342803,1.50162020596591,0.449107776988636,8,6,34,0.170646472620106,-0.788998407275461,0.170326594340023,0.0331032873182761,0.177088544621122,0.191982262121458,0.22472496258817,0.180922296467958,-3.08335393399606e-18,-2.85789943110204e-17,-1.00966952962049e-17,-0.99582001657197,-1.60189541903409,-0.935657848011364,0.223543032009021,0.231358046987782,0.117250368545886
"Bodycare",0.00122281468999383,0.076536995754511,0.0802054398244925,5.1546005027754,15.7808357530615,0.11472666271427,0.56753,0.34515,0.08732,0.407966550716684,0.356447378399676,0.109966856060606,-0.764396898674242,-0.589288884943182,0.276189213351414,0.228195262780651,0.113888561555442,0.674056876289099,0.691595315946517,-0.80673153596301,7.74182238193294,6.78678350139146,10.534706408826,1.341796875,0.22265625,-0.099609375,-0.96875,-1.66796875,-1.220703125,-0.151267020540244,0.188151996057483,-0.102263180694858,0.000255968935671008,-8.47786357277493e-05,0.000504828083117022,1.23183001893939,0.987053148674242,0.489679509943182,16,2,76,0.169546238600131,-0.855709955880252,0.0327915254428564,0.0315886557406909,0.153659671815451,0.217696366866299,0.21584810473559,0.187777696072224,-7.34711244915366e-18,6.7351953139251e-18,-5.05187903754711e-17,-1.07871685606061,-0.903571851325758,-0.631414240056818,0.276189213351414,0.228195262780651,0.113888561555442
"Bodycare",0.000702901767073669,0.0972893726861077,0.0993980779873287,5.55068103446903,6.94356773134705,0.0748459356481143,0.61816,0.32314,0.0587,0.351474506248565,0.424965396124157,0.120442708333333,-0.758241595643939,-0.618585759943182,0.24277588096761,0.303972143848007,0.097246772012356,-0.704983325750935,-1.32620828235347,0.00367910569695833,7.64443897083101,20.5279869658828,8.69938439665726,1.0703125,0.912109375,-0.255859375,-0.951171875,-2.728515625,-1.072265625,-0.228007797467986,0.038652518562231,0.00264498106921191,4.45745443621235e-05,-0.000125441299835649,0.000192035615612506,0.949869791666667,1.67035097064394,0.362726384943182,16,10,60,0.183312534591181,-0.816613547589112,0.166203587297249,0.0292575462561927,0.158978818415843,0.192447827666164,0.211410187232924,0.197522421496099,5.8486630385888e-18,5.38450181732598e-17,-5.04492053354709e-17,-1.07161458333333,-1.97027402935606,-0.453679865056818,0.24277588096761,0.303972143848007,0.097246772012356
"Bodycare",0.00195023261048744,0.108323848781145,0.114174546612608,7.29853528302577,8.71102133568994,0.124670617733313,0.55284,0.35031,0.09684,0.442168040490129,0.498415334946098,0.252944483901515,-0.75485321969697,-0.548576586174242,0.275337818852916,0.330105608736704,0.14744902888355,-0.478966326551456,-1.93809145740848,2.75683854542468,10.3250819882569,22.8003624928854,18.8724942576611,1.25,0.619140625,0.392578125,-1.232421875,-3.380859375,-1.037109375,-0.146707488068733,-0.129887742726455,-0.186213583358199,0.000195982525728988,0.000269238247493951,0.000302980284633044,0.997055516098485,1.37399384469697,0.941154711174242,14,8,58,0.386049511994731,-0.825713511130545,0.0658040162269362,0.0445802511799706,0.0816331000070097,0.202784500382167,0.208087227890138,0.205478221753366,1.34673618433721e-17,2.69367770999498e-17,6.71145272373691e-18,-1.48536635890152,-2.62600615530303,-0.488532788825758,0.275337818852916,0.330105608736704,0.14744902888355
"Bodycare",0.00144155727553644,0.00402321627584505,0.00834788810245437,2.09294094836886,0.252493372048984,0.107185701707305,0.67278,0.26131,0.06591,0.154094713559602,0.0762100078779821,0.0416000828598485,-0.64749053030303,-0.745309540719697,0.0682141271455526,0.0670777704866876,0.0570560566112362,-0.345647539996766,0.00581936294583238,0.280271177651232,4.34426921388192,2.06327006716616,2.1177350888043,0.234375,-0.498046875,-0.62109375,-0.19921875,-0.771484375,-0.8515625,-0.348865812024285,0.434307026716506,-0.774297829927167,-0.000594256136926152,0.000561667537615193,-0.000529148361122161,0.192774917140152,0.14944365530303,0.124215790719697,0,0,8,0.0587676800415859,-0.711958973679252,0.435272344517688,0.692637332523474,0.771103472954256,0.168245235552857,0.10523129507456,0.103954349522156,-7.69413928087724e-19,-2.69333889681607e-17,4.70345716822707e-17,-0.240818832859848,-0.12399384469697,-0.106252959280303,0.0682141271455526,0.0670777704866876,0.0570560566112362
"Bodycare",0.00337360809905993,0.289914355843973,0.300035180141152,17.604841542229,11.6146951142532,0.163971443379703,0.76019,0.15664,0.08317,0.618039694261507,0.709829798507597,0.140669389204545,-0.754475911458333,-0.596827651515151,0.436122366185315,0.402896641522665,0.205322323039041,-0.274876404017364,0.237233620477558,-0.851260098592436,11.2963772712574,10.9561175952684,12.6069087564847,2.630859375,1.1875,0.369140625,-2.134765625,-2.73046875,-1.810546875,-0.670643483689208,0.226046545426254,-0.384645559416472,0.000156114721041029,0.00013017924793255,-0.000205123409058299,2.49018998579545,1.94197591145833,0.965968276515151,32,28,79,0.236297840660554,-0.794631028455841,0.0413817467865743,0.0316552925985877,0.084760430222886,0.215425257691199,0.222705636862704,0.200637879841981,2.14603240809747e-17,4.16333634234434e-17,-2.39855731395579e-17,-2.27543501420455,-1.97599283854167,-1.21371922348485,0.436122366185315,0.402896641522665,0.205322323039041
"Bodycare",0.00125396162009616,0.0249231208140085,0.028685005674297,3.93721228313914,0.252493372048984,0.0999684656469061,0.46727,0.32898,0.20375,0.318888850776946,0.197151110970517,0.0617823745265152,-0.670506332859849,-0.710863517992424,0.163512886701584,0.141307461696973,0.121178022778925,0.617784696857337,0.0353482172982592,0.529612361176353,6.39555644354725,4.11498351100349,4.65185832894215,0.880859375,-0.171875,-0.166015625,-0.55078125,-1.083984375,-1.064453125,0.0225626012429723,0.251283469450314,0.11559943783857,-0.00102090839489757,0.000222491214765308,-0.000402454902937474,0.819077000473485,0.498631332859849,0.544847892992424,4,2,63,0.0936166289511119,-0.737897637180134,0.238684361243375,0.101539484373473,0.159126599094144,0.165134590688626,0.277209373358774,0.269017673270594,3.56903749241867e-18,2.35295742357868e-17,-4.37068487429918e-17,-0.612563624526515,-0.413478042140151,-0.353589607007576,0.163512886701584,0.141307461696973,0.121178022778925
"Bodycare",0.00311846523337538,0.188348821144799,0.197704216844925,14.4148803712719,10.3522282540083,0.157649049856119,0.59391,0.28321,0.12288,0.598313737068842,0.577213797503734,0.181174538352273,-0.742106119791667,-0.610684481534091,0.392821215257659,0.358762947539873,0.223305249112912,-0.265932457265483,-1.20979212294207,2.22902808945157,8.25030190346535,14.7390382752103,17.5729917577319,1.810546875,0.974609375,1.083984375,-1.525390625,-3.2265625,-1.244140625,-0.38652233414302,-0.192303705451259,-0.147785010214565,0.000273027204776983,0.000162734091194423,0.000262325900310769,1.62937233664773,1.71671549479167,1.69466885653409,28,18,111,0.244840477796664,-0.774027539877083,0.0564027245376301,0.0294436641089586,0.0837339038655057,0.212650194896674,0.221382383062943,0.201522182329303,1.23974822279948e-18,-3.99647726865151e-17,2.98329624202677e-17,-1.70656516335227,-2.48445638020833,-0.633456143465909,0.392821215257659,0.358762947539873,0.223305249112912
"Bodycare",0.000187400846578661,0.0306377384910576,0.0311999410307936,0.564217559112554,0.252493372048984,0.0386461894511814,0.84712,0.1022,0.05068,0.12685033484705,0.273736676424448,-0.0706602154356061,-0.730246803977273,-0.670350970643939,0.129304890733881,0.126391342053233,0.064312124508183,5.62868843313123,2.74390562641603,-0.76561385008765,100.912569190929,70.3371119676441,22.1531031871361,1.53125,0.654296875,-0.4296875,-1.001953125,-1.638671875,-1.203125,0.77013142255872,-0.663752755561217,-0.682067468944643,0.000235704478808639,0.0003235752960138,-0.000398499713035368,1.60191021543561,1.38454367897727,0.240663470643939,0,4,43,-0.112097342604175,-0.819500639697485,0.0440029026713074,0.0717572654282375,0.319750403526972,0.209469482009074,0.202332905835402,0.188014189462603,3.26536334699546e-18,-2.02037122022253e-17,5.38735541998995e-17,-0.931292909564394,-0.908425071022727,-0.532774029356061,0.129304890733881,0.126391342053233,0.064312124508183
"Bodycare",0.00184696089044767,0.144953649467592,0.150494532138935,8.32307562634241,9.2160080797879,0.121324847462297,0.66936,0.22125,0.10939,0.480146087562414,0.535183593581166,0.166348544034091,-0.728737571022727,-0.643650864109849,0.336287506502515,0.294244306878336,0.158629535016997,0.805368130444538,-1.30764110644056,0.408136123599775,13.3808389182634,16.9456392689295,8.35037265697017,2.369140625,0.43359375,0.009765625,-1.474609375,-2.890625,-1.46484375,-0.492268772521962,0.105844421364982,-0.00853149987711775,0.000725906002166909,-0.000133550394494844,0.000279715997748305,2.20279208096591,1.16233132102273,0.653416489109849,18,8,77,0.237659269776268,-0.764555840833395,0.0836403735682116,0.0499299153024038,0.162943050180383,0.203089912544689,0.215439301482682,0.185665369054869,-6.60087642262263e-18,2.10212273346511e-17,2.35834506647652e-17,-1.64095791903409,-2.16188742897727,-0.821192885890151,0.336287506502515,0.294244306878336,0.158629535016997
"Bodycare",0.00905445490781466,0.0229926258295037,0.0501559905529477,10.8247164400752,0.252493372048984,0.268628482929619,0.72481,0.21151,0.06369,0.317692584133236,0.205564195416751,-0.0205817945075758,-0.310746626420455,-0.917132753314394,0.121778844711909,0.210476365360346,0.100342729097487,2.60781096132595,-0.147864520641191,0.555101902794213,14.4374640806498,2.52331147103908,3.56262469512762,0.775390625,0.208984375,-0.5859375,-0.291015625,-0.73828125,-1.26171875,0.216327267177219,0.0359643087374824,-0.67258541386434,0.000253120689416223,0.00187394668388726,-0.000861418068948144,0.795972419507576,0.519731001420455,0.331195253314394,16,0,6,-0.0229706381097924,-0.324314052765391,0.288276819466275,0.714719070408209,0.558118470775497,0.186652589411255,0.103718357715787,0.119495616694137,9.12998846479862e-20,-1.47150157070127e-17,-1.68615147051342e-17,-0.270433830492424,-0.427534623579545,-0.344585996685606,0.121778844711909,0.210476365360346,0.100342729097487
"Bodycare",0.00272145252811937,0.0632775052671517,0.0714418628515098,8.73987043113248,0.378740058073476,0.147272373398839,0.55721,0.36432,0.07847,0.409764873970529,0.317113165311095,0.183800899621212,-0.697162050189394,-0.658269708806818,0.267085420303008,0.214145324750227,0.104982213452225,0.754887049788084,-0.421518358704211,0.314130095060386,6.1237766280055,6.77866700877486,3.05539216838218,1.458984375,0.044921875,-0.318359375,-0.599609375,-1.783203125,-0.943359375,0.0262903651649069,0.0496722105483652,-0.254742686929149,2.65449927117507e-05,-0.00015689684232924,0.00030037852122723,1.27518347537879,0.742083925189394,0.339910333806818,4,0,70,0.245400373071128,-0.753403569590603,0.285322622956946,0.142800091239125,0.373948475727895,0.170565444459799,0.194234118031003,0.155492328350855,-1.30585786094942e-17,-1.63823230606875e-17,5.04846523809303e-17,-0.783410274621212,-1.08604107481061,-0.285089666193182,0.267085420303008,0.214145324750227,0.104982213452225
"Bodycare",0.0009795661222402,0.097596037317089,0.10053473568381,6.67120517616615,0.252493372048984,0.0883563532296096,0.53046,0.38615,0.08339,0.478428864282025,0.400219098651278,0.213438091856061,-0.684326171875,-0.689837831439394,0.308419540622325,0.279647377173761,0.127277228100153,1.02632092389242,-0.70132412013405,0.258782246379085,13.8539199212623,8.05041587459898,4.8279330821804,2.388671875,0.376953125,-0.31640625,-1.26171875,-2.16796875,-1.216796875,0.126742875961985,0.00336633675482583,-0.137225759665044,0.000231783044955618,-5.50714018140739e-05,0.000296429063484403,2.17523378314394,1.061279296875,0.373431581439394,8,8,107,0.274381154203285,-0.706998948137988,0.066625869781741,0.0193391369820116,0.124210317068796,0.208178120293565,0.215938625986221,0.239664311477999,2.73838051547795e-18,0,-1.6783213487557e-17,-1.47515684185606,-1.483642578125,-0.526959043560606,0.308419540622325,0.279647377173761,0.127277228100153
"Bodycare",0.000494693998312091,0.0589132822093027,0.0603973642042389,3.782292504637,10.4784749400328,0.0627898181178697,0.54108,0.35839,0.10053,0.334827713839388,0.351688332725728,0.205588600852273,-0.67355439157197,-0.677845348011364,0.198001589927743,0.23978483691496,0.122159657045296,2.26889437399812,-0.0375419606056462,1.70685040880642,22.7955026816908,12.5811914334369,9.38056701940433,1.85546875,0.517578125,0.0625,-0.587890625,-1.72265625,-1.099609375,0.0451548110729504,0.185343446191662,-0.388669218283259,-0.000134725487146919,-0.000243263286177109,9.57850184488911e-05,1.64988014914773,1.19113251657197,0.740345348011364,6,2,50,0.289265471587942,-0.728374001263987,0.166060681407676,0.0459364614315994,0.328346405644577,0.202747596230975,0.216416703112475,0.1786529726796,-4.51412092023392e-18,2.69335012641954e-17,1.00604413235249e-17,-0.793479225852273,-1.04910185842803,-0.421764026988636,0.198001589927743,0.23978483691496,0.122159657045296
"Bodycare",0.00096163612476691,0.0600609851310501,0.0629458935053508,4.17529235344211,0.252493372048984,0.087543980429873,0.71795,0.20089,0.08116,0.255885380796602,0.351641055189184,0.176669034090909,-0.677867542613636,-0.680582682291667,0.193311002327465,0.203682095332004,0.0939111939454666,-0.55794759982131,-0.262315860468541,2.24419521464802,22.4703518542753,55.5187783327334,11.5773556837799,1.5,1.1328125,-0.041015625,-1.109375,-2.58203125,-0.857421875,-0.555671706632628,0.392132008926566,-0.306955880950349,-0.000484731769593488,0.000194652664776395,-0.000492342166395464,1.32333096590909,1.81068004261364,0.639567057291667,8,6,46,0.253357868194405,-0.743889941194419,0.190000988255681,0.0242310623880607,0.381638996934194,0.187430581054659,0.222116672905103,0.163759722940563,4.4597054702891e-18,-1.09363215178579e-17,-3.70414951457175e-17,-1.28604403409091,-1.90416370738636,-0.176839192708333,0.193311002327465,0.203682095332004,0.0939111939454666
"Bodycare",0.00139237117656447,0.10835258895789,0.112529702487583,6.80967176514739,10.8572149981063,0.105341237635407,0.62261,0.32352,0.05387,0.42800810842803,0.437584483725762,0.236046993371212,-0.652033025568182,-0.682491418087121,0.255956452465973,0.324463129984255,0.0997396077947145,-0.21882936716217,2.39936776029287,0.00501146239063271,7.68486846039053,27.0524472717798,6.19540444977947,1.4140625,2.1953125,-0.33984375,-1.013671875,-1.90234375,-1.185546875,-0.219611619359106,0.117146306349806,-0.096203190506036,-0.000656645595419,-0.000815963956590078,0.000206163477514038,1.17801550662879,2.84734552556818,0.342647668087121,10,6,77,0.314523996888785,-0.688429028208701,0.14280967803235,0.078513351057603,0.107332756408285,0.218679044870036,0.203980886574594,0.197742586737999,-1.19218603942789e-17,-5.22220324602416e-17,3.33987657868877e-18,-1.24971886837121,-1.25031072443182,-0.503055456912879,0.255956452465973,0.324463129984255,0.0997396077947145
"Bodycare",0.00132831363832713,0.0792518671200046,0.083236808034986,5.21674441539463,0.378740058073476,0.102889538720819,0.55476,0.35757,0.08767,0.39616961518595,0.382154179922381,0.2744140625,-0.671512488162879,-0.648393110795455,0.246788134248986,0.272756237778282,0.121407397565569,-0.638427365021984,0.576683530707345,0.57762949605414,8.90724579143858,23.8975261773427,5.62568773207584,1.16015625,1.53515625,-0.02734375,-0.9375,-2.076171875,-1.046875,-0.182543315784139,0.151824832204485,-0.282432702603139,-0.000318874925405501,-0.000931848473095436,0.000661382906609318,0.8857421875,2.20666873816288,0.621049360795455,8,8,66,0.385918920938377,-0.720315590508056,0.135811986899688,0.0800236390172084,0.338431171886233,0.205457684772663,0.199235445724939,0.17513347783491,0,-1.26028235485413e-18,4.04033175780397e-17,-1.2119140625,-1.40465938683712,-0.398481889204545,0.246788134248986,0.272756237778282,0.121407397565569
"Bodycare",0.00138872054335867,0.112356704102225,0.116522865732301,6.85984851383552,4.6711273829062,0.10520305084056,0.57214,0.2954,0.13246,0.462437148921746,0.47175851150971,0.255252722537879,-0.746907552083333,-0.612726384943182,0.318327652742874,0.274335147489394,0.164528886691737,0.540109151914329,-1.30855194616569,-0.289667411528007,8.86014992428939,14.3803348651648,9.48649986833314,1.87890625,0.701171875,0.177734375,-1.16796875,-2.447265625,-1.40234375,-0.285495764236026,0.0459011718631589,-0.0349411420686244,0.000801873035270561,-4.10282484885451e-05,0.000308054519407613,1.62365352746212,1.44807942708333,0.790460759943182,10,10,66,0.350748715353104,-0.793178299567543,0.0561309612447647,0.027340231421479,0.0771754071319908,0.212598708950966,0.211104990193065,0.202424297840324,1.24647315104737e-18,3.91073700025732e-17,-5.04814439227967e-17,-1.42322147253788,-1.70035807291667,-0.789617365056818,0.318327652742874,0.274335147489394,0.164528886691737
"Bodycare",0.00163326874399927,0.137193827184448,0.142093633416446,8.45333641743744,0.378740058073476,0.114090564727114,0.49564,0.33543,0.16893,0.612308050318526,0.516408802260079,0.132694128787879,-0.752596768465909,-0.561057350852273,0.353383650269812,0.321877181241726,0.241252822455416,0.614299452025548,0.125261003917652,1.46378258025835,7.04457340458522,8.10006224739484,8.6463427352094,1.673828125,0.712890625,0.7109375,-1.357421875,-2.0234375,-1.357421875,-0.202591717206752,0.0259881105531763,-0.287256244218352,0.000735757036340157,-0.000758102903927176,0.00123098311575925,1.54113399621212,1.46548739346591,1.27199485085227,18,18,97,0.206299273541158,-0.817061510793451,0.0758658309999611,0.0670103105071709,0.202513294183666,0.203434576105919,0.202328438594635,0.17374166798505,4.50313515958468e-19,-2.69404732437196e-17,-2.02734255805509e-17,-1.49011600378788,-1.27084073153409,-0.796364524147727,0.353383650269812,0.321877181241726,0.241252822455416
"Bodycare",0.00064998765852478,0.0872544040377872,0.0892043670133615,5.20116093843351,0.252493372048984,0.0719736387331179,0.63054,0.24307,0.12639,0.332256166512425,0.422269997551514,0.129512902462121,-0.791207978219697,-0.571799538352273,0.290615113286979,0.186344874725253,0.149300159158077,3.47498805051963,-1.57005453178605,-0.249268923358119,37.3751251153913,18.1178337137694,20.1591344471323,2.908203125,0.0703125,0.376953125,-1.033203125,-2.169921875,-1.671875,-0.292519028648384,-0.111532004709061,-0.220437779094819,-0.000567673566725798,0.000559838341898793,-0.000645618831687091,2.77869022253788,0.861520478219697,0.948752663352273,8,12,23,0.194262985746983,-0.8995206485414,0.0647417561764407,0.0701394123066279,0.159459018678038,0.214613870176699,0.204743055497989,0.181110321535327,-1.64498931889799e-18,4.7054784968512e-17,-2.00926738831398e-17,-1.16271602746212,-1.3787138967803,-1.10007546164773,0.290615113286979,0.186344874725253,0.149300159158077
"Bodycare",0.00383873150451768,0.0409391093863965,0.0524553038999496,6.73328828999839,0.252493372048984,0.17491005356764,0.61584,0.2602,0.12397,0.336325345070018,0.29697770310058,0.168153705018939,-0.721087831439394,-0.643295750473485,0.174196699086387,0.18863448892928,0.138744569130509,0.752987896398205,-2.8353187273034,1.08427025939518,6.7644606845339,23.3989938794742,4.62628132560573,0.87109375,-0.103515625,-0.076171875,-0.513671875,-2.29296875,-0.962890625,-0.32102424466181,0.396867093191988,-0.533692213185793,0.000442801024471887,0.000608407564371384,-0.000377437849126714,0.702940044981061,0.617572206439394,0.567123875473485,0,2,33,0.261371173848306,-0.796680223207695,0.226908488983428,0.212003861880168,0.513854632610614,0.19458623936026,0.174688994194317,0.176869377699795,4.13088984693148e-19,-1.6359966524413e-17,1.34680292026639e-17,-0.681825580018939,-1.57188091856061,-0.319594874526515,0.174196699086387,0.18863448892928,0.138744569130509
"Bodycare",0.00281620471887523,0.209678749011843,0.218127363168469,14.5485983831697,15.402095694988,0.149814212323351,0.6672,0.1969,0.1359,0.550540864522354,0.681850677815695,0.191576408617424,-0.821141098484849,-0.501879142992424,0.40601559229478,0.334919034239912,0.223405882016518,0.389526934426413,-0.295367903345464,-0.0767572826330373,9.66544839977395,16.1486381818856,16.0984554572644,2.47265625,1.25,0.806640625,-1.677734375,-2.875,-1.896484375,-0.528890138473912,-0.245510212475084,0.100113465502536,0.0003514851795404,-5.15970763847678e-05,0.000258418478402651,2.28107984138258,2.07114109848485,1.30851976799242,18,28,48,0.281011527849775,-0.897231613308449,0.0252807653656891,0.0218303162886137,0.035535913279674,0.220375883114492,0.220544505527844,0.207739161380756,-2.10351648767832e-17,2.6497917779528e-17,-4.24534966577061e-17,-1.86931078361742,-2.05385890151515,-1.39460523200758,0.40601559229478,0.334919034239912,0.223405882016518
"Bodycare",0.00456713117480655,0.298641109894471,0.312342503418891,18.8860020471932,16.6645625552329,0.190784306178638,0.68671,0.19636,0.11694,0.664912396335514,0.747539113056185,0.235543915719697,-0.859944661458333,-0.439038825757576,0.500391461539724,0.38515840825565,0.236858883616224,-0.149930077344809,0.169798807023528,0.335176786679379,6.43659803869898,12.4000121970498,10.1743682936306,2.236328125,1.322265625,0.830078125,-1.66796875,-2.66015625,-1.533203125,-0.510988888863598,-0.189716439112267,0.0790402221798285,-0.000323561284068897,-0.00020395468547209,-0.000120135867970182,2.0007842092803,2.18221028645833,1.26911695075758,32,48,48,0.366110260184255,-0.913708239845662,0.0387862933774338,0.0222038450087408,0.0352325200835974,0.211415793428003,0.218938028585482,0.211855500069455,-2.29806455506359e-18,4.03931018473425e-17,-1.51282137792824e-17,-1.9035126657197,-1.80021158854167,-1.09416429924242,0.500391461539724,0.38515840825565,0.236858883616224
"Bodycare",0.0045029108329444,0.114236120904894,0.127744853403727,10.7006224450072,0.252493372048984,0.189438208448382,0.65179,0.24497,0.10324,0.488985704434257,0.432703247503794,0.0909386837121212,-0.746471058238636,-0.599372632575758,0.33873432815918,0.23965835957848,0.15431685529338,-2.04226153604377,1.32524036828106,0.419481908593186,23.146192511717,15.0617393367272,3.32365851020512,1.134765625,0.828125,0.01953125,-2.80859375,-1.71484375,-0.984375,-0.354916791480828,0.122034907437516,-0.308369269866507,-0.000466830873073586,0.000783426309806038,-0.00121061293240352,1.04382694128788,1.57459605823864,0.618903882575758,8,8,39,0.144170786515633,-0.830221619338522,0.125909679620109,0.119648581337016,0.55256107848092,0.188500815760682,0.200368860279638,0.105938064257076,-1.63451691155012e-18,-1.09125051331326e-17,-6.59227775482474e-18,-2.89953243371212,-0.968372691761364,-0.385002367424242,0.33873432815918,0.23965835957848,0.15431685529338
"Bodycare",0.00148574213297725,0.139123540205723,0.143580766604655,8.45412489584441,16.5383158692084,0.108815966544161,0.64581,0.23009,0.1241,0.515747350547377,0.475435853341477,0.19583037405303,-0.729181463068182,-0.601821437026515,0.330550620848156,0.289319630679435,0.171335083049956,0.770381653410484,2.27291334959457,-0.304022884522737,11.7056728875841,18.4588509530837,6.071868443827,2.171875,1.412109375,-0.04296875,-1.283203125,-1.765625,-1.494140625,-0.464429300011992,0.0933256748201433,-0.194058113094786,-3.42133480130962e-05,0.00068098052227563,-0.00079024757934735,1.97604462594697,2.14129083806818,0.558852687026515,14,10,55,0.286769478909927,-0.798379988904021,0.0630497247846529,0.0682443254957841,0.286713315444226,0.20787610302623,0.202567383108551,0.169921834961437,6.20680076082883e-18,-5.22170657670509e-17,-1.33881514289713e-17,-1.47903349905303,-1.03644353693182,-0.892319187973485,0.330550620848156,0.289319630679435,0.171335083049956
"Bodycare",0.000140730300992687,0.0180867947159087,0.0185089856188868,0.927569293129095,6.31233430122459,0.0334899664581193,0.65751,0.28256,0.05993,0.147381406841856,0.183173655075087,0.153061375473485,-0.846746271306818,-0.488924893465909,0.100944905125799,0.127228440067657,0.0421088742958643,-0.585685214018162,0.509563659229334,1.95340584628965,12.2689397107603,58.541674289342,16.1618259197013,0.607421875,0.375,-0.158203125,-0.46875,-1.98046875,-0.576171875,-0.341940289718549,0.173371657884051,0.0265281890377092,-0.000234465058591329,0.000102776978955384,-0.000189691799374222,0.454360499526515,1.22174627130682,0.330721768465909,2,2,4,0.297325552633867,-1.0129040091695,0.100693572750455,0.0300409842765747,0.387512147468627,0.201437779104974,0.225508346770339,0.142186003758119,-1.3468439885305e-17,5.13150270135552e-17,2.52474597234788e-17,-0.621811375473485,-1.13372247869318,-0.0872469815340909,0.100944905125799,0.127228440067657,0.0421088742958643
"Bodycare",0.0013245057116959,0.167280430589766,0.171253947724854,8.74457642599179,14.0133821487186,0.102741954219536,0.55574,0.35659,0.08767,0.582709194214876,0.545709846219851,-0.112319483901515,-0.818078243371212,-0.538884943181818,0.381891284056598,0.363308928603351,0.174124958926177,-0.933888453109821,0.212446401926252,1.2453208441081,11.047671430751,13.216132322344,8.13567002189448,1.052734375,1.46875,0.453125,-2.650390625,-2.5859375,-1.05078125,0.203427129542357,-0.268695418950809,-0.19015210138657,-0.000112361786175479,-0.000711842467830612,0.000770444242853603,1.16505385890152,2.28682824337121,0.992009943181818,14,44,75,-0.18304054025998,-0.874271447978683,0.0900403172103966,0.0529137793364342,0.163447531558354,0.199569455932454,0.206706397024404,0.179406184220098,-7.28309087555703e-18,3.27145171714967e-17,5.05655953627232e-17,-2.53807114109848,-1.76785925662879,-0.511896306818182,0.381891284056598,0.363308928603351,0.174124958926177
"Bodycare",0.000626551174738236,0.00271207227174881,0.00459172579596352,0.946759425262177,0.252493372048984,0.0706641563925545,0.82575,0.12452,0.04973,0.0970743142540462,0.0683946615520594,-0.0378565932765152,-0.779496626420455,-0.610388553503788,0.0525071568385859,0.0358859951156725,0.0389337948637559,-1.02900300922695,0.225258018599087,1.11016556704261,3.78930335771606,4.4287533642345,3.35813573616062,0.076171875,-0.634765625,-0.494140625,-0.22265625,-0.896484375,-0.66796875,0.588401752621976,-0.841646080662009,-0.660511635448448,0.000526503288068467,0.000277528860530297,-0.00041711203421238,0.114028468276515,0.144731001420455,0.116247928503788,0,0,2,-0.066276256011821,-0.903237426683664,0.703529325498908,0.390185620051614,0.747850007998756,0.10511527064977,0.136930177065463,0.109753827124326,2.05046142398211e-19,4.0398254631105e-17,-3.3668661285081e-17,-0.184799656723485,-0.116987748579545,-0.0575801964962122,0.0525071568385859,0.0358859951156725,0.0389337948637559
"Bodycare",0.00417939437444287,0.0764145078551796,0.0889526909785082,7.75986186338493,0.252493372048984,0.182506182583402,0.64282,0.29993,0.05725,0.397012897978363,0.357216244403893,0.191554214015152,-0.802371863162879,-0.526522549715909,0.29463455452346,0.208684500649044,0.0895561108844243,-0.13724201227772,-1.34364865815451,-0.483454414594442,9.48159623691992,12.8752721243605,14.2684419179244,1.896484375,-0.021484375,-0.015625,-1.33984375,-2.275390625,-1.125,0.15684003475633,-0.104467886319571,-0.0039942893019263,0.00136257629631381,0.000292207009722556,0.000173905432721468,1.70493016098485,0.780887488162879,0.510897549715909,4,12,38,0.304713725892696,-0.903863432637623,0.217605614041908,0.0398026043919263,0.0963754269105057,0.178738542418864,0.204874754512421,0.204211842565457,3.28449859130389e-18,-2.91400509679161e-18,-3.02722388402468e-17,-1.53139796401515,-1.47301876183712,-0.598477450284091,0.29463455452346,0.208684500649044,0.0895561108844243
"Bodycare",0.00251879305736069,0.0386586722775264,0.0462150514496085,3.85269608752775,0.252493372048984,0.14168280557831,0.67369,0.23607,0.09024,0.258760926918331,0.308973127982079,0.0527047821969697,-0.726510712594697,-0.660740707859849,0.112987653629846,0.179159244722609,0.154064338337702,-0.800930716915201,1.31440925509231,-2.49975878250866,17.1727545116397,30.5041581456453,20.0736818753382,0.65234375,0.529296875,-0.271484375,-0.671875,-2.037109375,-1.75390625,0.397815142744998,0.00906301044339237,-0.600801140174855,-1.65799522595204e-05,-0.000475652666203066,0.000545542973565013,0.59963896780303,1.2558075875947,0.389256332859849,0,4,26,0.0841708555346795,-0.824826533331145,0.0751798683619471,0.17170508763911,0.306603996105777,0.210542749006496,0.177261539022947,0.161878298104659,-5.19308199662091e-19,4.70396410461217e-17,2.44499910374714e-17,-0.72457978219697,-1.3105986624053,-1.09316554214015,0.112987653629846,0.179159244722609,0.154064338337702
"Bodycare",0.00102441122316326,0.100243607013187,0.103316840682676,5.6162209654504,9.46850145183689,0.0903562229233151,0.50836,0.39764,0.094,0.523869678227588,0.399672740343267,-0.117942116477273,-0.78860381155303,-0.575543027935606,0.276289576455295,0.319096244801795,0.158357289851362,0.104407402796656,0.813488936918605,-0.634543714727608,3.30932626353849,10.64751995577,5.65833476459795,0.611328125,1.03125,-0.095703125,-0.875,-2.154296875,-1.2734375,0.0221726531021296,-0.396548715583021,-0.163646036397529,-0.000944114657044656,-0.000306806819404679,0.000883432108203601,0.729270241477273,1.81985381155303,0.479839902935606,24,39,61,-0.208530434112034,-0.849679439271906,0.14635552751954,0.0238125054114502,0.218469678510129,0.196296314134519,0.209717752517656,0.167584872430701,-1.40724513796925e-17,-2.69394465371169e-17,1.68505141053661e-17,-0.757057883522727,-1.36569306344697,-0.697894472064394,0.276289576455295,0.319096244801795,0.158357289851362
"Bodycare",0.000288632150539669,0.0222329357347042,0.0230988321863232,1.53828661835958,0.252493372048984,0.0479615551823867,0.45006,0.40987,0.14008,0.200052953182392,0.259025932285713,-0.0403867779356061,-0.815000591856061,-0.543508818655303,0.151533248945543,0.14501232078245,0.0856355969075259,-2.62111871882454,0.888366295928855,0.410630036604954,19.8301471483591,15.2178150479927,15.3518391034105,0.392578125,0.046875,-0.07421875,-1.193359375,-1.5078125,-1.0625,0.0236192512148659,-0.0482490608378553,0.101683732092774,-0.000535817409989304,-3.14695544384949e-05,0.000276686870022957,0.432964902935606,0.861875591856061,0.469290068655303,4,13,16,-0.068211456736009,-0.956820860482049,0.097610508508042,0.0223586886978209,0.142374600158273,0.20369914428758,0.217847505597041,0.197791711973831,4.90598916283184e-18,-5.38277630854176e-17,-4.71320189727025e-17,-1.15297259706439,-0.692811908143939,-0.518991181344697,0.151533248945543,0.14501232078245,0.0856355969075259
"Bodycare",0.00130823357183789,0.114476305260373,0.118401005975886,6.9181247193992,0.378740058073476,0.102108888609818,0.58385,0.32374,0.0924,0.499192138896063,0.417296747261518,0.135786576704545,-0.703790838068182,-0.66159150094697,0.327814801049114,0.2742732582456,0.141787339075943,0.553450298678207,-0.98968621977569,-0.350413766289257,10.0167830090132,7.61017984552192,8.61185518246251,2.0546875,0.19921875,-0.078125,-1.248046875,-2.1015625,-1.494140625,-0.241331179052426,-0.106567790943553,-0.16076333875682,-0.000448233200748064,-0.000693981059519074,0.000377795153721735,1.91890092329545,0.903009588068182,0.58346650094697,18,14,79,0.179548856490963,-0.742225866553495,0.0869349253510512,0.0901337805511916,0.259611783186336,0.199119888392952,0.196890360487758,0.181412515770399,2.01419301324059e-17,-5.17664442391116e-17,2.69371877825908e-17,-1.38383345170455,-1.39777166193182,-0.83254912405303,0.327814801049114,0.2742732582456,0.141787339075943
"Bodycare",0.000743185176857325,0.052371297285291,0.0546008528158629,3.76168454361265,10.0997348819593,0.0769607734623524,0.49219,0.41322,0.09459,0.305674599331382,0.355392985601762,0.13186553030303,-0.818226207386364,-0.524118134469697,0.233262181712025,0.213632842221863,0.104326190937439,-0.627006942202784,1.47557135483335,1.23320904271307,10.2186803076553,17.0664220109737,12.3107210084997,1.150390625,0.763671875,0.099609375,-1.15234375,-1.65625,-0.9296875,0.0188403534314378,-0.0941709934171533,0.136202719363068,0.00012939521592458,-0.000204233013650386,0.000236079616788083,1.01852509469697,1.58189808238636,0.623727509469697,6,14,28,0.224336141163469,-0.938089232748985,0.0300602621431529,0.0322185753054491,0.0563485378634214,0.239725259198491,0.215296827438602,0.212559874878015,3.36711037238352e-18,1.05404262592451e-17,4.71310821029275e-17,-1.28420928030303,-0.838023792613636,-0.405569365530303,0.233262181712025,0.213632842221863,0.104326190937439
"Bodycare",0.000555168589024968,0.0176936298193258,0.0193591355864007,1.25220115251636,0.252493372048984,0.0665171062330829,0.63789,0.27928,0.08282,0.153378601354454,0.207287158644767,-0.0536961410984848,-0.78811553030303,-0.587306167140151,0.113250771365507,0.115160524758622,0.0652747270565481,-0.845979985804135,0.645642723407189,3.40730888916787,12.9745590524305,38.7938028765065,21.5480370599487,0.443359375,0.16796875,-0.111328125,-0.7578125,-1.69140625,-0.748046875,0.352592951647465,-0.52325720513704,-0.443040285944899,0.000508057836417116,0.000150976158701223,-0.000433098389533289,0.497055516098485,0.95608428030303,0.475978042140151,2,4,10,-0.0972058384284707,-0.913394692604782,0.157793806187267,0.0483965694331583,0.434978565357987,0.198543434733223,0.230228985359229,0.143615815064074,1.40572817896372e-18,-2.6930729156368e-17,-2.35652137887342e-17,-0.704116358901515,-0.90329071969697,-0.160740707859849,0.113250771365507,0.115160524758622,0.0652747270565481
"Bodycare",0.00114017016976396,0.0942267320865093,0.0976472425958013,6.61740163694886,10.3522282540083,0.0953247646045179,0.57421,0.27126,0.15453,0.409560750885991,0.467854550549819,0.0343202533143939,-0.708658854166667,-0.659438624526515,0.276115020232947,0.242554426153707,0.187036494386722,-1.20823464635394,0.239508382040093,3.5405798889799,15.9431224068656,15.5781331283531,26.9356581022742,1.166015625,0.80078125,0.9296875,-1.87890625,-1.908203125,-1.279296875,-0.404799957009902,-0.266455596480699,-0.041783521284981,-0.000752467554449908,0.000621404280175308,-0.000710822780385641,1.13169537168561,1.50944010416667,1.58912612452652,12,12,40,0.0385317811032662,-0.768290859586052,0.103758296682906,0.102410544907438,0.22485142940985,0.197384726419841,0.207950854366996,0.177752501541479,5.77753473022638e-18,-3.86980862492264e-17,-1.33987281112085e-17,-1.91322650331439,-1.19954427083333,-0.619858250473485,0.276115020232947,0.242554426153707,0.187036494386722
"Bodycare",0.00276881406478563,0.202444769710011,0.210751211904368,12.42186852628,13.6346420906451,0.148548339141764,0.58034,0.28672,0.13294,0.628741247704316,0.689589696796456,0.235987807765152,-0.800958806818182,-0.517126834753788,0.421563976249867,0.34882443132022,0.252502704613575,-0.54200995795076,1.56834656741513,1.99602154679601,9.84125468259749,16.5322113724959,25.2418483203538,2,1.763671875,1.65234375,-2.3359375,-2.1171875,-1.53515625,-0.246479478028144,-0.38267760885514,0.276792981551117,-0.000234302647411775,0.000544324571265057,-0.000415374553044434,1.76401219223485,2.56463068181818,2.16947058475379,20,27,70,0.323143569164012,-0.859494514776408,0.0573509765495411,0.0434045145720606,0.0431670576230511,0.212171599923482,0.220729204871816,0.2121516263412,3.04295302917854e-18,-5.34553766006066e-17,-3.28294056403424e-17,-2.57192530776515,-1.31622869318182,-1.01802941524621,0.421563976249867,0.34882443132022,0.252502704613575
"Bodycare",0.0016347348112877,0.0658804515908375,0.0707846560247005,6.5354778054267,0.252493372048984,0.114141758667797,0.49515,0.3565,0.14835,0.440526312485652,0.335436691555048,0.0936464251893939,-0.743733723958333,-0.603907729640151,0.258032811983013,0.222308358892692,0.164178025403858,1.69422892033524,0.538111176966595,1.06147200118528,15.8616701485698,11.3152455001633,6.38084858066637,2.025390625,0.640625,0.20703125,-0.857421875,-1.8203125,-0.908203125,0.0352086872111395,0.320405733932824,-0.172160670417184,-0.00102449736351245,0.000934641945383781,-0.00142576825710563,1.93174419981061,1.38435872395833,0.810938979640151,2,10,41,0.16790467267708,-0.830909994885045,0.109298620511137,0.156965089153036,0.503417134274665,0.199087174096316,0.187384397655373,0.114398407263069,8.4760790295183e-18,3.77638089084049e-17,-2.36431023183839e-17,-0.951068300189394,-1.07657877604167,-0.304295395359849,0.258032811983013,0.222308358892692,0.164178025403858
"Bodycare",0.00159432003282381,0.18644867274747,0.191231632845941,10.226831262329,11.6146951142532,0.112721992238973,0.66075,0.22028,0.11897,0.491524912656393,0.63647328847283,-0.171098188920455,-0.806936553030303,-0.573190400094697,0.386696831175521,0.321321749996779,0.19139828601881,0.686822469020719,1.20722241831587,-6.43046807247264,14.7856750655043,13.2675207049607,76.817895307898,2.3203125,1.048828125,0.052734375,-2.357421875,-2.1796875,-2.83203125,0.472272932210653,-0.156859578975913,-0.199162598916033,0.000487957701454062,-0.000479554992858494,0.000542625941398887,2.49141068892045,1.8557646780303,0.625924775094697,24,36,62,-0.2724695275078,-0.869784272426938,0.0440787125407793,0.0410603924463127,0.0833508438180342,0.207481148389903,0.212954085837499,0.192896456134903,1.98182095405643e-17,-4.70780270392313e-17,4.78909348257773e-17,-2.18632368607955,-1.3727509469697,-2.2588408499053,0.386696831175521,0.321321749996779,0.19139828601881
"Bodycare",0.00257098055594089,0.11201772476779,0.119730666435612,9.12976188592235,0.252493372048984,0.143143061116605,0.63836,0.27666,0.08497,0.436187604023186,0.419379880138869,0.158573035037879,-0.753136837121212,-0.609138257575758,0.34405789724403,0.228553960385508,0.130175424903303,0.989762727660333,-1.45916686730392,-0.733011503719162,20.6619870238741,13.534674391832,8.73675385802913,2.849609375,0.1796875,-0.052734375,-1.595703125,-2.201171875,-1.265625,-0.0662795537995023,0.216918543370168,-0.0761094279245297,0.000865789158851227,0.000361782048324191,-3.38120968636071e-05,2.69103633996212,0.932824337121212,0.556403882575758,12,14,58,0.236449001065037,-0.817780337215506,0.127485367707931,0.0426757262604469,0.16395538057244,0.208048435311078,0.213809072969577,0.19032986023424,8.16334419832599e-19,3.36560456277e-17,-6.72690465810804e-18,-1.75427616003788,-1.44803503787879,-0.656486742424242,0.34405789724403,0.228553960385508,0.130175424903303
"Bodycare",7.81840613668174e-05,0.00340974547908237,0.00364429766318282,0.473705403694642,4.29238732483272,0.0249620367148542,0.52862,0.38665,0.08473,0.111985892303719,0.0493592754430553,0.0860928622159091,-0.670942826704545,-0.722944779829545,0.0595519970277368,0.0474320475594803,0.0331327708654969,0.368748540261249,-0.225704729283265,0.11491179107982,3.38504162481622,4.1803862654511,2.13705040263853,0.267578125,-0.509765625,-0.638671875,-0.056640625,-0.890625,-0.798828125,-0.128471403491175,-0.0753329588016822,-0.564825988177774,9.50130876660645e-05,0.000287846110324858,-0.000251940501511455,0.181485262784091,0.161177201704545,0.0842729048295454,0,0,30,0.117665232987039,-0.742541037720282,0.0649182650825197,0.393183126105737,0.63658218968564,0.237196564737317,0.149950453919945,0.138511111158524,2.51901181597162e-18,-4.03974653504041e-17,-4.03957777014259e-17,-0.142733487215909,-0.219682173295455,-0.0758833451704546,0.0595519970277368,0.0474320475594803,0.0331327708654969
"Bodycare",3.73887868352763e-05,0.003059305617555,0.00317147197806083,0.233574775773903,16.0333291251105,0.0172620190343351,0.5771,0.33495,0.08795,0.074336840977244,0.0780795814856073,0.0286606297348485,-0.776137843276515,-0.616336706912879,0.0447554404446098,0.0547238716012725,0.0223116419689529,0.372496275218823,-0.13572043490234,-0.121122247247292,9.02339552638462,17.8958862408473,8.17227327129419,0.23828125,-0.521484375,-0.525390625,-0.201171875,-1.169921875,-0.734375,-0.185405138284078,0.119535915605726,0.0608464485993519,-0.000124296141793137,-2.4504980915224e-05,5.14945344243416e-05,0.209620620265152,0.254653468276515,0.0909460819128788,0,0,9,0.046589114488356,-0.896671507843368,0.0716290699769339,0.0314805535435071,0.115629877014878,0.218744117808472,0.23017883572611,0.227336388027773,1.71105788878382e-18,-1.34633063522914e-17,-3.36673779018276e-18,-0.229832504734848,-0.393784031723485,-0.118038293087121,0.0447554404446098,0.0547238716012725,0.0223116419689529
"Bodycare",0.000853282256507321,0.102268410153662,0.104828256923184,6.02402092779435,15.5283423810125,0.0824645439809291,0.65126,0.30326,0.04548,0.340779622395833,0.413020389517264,0.174294211647727,-0.752567175662879,-0.584147135416667,0.232896331605333,0.313562315760272,0.0916524351016623,-0.0428322315908251,4.47788781380795,2.44552721616776,7.49001950895676,62.8932979133218,16.3289199468063,1.0859375,2.271484375,0.12109375,-0.935546875,-2.947265625,-0.771484375,-0.228216672794949,0.256726239953149,-0.280578856852084,-0.000842621681767636,4.94691714793029e-05,-0.000524953694343534,0.911643288352273,3.02405155066288,0.705240885416667,8,6,34,0.281578176407959,-0.852092006832303,0.212015730065674,0.0268806506157017,0.324743992602827,0.173073854837828,0.215254588667791,0.159552502747516,2.87010697260853e-18,-2.10134756998004e-18,-3.70515055350942e-17,-1.10984108664773,-2.19469844933712,-0.187337239583333,0.232896331605333,0.313562315760272,0.0916524351016623
"Bodycare",2.77576396793352e-05,0.00221489344703064,0.00229816636606864,0.173884269621711,5.42860749905315,0.0148734655288651,0.69454,0.233,0.07246,0.0678076485738063,0.0446013235003828,0.00196052320075758,-0.624992601799242,-0.769671815814394,0.0476750124333039,0.0281423527183158,0.0156211158134468,0.0542673518819083,-0.161173097371322,0.384938740902753,4.84804635426776,3.83148338279916,3.24124814983252,0.158203125,-0.541015625,-0.708984375,-0.19140625,-0.732421875,-0.80859375,-0.135609242221645,-0.11237555728906,-0.0301539265641439,-2.96104241125292e-05,9.85358179959547e-06,-2.23191175103879e-05,0.156242601799242,0.0839769767992424,0.0606874408143939,0,0,0,0.00239819574372189,-0.680833419987953,0.0471728094808927,0.204372362082851,0.34381618905699,0.219846281478997,0.178769952063073,0.162771000862572,8.67361737988404e-19,6.7330905653895e-18,-1.68221192508843e-17,-0.193366773200758,-0.107429273200758,-0.0389219341856061,0.0476750124333039,0.0281423527183158,0.0156211158134468
"Bodycare",0.00967294163777814,0.0534031757155798,0.0824220006289143,12.2022557724855,0.252493372048984,0.277651604819162,0.65071,0.26767,0.08163,0.4577572825198,0.261474424421723,0.0140713778409091,-0.655221650094697,-0.695512251420455,0.22354618344807,0.238855423622832,0.140145609423168,0.381013020382206,0.886949552091864,-0.121389675134482,4.27392847709926,11.5629637163601,2.48966237030338,0.876953125,0.9453125,-0.2421875,-0.646484375,-1.646484375,-1.052734375,-0.366790073831885,0.556954579713434,-0.488941126876986,-0.00157303316112738,0.00148224785938244,-0.00128155222491342,0.862881747159091,1.6005341500947,0.453324751420455,10,0,27,0.0450534581067337,-0.719312358903587,0.413063457763371,0.298797194137479,0.655797229801486,0.176792775633955,0.151807787332882,0.0904799412392426,-1.30689483461818e-18,4.71891295274795e-17,4.01999783353685e-17,-0.660555752840909,-0.991262724905303,-0.357222123579545,0.22354618344807,0.238855423622832,0.140145609423168
"Bodycare",0.000822861820665518,0.110970623558348,0.113439209020344,12.780133107155,8.07978790556748,0.0809812284337383,0.50148,0.41287,0.08566,0.550857081557765,0.384092119443001,-0.101651278409091,-0.601695667613636,-0.719571200284091,0.335480760624342,0.275948293239732,0.193689726906679,0.790383324329014,-0.615791745920467,0.705243296365954,19.9336335002635,4.30018491708383,4.77420998615381,2.38671875,0.2578125,0.25,-2.1171875,-1.849609375,-1.3203125,-0.0332920847590573,0.0446008255678891,-0.600163060045692,0.000129907288820119,-0.00231434147527539,0.0018896158597281,2.48837002840909,0.859508167613636,0.969571200284091,22,20,55,-0.117593199704543,-0.643229680753419,0.0371332812373934,0.410648965882422,0.54870314963661,0.210120944707208,0.13385803898292,0.107687568671927,5.56331239756624e-18,-1.06083433020731e-17,3.04033492734157e-17,-2.01553622159091,-1.24791370738636,-0.600741299715909,0.335480760624342,0.275948293239732,0.193689726906679
"Bodycare",0.00106758725242519,0.115159498329318,0.118362260086594,7.37546911649565,4.16614063880823,0.0922407008350445,0.47695,0.42926,0.09379,0.584604646877152,0.420408300065486,0.107429273200758,-0.769220525568182,-0.599631569602273,0.333401181059226,0.336702433175823,0.153761153558885,0.088580868285183,0.447701359246954,0.633994651673209,5.00076811969112,5.87614733289228,7.06903926128012,1.29296875,0.748046875,0.150390625,-1.12890625,-1.826171875,-1.107421875,0.0506022751517575,-0.0994262274893679,-0.054805996842755,-0.000250224675167451,-0.000695057431650242,0.000904921336431789,1.18553947679924,1.51726740056818,0.750022194602273,16,18,111,0.139577834862344,-0.80594644071429,0.0397330308802405,0.0471577671237931,0.199561657663078,0.207786558042675,0.212275580599924,0.173043717548408,6.73516964626003e-18,-5.17742985446225e-17,-2.0082586490768e-17,-1.23633552320076,-1.05695134943182,-0.507790305397727,0.333401181059226,0.336702433175823,0.153761153558885
"Bodycare",0.0024459185814806,0.0729391568503453,0.0802769125947871,5.86387559187313,0.252493372048984,0.139618157511663,0.68109,0.20481,0.1141,0.328207557194817,0.38075428609355,0.0644309303977273,-0.664269649621212,-0.705218690814394,0.179232827471394,0.259721119885814,0.135222840516271,-0.535749829298275,1.4425848160419,3.50882032867501,8.55614088911223,37.9692670455554,27.1416879287049,0.71484375,1.73828125,0.359375,-0.7265625,-2.2109375,-0.958984375,-0.402018223162747,0.317867079465912,-0.4375580498816,-0.000979375716392527,0.000885975276203457,-0.00107081766882814,0.650412819602273,2.40255089962121,1.06459369081439,8,6,38,0.112953269740945,-0.721718813986876,0.264388746545896,0.106241529483956,0.366425955430694,0.170046105018521,0.199820908410087,0.161239008777407,-9.16535850726276e-18,3.26986160529869e-17,-1.60891341564448e-17,-0.790993430397727,-1.54666785037879,-0.253765684185606,0.179232827471394,0.259721119885814,0.135222840516271
"Bodycare",0.00378095618435976,0.174534163036122,0.185877031589201,11.959732526676,0.252493372048984,0.173588810252991,0.54326,0.36331,0.09343,0.628426712078168,0.598229101867752,-0.0392696496212121,-0.803910688920455,-0.524672999526515,0.431043350340275,0.337244522590223,0.206447367196318,0.117180428545614,1.00682156126206,1.66209801191891,11.0660192675772,12.0363625179005,11.7394800469922,2.470703125,1.2734375,0.693359375,-2.302734375,-2.298828125,-1.18359375,0.0134352351702229,0.0296242080483165,-0.422475628847207,0.00120801053209112,-0.00049355865797566,0.000587199211947837,2.50997277462121,2.07734818892045,1.21803237452652,30,36,60,-0.0593861415527129,-0.874291994082467,0.0999291538530355,0.0413442440059648,0.115226421662221,0.195801481592157,0.203744540937379,0.190658596093337,2.02281734870354e-18,4.04020341947863e-17,-1.34682345439845e-17,-2.26346472537879,-1.49491743607955,-0.658920750473485,0.431043350340275,0.337244522590223,0.206447367196318
"Bodycare",0.00734550940259916,0.0731501006132854,0.0951866288210829,11.6330025864538,0.252493372048984,0.241953474921885,0.62761,0.24031,0.13208,0.488754118331755,0.339242706807838,-0.0713334517045455,-0.700838955965909,-0.672237511837121,0.239548206274371,0.248720829554553,0.180053999298795,-1.47433189404592,0.615136096997701,-0.0720534662124409,15.9874338465544,11.6413759574085,3.79315863398631,0.912109375,0.96484375,-0.08984375,-1.853515625,-1.74609375,-1.408203125,0.419856233074324,-0.299278162656924,-0.507858956255276,0.000983722603845326,0.00142778979861115,-0.00153398887665575,0.983442826704545,1.66568270596591,0.582393761837121,16,20,19,-0.122913047378237,-0.767285196177593,0.191906944229931,0.26579627427113,0.519475011252371,0.17868974468755,0.175351576389012,0.133025933400742,4.63398891610294e-18,-2.93944046949105e-17,3.27355133215226e-18,-1.78218217329545,-1.04525479403409,-0.735965613162879,0.239548206274371,0.248720829554553,0.180053999298795
"Active",0.00981933216637932,0.26916139250908,0.298619389008218,48.8706538527882,2.90367377856331,0.27974470828032,0.64207,0.20082,0.15711,0.802602664607725,0.513425574843679,0.0172747987689394,-0.236668442234848,-1.01191850142045,0.274774435876516,0.313049436435367,0.539991312823833,-0.616677530093844,-0.496537088378872,0.0135720953166793,32.307414916493,5.14047516170451,2.7729405867107,2.119140625,0.84765625,0.19140625,-2.255859375,-1.53125,-2.482421875,0.0715826828841281,-0.0193923652985322,0.221928613858217,6.80846771892466e-05,-0.000554797863173307,0.000603040352567028,2.10186582623106,1.08432469223485,1.20332475142045,57,22,22,-0.0386097617298452,-0.233841034093864,0.0261508448476952,0.182084745300267,0.124267871040209,0.212882002703632,0.199043128056228,0.336233620383956,-6.24569689878172e-19,3.95569519900772e-18,4.03276011745463e-17,-2.27313417376894,-1.29458155776515,-1.47050337357955,0.274774435876516,0.313049436435367,0.539991312823833
"Active",0.00943691329724943,0.186559555113952,0.2148702950057,35.7347427341404,3.0299204645878,0.274243211964092,0.71957,0.17035,0.11008,0.621986690412649,0.474873283790691,-0.0431093158143939,-0.188276811079545,-1.08069217566288,0.189721149693948,0.242336676551193,0.451538058379717,-0.0530092908982321,-0.729037713173131,0.89240781510917,8.37256340125874,7.34102289303497,4.20016171235253,0.9140625,0.646484375,0.513671875,-1.06640625,-1.283203125,-2.115234375,0.186566725637351,0.0920026398831538,0.368485947113708,5.83361849764232e-05,0.000351353976783583,-0.00110606662695087,0.957171815814394,0.834761186079545,1.59436405066288,79,14,14,-0.0479614478460548,-0.174165407634395,0.0308371565149127,0.0805110963026159,0.113239607563169,0.227956161427491,0.26531833877715,0.362069686218028,-7.73180657936499e-18,-1.71142236962779e-17,1.07751625908851e-16,-1.02329693418561,-1.09492631392045,-1.03454219933712,0.189721149693948,0.242336676551193,0.451538058379717
"Active",0.00929080396526104,0.587986823197902,0.615859235093685,58.1266781056231,2.14619366241636,0.272111911183597,0.45476,0.32418,0.22106,1.24999966371815,1.23568344417694,-0.0321673768939394,-0.291052616003788,-0.916748046875,0.702977486844545,0.711656051656226,0.594669833419055,1.81129996034439,-1.96002712136711,0.390993456956206,12.6581917672751,11.9392624711561,6.85641103307475,3.998046875,1.779296875,2.07421875,-2.1015625,-4,-3.146484375,-0.14708945621749,-0.0862047431977281,0.250436055376828,-0.000742852175713662,-0.000463862251473955,-0.00125097816113553,4.03021425189394,2.07034949100379,2.990966796875,110,34,36,-0.0212882265538393,-0.205641084127367,0.0392602724835231,0.0794075902428269,0.0854648951334815,0.219364884154307,0.260754601591747,0.272654630422604,1.16945988877641e-17,1.52414338498987e-17,0,-2.06939512310606,-3.70894738399621,-2.229736328125,0.702977486844545,0.711656051656226,0.594669833419055
"Active",0.00965607015093871,0.372674636648855,0.401642847101671,38.5946044969825,0.378740058073476,0.277409360009928,0.52268,0.26298,0.21434,0.913162665809372,0.976372954871508,-0.20016571969697,-0.238584576231061,-0.984338008996212,0.556418845425853,0.486049805986092,0.471787228733804,-1.53597990016284,0.437283114853476,-0.183906259004915,15.7424321479951,22.4226291984153,4.464658839055,2.189453125,3.28515625,0.78515625,-4,-3.427734375,-2.591796875,0.22415967944079,0.336394287458703,0.220787291751911,-6.78611229773886e-05,0.000103515790595713,-0.000336752256381703,2.38961884469697,3.52374082623106,1.76949425899621,86,22,20,-0.167731626394034,-0.211015427134432,0.0333912957224857,0.054230743081256,0.266752397687926,0.241831775157515,0.227302328817835,0.213055033615804,6.72695599343818e-18,-4.85878632677121e-18,3.35441474418347e-17,-3.79983428030303,-3.18914979876894,-1.60745886600379,0.556418845425853,0.486049805986092,0.471787228733804
"Active",0.0104190355843327,0.186522415978989,0.217779522731987,36.2720858834549,3.78740058073476,0.288160643259313,0.60775,0.26127,0.13098,0.622980123052255,0.631613001657786,-0.0827488754734848,-0.21798798532197,-1.03596265388258,0.270028445985875,0.287853161771715,0.450068906113834,1.98733603832062,-0.907392965689649,-0.0702597654137332,14.9223482005037,9.11863138526308,5.31870811150767,1.84765625,0.86328125,0.54296875,-0.8984375,-1.625,-2.56640625,0.367775924206082,0.106553811016606,0.309358128585113,3.97843699251283e-05,0.000804309202963888,0.000882258926271286,1.93040512547348,1.08126923532197,1.57893140388258,56,14,16,-0.0825285506768465,-0.213076459796708,0.0473943111027327,0.0966322733232311,0.0608884334134583,0.225319690610343,0.260271612750135,0.411154029141515,3.95416797293615e-18,4.47572209329172e-18,-6.72213817270485e-17,-0.815688624526515,-1.40701201467803,-1.53044359611742,0.270028445985875,0.287853161771715,0.450068906113834
"Active",0.00870036264960615,0.191068638640857,0.217169726589675,36.0203000836959,2.90367377856331,0.263323477578113,0.54877,0.32729,0.12394,0.735160666501664,0.569464802687361,-0.0799597537878788,-0.11181640625,-0.987452651515151,0.365047080789039,0.221638716212734,0.461905187476042,-1.13682540476237,-0.292093772890339,0.549607732551476,9.41219148275333,5.61159873364706,3.22452276013712,1.1484375,0.712890625,0.2578125,-1.9921875,-1.078125,-2.080078125,-0.0191836008420784,0.105148537472367,-0.0295928020554324,0.000539597450580125,0.000290777154435886,0.00039493685759054,1.22839725378788,0.82470703125,1.24526515151515,97,18,23,-0.0851663581003711,-0.153426875976631,0.0478383880831535,0.0469778442913098,0.0806207970337227,0.229766730982228,0.233854737572446,0.343021053524708,-8.17566467755878e-19,0,-2.82078912094627e-17,-1.91222774621212,-0.96630859375,-1.09262547348485,0.365047080789039,0.221638716212734,0.461905187476042
"Active",0.00217191870071331,0.0797029604257018,0.0862187165278417,14.3697796878385,3.0299204645878,0.13156570179003,0.62575,0.25298,0.12127,0.382672438608385,0.379766197427271,-0.0857377485795455,-0.0805812026515152,-1.00642163825758,0.187485774889863,0.131853909912506,0.291972524974263,-1.37216806153149,-1.362325411367,0.852915943595654,12.7144772916044,11.1236458595614,7.13023170563044,0.56640625,0.41015625,0.166015625,-1.357421875,-0.880859375,-2.0078125,-0.134754590708247,-0.128397634418014,-0.0244604855174543,-0.000105280021840291,0.00018573215112601,-0.000467013028357323,0.652143998579545,0.490737452651515,1.17243726325758,89,10,6,-0.104259705801221,-0.0853537788296677,0.0246469280564365,0.0764966388955001,0.159450819660882,0.228022250278986,0.226172065140081,0.277158990247323,3.30250445834931e-18,-1.93885841626509e-18,-6.7272280706879e-17,-1.27168412642045,-0.800278172348485,-1.00139086174242,0.187485774889863,0.131853909912506,0.291972524974263
"Active",0.00301859719616368,0.0672004295326877,0.0762562211211788,12.8225259032853,0.378740058073476,0.15510417443448,0.68163,0.21973,0.09864,0.37204402646852,0.311394529678161,-0.13650420217803,-0.192434599905303,-1.06396484375,0.164401454245043,0.107869682004685,0.270574125259398,0.234834253126778,-0.631768878128845,1.48032370961077,7.82601598943358,7.0175264727782,7.36459730705017,0.615234375,0.259765625,0.126953125,-0.90234375,-0.7265625,-1.810546875,0.173931189130327,0.266250077649657,0.0964825543786536,-0.000357703935450893,-0.000243318060143547,0.000246252288787509,0.75173857717803,0.452200224905303,1.19091796875,90,4,6,-0.11413523282772,-0.188486092361571,0.0463959873202781,0.0813923411104067,0.200296645474591,0.239696134577791,0.215076032991671,0.263409492719501,-1.83205526191585e-18,8.17366259968345e-18,0,-0.76583954782197,-0.534127900094697,-0.74658203125,0.164401454245043,0.107869682004685,0.270574125259398
"Active",0.00826899877291151,0.366662278360694,0.391469274679429,39.027860431651,3.40866052266128,0.256712708027672,0.47488,0.27939,0.24573,0.997487862466999,0.967265458149869,-0.105868252840909,-0.266305634469697,-1.01011334043561,0.479967195107619,0.507628264147195,0.579914593055459,0.215579652310975,-1.78988504821958,-0.0735144723397867,11.3215752229525,21.9632983612502,4.67822591343112,2.6875,2.87890625,0.9296875,-2.1328125,-3.80859375,-3.2734375,0.0485397509180765,0.0305292023575602,0.287582043866652,-0.00014009906801714,-0.00183416486158848,0.000430099833324094,2.79336825284091,3.1452118844697,1.93980084043561,92,36,30,-0.109432423594192,-0.227670543903521,0.0292585001641743,0.163296141208443,0.104275437638872,0.227398262566334,0.190411633794392,0.276896000274589,-5.90539178684791e-18,-5.58939074527565e-18,-9.41957106209932e-17,-2.02694424715909,-3.5422881155303,-2.26332415956439,0.479967195107619,0.507628264147195,0.579914593055459
"Active",0.0084920195816181,0.162102723894252,0.187578782639106,31.8212681509783,0.378740058073476,0.260151538004735,0.66191,0.24929,0.08879,0.620632371298209,0.432623376554702,-0.0998609138257576,-0.255718809185606,-1.05419921875,0.266698654873412,0.177071486725307,0.425331336039904,-0.218134186345698,-0.242798312245759,0.672272010955064,5.20100422061328,3.9028244344676,4.55180872590538,0.861328125,0.35546875,0.46484375,-1.193359375,-0.794921875,-2.169921875,-0.0629378513590496,0.104869999655107,0.391612483690366,-6.61771419627073e-05,-0.00013979781120173,-0.000351322768360846,0.961189038825758,0.611187559185606,1.51904296875,71,10,12,-0.108486847953874,-0.231700577169898,0.0367631569319795,0.0572672968676332,0.296315919339255,0.225817747376671,0.239715452997986,0.250716913029134,-6.73514397859497e-18,1.68194048953033e-17,0,-1.09349846117424,-0.539203065814394,-1.11572265625,0.266698654873412,0.177071486725307,0.425331336039904
"Active",0.00591030317933738,0.197363480969827,0.215094390507839,32.8441354066108,3.1561671506123,0.217033005182059,0.64034,0.19758,0.16208,0.65251654282527,0.583096099059053,-0.0733827533143939,-0.280428799715909,-1.01515891335227,0.26327852605889,0.301586227000213,0.419092501377075,-0.51759095895957,-1.86591806703978,0.424315778891696,6.32807976367222,12.9774949570554,4.40475777849209,0.875,0.802734375,0.259765625,-1.23046875,-2.322265625,-2.1875,0.129851721437408,0.163361816428159,0.526185757783499,0.000251765989106757,0.000729836989618728,0.000105397212652204,0.948382753314394,1.08316317471591,1.27492453835227,63,15,14,-0.0487109053546913,-0.229717179494773,0.0464252596310259,0.0960876448739151,0.140078263750506,0.215931743433685,0.24988224144629,0.350782774364426,-8.53376710675934e-18,3.17147102817558e-17,-2.01591274680017e-17,-1.15708599668561,-2.04183682528409,-1.17234108664773,0.26327852605889,0.301586227000213,0.419092501377075
"Active",0.0312498050425223,0.952819345224107,1.04656876035167,172.341931069322,4.16614063880823,0.499050575143453,0.62507,0.25429,0.12064,1.47882965620337,1.26139632713196,-0.0567811908143939,-0.213482481060606,-0.941665187026515,0.459863642001355,0.833617227850426,0.876318774247002,-1.3904750280393,0.818866972697099,0.293767206441684,12.3105569120678,9.2744947137061,3.21813234726275,1.67578125,3.9609375,1.888671875,-2.79296875,-3.234375,-3.30078125,-0.173843906590857,-0.0700882516155356,0.421425930412875,0.000233966997640695,0.00125433784337927,-0.0016268485831529,1.73256244081439,4.17441998106061,2.83033706202652,106,46,51,-0.0598676365193857,-0.143176034034714,0.0244446301444098,0.0362372259631184,0.0536803824392565,0.229814132125851,0.301056403432399,0.410064651605602,-4.70871390603306e-18,-1.08967708544458e-17,-1.31944118930357e-17,-2.73618755918561,-3.02089251893939,-2.35911606297348,0.459863642001355,0.833617227850426,0.876318774247002
"Active",0.0212121784016993,0.381313722450325,0.444950257655423,76.1694541147247,3.40866052266128,0.411162539549379,0.56478,0.28168,0.15353,1.09500477968607,0.747248568974923,-0.09423828125,-0.239701704545455,-0.989864464962121,0.354033007307784,0.532365132243269,0.615691237449627,0.126618196790612,0.151757702546267,0.460872548199208,8.21772322970805,8.55332187131957,2.50190829994573,1.60546875,2.736328125,0.884765625,-1.845703125,-2.51171875,-2.3984375,0.138575068279149,0.100811570112597,0.303548726862971,-0.00012762588942731,-0.000423232069601967,0.000732730456241154,1.69970703125,2.97602982954545,1.87463008996212,96,40,46,-0.10862351792502,-0.203238970635434,0.0268397697752379,0.0420646781229913,0.0930776984550538,0.222588249507534,0.289381580970811,0.440823322297059,0,2.52711509783368e-17,-7.5369504999989e-18,-1.75146484375,-2.27201704545455,-1.40857303503788,0.354033007307784,0.532365132243269,0.615691237449627
"Active",0.0162573925320312,0.32290855899915,0.371680736595243,46.8911321810839,3.1561671506123,0.359953458099381,0.53065,0.27152,0.19783,0.902424906020432,0.895042796984042,-0.108339251893939,-0.303267045454545,-0.974431818181818,0.404811811690938,0.536028950325268,0.499223516923027,-2.14543842244427,-0.577470019266121,-0.219579943639328,39.3080836004923,7.26401904103234,5.37650538208079,2.4296875,1.74609375,0.287109375,-3.9609375,-2.763671875,-3.478515625,0.0305013639162826,0.191212079647078,0.363432762861368,-0.000434295137009307,-0.00147573166809605,0.00130570945483242,2.53802675189394,2.04936079545455,1.26154119318182,70,26,41,-0.124108588506693,-0.241678741632354,0.0381268900452488,0.096506755452037,0.116691991741919,0.227548582659722,0.280552914356404,0.3282679992358,3.30636744194209e-18,3.93813851610099e-18,5.71458734841285e-17,-3.85259824810606,-2.46040482954545,-2.50408380681818,0.404811811690938,0.536028950325268,0.499223516923027
"Active",0.00798321787994255,0.129798676849621,0.153748330489449,27.4050402556791,0.504986744097967,0.252237640621317,0.64896,0.25858,0.09245,0.556236133978277,0.419440013425338,-0.11599638967803,-0.144841974431818,-1.03457179214015,0.254179015842272,0.149493525833591,0.38724456231951,-0.148670254428529,0.0173603852654402,0.81653766175141,8.22711353588296,6.22554915599136,5.37100375342026,1.015625,0.5703125,0.447265625,-1.375,-0.822265625,-2.146484375,0.0531067034329771,0.175231815728638,0.126455375085486,0.000332193279035604,-3.68552365338587e-05,-0.000101086628874837,1.13162138967803,0.715154474431818,1.48183741714015,88,12,8,-0.0896024167806613,-0.149495906951576,0.062167126525662,0.0342351752096473,0.322277879380512,0.224052190848918,0.267634864476078,0.228817732084594,-4.94113461322663e-18,-5.47332156383674e-18,8.74047651385397e-17,-1.25900361032197,-0.677423650568182,-1.11191258285985,0.254179015842272,0.149493525833591,0.38724456231951
"Active",0.0227527394798683,1.10924427479962,1.17750249323922,135.2937071953,3.53490720868577,0.425831467701732,0.54949,0.31114,0.13937,1.7981917676409,1.17509912500201,-0.0311168323863636,-0.254372336647727,-0.981031013257576,0.54925350440221,0.978750741408038,0.939821043250217,0.175865786562579,-0.37329326938768,0.361704264049553,9.79058822124935,7.00817790604714,2.5776014944346,2.90625,3.998046875,1.861328125,-2.888671875,-4,-3.23828125,-0.0731147356180632,-0.0643430262273174,0.272989167216596,1.6642369104996e-05,0.00108261700024946,-0.00154685884804897,2.93736683238636,4.25241921164773,2.84235913825758,100,54,54,-0.0986395855266906,-0.175377420614858,0.0284183071969478,0.052160206360866,0.0737328963652345,0.223905482580263,0.228803083624825,0.352239619510563,4.76391863667873e-20,3.27034800755173e-17,9.90607598580411e-18,-2.85755504261364,-3.74562766335227,-2.25725023674242,0.54925350440221,0.978750741408038,0.939821043250217
"Active",0.0123871321287666,0.285415226214501,0.322576622600801,48.9779919727331,3.1561671506123,0.314200078596214,0.60484,0.258,0.13716,0.876139547104568,0.578281311053981,-0.0721102627840909,-0.235913825757576,-1.09013227982955,0.372522314738135,0.302284655031326,0.550614938792406,-0.389625992942496,-0.265055353831479,0.424964174502825,8.04964342018396,5.67573420403617,3.01154831441801,1.625,0.75,0.376953125,-1.71875,-1.388671875,-2.60546875,0.0418808106510058,0.0681633523156379,0.388930774737244,-2.69991071079184e-05,-0.000386101689422744,0.000568186276527922,1.69711026278409,0.985913825757576,1.46708540482955,76,31,20,-0.0533550160133648,-0.202594385798719,0.0217539367030986,0.0482590580941929,0.160609296723256,0.230976107105996,0.230810849801097,0.289827015775778,6.73347558036553e-18,-1.76763198936089e-17,-4.03204623551992e-17,-1.64663973721591,-1.15275804924242,-1.51533647017045,0.372522314738135,0.302284655031326,0.550614938792406
"Active",0.00604122200145754,0.376186652681912,0.394310318686284,44.3589185852134,3.40866052266128,0.219423582776061,0.41235,0.35949,0.22816,1.0793199215163,0.939915874998193,-0.111246744791667,-0.196067116477273,-0.96487334280303,0.580085870607143,0.52669517813818,0.585097077536506,-2.52044244973739,-1.16440291989999,0.706201877493493,20.720443208058,15.5308559133302,4.62181341720456,2.376953125,2.205078125,1.619140625,-4,-4,-2.494140625,-0.198929190940905,0.144992518733672,0.0928804603783016,-0.00060220345731238,0.000725864603238786,0.000293467447857222,2.48819986979167,2.40114524147727,2.58401396780303,109,36,38,-0.0850669380727609,-0.190268212448886,0.0309916141339566,0.0531241021545223,0.115000617790576,0.225712123175809,0.228684447651049,0.339607994070374,5.61208096119604e-18,-7.06425478010086e-19,-2.69405759143799e-17,-3.88875325520833,-3.80393288352273,-1.52926728219697,0.580085870607143,0.52669517813818,0.585097077536506
"Active",0.00752931833561289,0.215995901324688,0.238583856331527,38.0547081294505,3.1561671506123,0.244962008326226,0.48803,0.34454,0.16743,0.88756808586576,0.556732314064079,0.0839621803977273,-0.0729018702651515,-1.10344904119318,0.40820063709892,0.297173905541839,0.483662816740578,0.441530184949506,-0.326231448128891,0.773088318993987,6.32458489432003,3.79611604916626,2.92217766895428,1.818359375,0.90234375,0.2734375,-1.365234375,-1.015625,-2.009765625,0.183032147307205,-0.0681726441225684,-0.0928943729461519,1.49615726232482e-05,0.000386443071353103,-0.000928744190392879,1.73439719460227,0.975245620265151,1.37688654119318,104,18,23,0.0581178528319182,-0.0903530158189502,0.026229375737105,0.0407105114392085,0.15468411631166,0.228736652613293,0.283329130022855,0.334233638081867,-1.54641521796964e-17,-4.86540858435884e-18,6.04768818845362e-17,-1.44919655539773,-0.942723129734849,-0.906316583806818,0.40820063709892,0.297173905541839,0.483662816740578
"Bodycare",0.00785338862427401,0.705855748964177,0.729415914836999,54.6885495381423,11.4884484282288,0.250178191537011,0.64867,0.21419,0.13714,0.931543383497618,1.19834224949853,-0.102235736268939,-0.335293856534091,-0.881680575284091,0.85001090490108,0.435792462948659,0.460476905484594,0.599447425684348,-1.13134089955957,-0.456837349072857,12.6049210310024,8.90373754623582,10.6977973981702,3.892578125,1.384765625,0.80078125,-4,-2.91015625,-3.0625,-0.164419035168836,-0.00328897969658461,-0.20401278881922,-0.000108651805309172,0.00254314443431282,-0.000959730969638815,3.99481386126894,1.72005948153409,1.68246182528409,87,32,34,-0.097904797430727,-0.291299277315315,0.0205733625347758,0.24083110137648,0.0500014332024934,0.248864472781418,0.190187530803959,0.438707346993932,8.589812453436e-18,-3.30572831708189e-17,2.22441632368308e-17,-3.89776426373106,-2.57486239346591,-2.18081942471591,0.85001090490108,0.435792462948659,0.460476905484594
"Active",0.0129886031381276,0.217168681684849,0.256134491099232,48.5129671703323,0.504986744097967,0.321737829716264,0.56651,0.29982,0.13368,0.812839588624168,0.535883896077324,-0.0550870028409091,-0.214732776988636,-1.03912168560606,0.361293198573741,0.273736780402078,0.49665478965041,0.438085124675416,0.286875375026158,1.13757185602589,6.29123242744925,4.75387019365766,3.72447405631908,1.45703125,0.7421875,0.4609375,-1.419921875,-1.08984375,-2.046875,-0.183535323707386,0.0268955880936443,0.304614281296743,-0.000342343659304502,-6.05806437872159e-05,-0.000954649091985209,1.51211825284091,0.956920276988636,1.50005918560606,94,32,21,-0.0419576720600831,-0.206897764137941,0.0275596696403977,0.0381198746743201,0.191583584341245,0.226323856757542,0.29151627639924,0.340592408476762,-9.59056904678442e-18,-1.00957600306589e-17,-5.38766343197077e-17,-1.36483487215909,-0.875110973011364,-1.00775331439394,0.361293198573741,0.273736780402078,0.49665478965041
"Active",0.00338301197955933,0.0753021042874996,0.0854511402261775,15.5267846773155,0.631233430122459,0.164199818276216,0.62065,0.26815,0.1112,0.458543061115416,0.300453395926817,-0.0489834872159091,-0.197864879261364,-0.958658854166667,0.19379262969362,0.14376612652945,0.28187797564863,-0.263900299133824,0.0683477340088009,0.500294974938779,5.12608937329727,3.99580628667862,3.89215939350627,0.580078125,0.287109375,-0.0390625,-0.869140625,-0.6484375,-1.708984375,-0.0146719940404867,0.124939617036626,0.446579775949496,0.000350951451820921,-8.82797112336869e-05,-1.39864686393337e-06,0.629061612215909,0.484974254261364,0.919596354166667,59,5,7,-0.0482434650822845,-0.198902609634021,0.0447739491174625,0.228464019119223,0.276118604251251,0.221374268162111,0.241363162313051,0.317065724071067,-7.09373409343182e-18,1.00787167010536e-17,-3.69987071480487e-17,-0.820157137784091,-0.450572620738636,-0.750325520833333,0.19379262969362,0.14376612652945,0.28187797564863
"Active",0.00666950399912053,0.0929946063956057,0.113003118392967,21.7910368215653,0.883726802171443,0.23055135178778,0.68118,0.26436,0.05446,0.481926868112948,0.346759534627863,-0.0539772727272727,-0.137924656723485,-0.923443418560606,0.210459648210051,0.135103549256296,0.321476088569294,-0.179451949916218,-0.251829443197889,1.21367276372458,5.31449818151913,5.71898511292884,4.8753787783388,0.72265625,0.375,0.205078125,-0.931640625,-0.80859375,-1.7109375,0.235088001841617,0.0986057507383605,0.655411192658302,8.75147864233119e-05,0.000164372214934878,-0.000838958831988729,0.776633522727273,0.512924656723485,1.12852154356061,94,10,6,-0.0812468710976705,-0.114290474274502,0.0282099281078801,0.223724983030528,0.227442823705432,0.240865263323169,0.234070737106808,0.41810344427028,8.01857856734071e-19,1.34702879571899e-17,1.55194916655837e-17,-0.877663352272727,-0.670669093276515,-0.787494081439394,0.210459648210051,0.135103549256296,0.321476088569293
"Active",0.0114251748388163,0.296489159108976,0.330764683625424,47.7096080212935,3.0299204645878,0.301753510818304,0.61209,0.22812,0.15978,0.907264113973542,0.583062266567455,-0.0524976325757576,-0.244199810606061,-0.981393525094697,0.348902975739585,0.352144773486164,0.542810474151242,-0.122138807486749,0.115031821403831,0.529647469030592,6.2590097865143,13.5005454590105,3.07104774176012,1.65625,1.96484375,0.4609375,-1.490234375,-2.41015625,-2.640625,0.192024436339904,0.11983606984095,0.420196909825082,0.000451892865994039,4.78724466669712e-05,0.000647676039961455,1.70874763257576,2.20904356060606,1.4423310250947,96,26,24,0.0292519021769614,-0.213166077279933,0.0325826347535179,0.0564702553367359,0.142222213397622,0.224694373965264,0.242017741246261,0.299139082910778,-5.5392104600671e-18,-4.21347555928878e-18,4.71133072448677e-17,-1.43773674242424,-2.16595643939394,-1.6592314749053,0.348902975739585,0.352144773486164,0.542810474151242
"Active",0.0119994863061708,0.138150028292842,0.174148487211354,35.1586171990555,0.378740058073476,0.309244676028885,0.69907,0.23335,0.06759,0.548725895316804,0.43382106903817,-0.0217877012310606,-0.220962062026515,-1.01751154119318,0.240057213801805,0.164554127355295,0.405475686426642,1.03119392026697,0.594283736278262,0.190233894767717,14.0495139987812,6.55965408780827,4.55630958209975,1.712890625,0.62109375,0.25,-0.8125,-0.71875,-2.052734375,-0.10544477209854,0.0807045670687979,0.555473240692876,0.000351364167288967,0.00034367415716368,0.00135156863977949,1.73467832623106,0.842055812026515,1.26751154119318,58,8,6,0.00631137733049438,-0.205111026506707,0.0338301209987132,0.138691364058766,0.479698654800006,0.233287274103259,0.24636382218893,0.247148285696807,-1.02329922019467e-18,-1.34684912206352e-17,6.04793844818803e-17,-0.790712298768939,-0.497787937973485,-1.03522283380682,0.240057213801805,0.164554127355295,0.405475686426642
"Active",0.0206274017193779,0.27389384125825,0.335776046416384,60.6110747072666,3.0299204645878,0.405455473480933,0.64395,0.20102,0.15503,0.921235391916322,0.544533583843849,-0.047170928030303,-0.242409446022727,-0.968350497159091,0.285956406574581,0.361377649028703,0.555935927665108,-0.0445096118188698,0.285393172267111,0.67621362165305,3.89751180938429,4.41935559064866,2.71459334251055,0.826171875,0.92578125,0.66796875,-1.041015625,-1.533203125,-2.33984375,0.0558161636714228,0.0889236714511729,0.361313591660121,5.25498886381574e-05,0.000151502243541665,-0.000434004707605867,0.873342803030303,1.16819069602273,1.63631924715909,79,28,28,-0.0606907120074785,-0.209778116755767,0.0228872057149629,0.0426408978650348,0.156123666888808,0.215871661449702,0.287941009517884,0.389371628357509,1.87323903051795e-18,2.64294813675396e-18,2.31714333050886e-17,-0.993844696969697,-1.29079367897727,-1.37149325284091,0.285956406574581,0.361377649028703,0.555935927665108
"Active",0.0398840555720407,0.511397830896897,0.631049997613019,90.8154097652729,3.28241383663679,0.56379414402042,0.56072,0.27418,0.1651,1.22900738116248,1.0441928880842,-0.201245857007576,-0.147298177083333,-0.967159386837121,0.538601003825133,0.592404409147878,0.695984549214139,-1.85521164535595,0.315828632017734,0.567979959588146,19.2918037142924,8.98403656225807,3.05007011648589,2.59765625,2.521484375,1.33203125,-4,-2.79296875,-2.53125,0.090749723814744,0.440713413744166,0.295805818271448,0.000213294920562972,0.000783581078106555,-0.000534642954243816,2.79890210700758,2.66878255208333,2.29919063683712,92,48,42,-0.0881092834360216,-0.13499947199113,0.0362574648258129,0.0333641487813966,0.0848726523342123,0.23238659636175,0.278867828679572,0.409157856631981,-1.91714870515031e-17,2.0001065986511e-17,-1.17730392722129e-17,-3.79875414299242,-2.64567057291667,-1.56409061316288,0.538601003825133,0.592404409147878,0.695984549214139
"Active",0.00409394397855608,0.103805150928832,0.1160869828645,19.9839494951253,0.378740058073476,0.180630819408006,0.67056,0.19609,0.13335,0.471199028638659,0.374637499102025,-0.173480409564394,-0.120324337121212,-1.08474638967803,0.194378583193065,0.162391599677761,0.330098553685198,-0.566378704941046,0.0794124488812373,1.21198261232032,13.5421422763466,7.36762240835497,4.98304192144073,0.83984375,0.734375,0.03125,-1.5078125,-0.755859375,-1.951171875,0.219222395757281,0.317924755237301,0.203121725071957,-0.00013464014166433,-0.00021449485257192,-0.00019507493384324,1.01332415956439,0.854699337121212,1.11599638967803,79,6,10,-0.144842639781907,-0.119609571357485,0.071089702590626,0.0621686962643209,0.187845779953557,0.212743608939064,0.248986344710783,0.305502625464337,8.29732940998258e-18,8.59455455455737e-18,-2.69361610759881e-17,-1.33433209043561,-0.635535037878788,-0.86642548532197,0.194378583193065,0.162391599677761,0.330098553685198
"Active",0.00226439157011515,0.069310643811084,0.0761038185214295,13.5076688253797,0.378740058073476,0.134337316612154,0.71276,0.1726,0.11464,0.319590446815456,0.345536671749641,-0.111557469223485,-0.204641631155303,-1.07506214488636,0.132851229212608,0.130353562920181,0.268573077779616,0.62098575056619,-0.138192796125937,2.24718342816776,7.56718386364121,10.2016304687016,10.7925274642105,0.447265625,0.349609375,0.09375,-0.63671875,-0.822265625,-1.861328125,0.27881858578627,0.2354121109025,0.344144159326098,8.52760597717979e-05,2.98422581100117e-05,0.000408714420869503,0.558823094223485,0.554251006155303,1.16881214488636,79,6,6,-0.114402175441007,-0.184986610343205,0.0399577620272054,0.0616158111364939,0.179604952269787,0.228215740310769,0.260696662791521,0.37182324050073,2.56389172834356e-18,7.34983322165091e-18,-1.00923051629407e-16,-0.525161280776515,-0.617623993844697,-0.786265980113636,0.132851229212608,0.130353562920181,0.268573077779616
"Walking",0.0112293009448737,0.266427201839511,0.300115104674132,35.2614890477315,1.89370029036738,0.299155688082602,0.57904,0.2941,0.12687,0.701467971171229,0.823423406592649,-0.0400982481060606,-0.60964873342803,-0.767563328598485,0.541537612574168,0.305813076299582,0.362652741866603,-0.140895227394598,-0.802940021064793,-0.062679087527099,7.82735324391641,8.21274362309724,7.04505203464429,2.1015625,0.716796875,0.55859375,-2.716796875,-2.03515625,-2.408203125,-0.0836375836361077,0.170585240517706,0.346503279560676,7.55880736846909e-06,0.000299424435160667,4.70865039392413e-05,2.14166074810606,1.32644560842803,1.32615707859848,28,22,46,-0.0246419275085572,-0.582294847082316,0.0538318966905301,0.0312890346454664,0.0264425843961311,0.318773330472181,0.241624183424966,0.354256194760035,-1.07169046914796e-17,-2.6932362261558e-17,1.34686452266256e-17,-2.67669862689394,-1.42550751657197,-1.64063979640152,0.541537612574168,0.305813076299582,0.362652741866603
"Walking",0.00103968864787744,0.0269579193803396,0.0300769853239719,4.3222290797434,0.252493372048984,0.0910274874223009,0.6348,0.22506,0.14014,0.247186553927055,0.194467299948824,-0.0484878077651515,-0.575076941287879,-0.826297644412879,0.171831955007928,0.103400665340382,0.0846304765627316,-1.18446303986073,1.31164297523274,0.426673164845742,8.88147958695178,6.41305214949027,9.10105769888861,0.552734375,-0.076171875,-0.384765625,-0.908203125,-0.8203125,-1.11328125,-0.102278842933167,-0.196111741394579,0.118233852134991,0.000764899334111616,-0.000403462489157302,0.000265642909813212,0.601222182765151,0.498905066287879,0.441532019412879,8,6,4,-0.0573296718461026,-0.595080117152699,0.190468365351173,0.263127243783093,0.100780405476397,0.293014265747316,0.196159053982181,0.234784218531149,-6.83504253104084e-19,-3.31051276985063e-18,-3.33348533008676e-18,-0.859715317234849,-0.245235558712121,-0.286983605587121,0.171831955007928,0.103400665340382,0.0846304765627316
"Active",0.0168433236405589,0.662998128668357,0.713528099590034,82.956443416892,3.0299204645878,0.366382566967627,0.56748,0.29592,0.1366,1.32249990135732,1.06672411907449,-0.0465642755681818,-0.200047348484848,-1.02439926609848,0.437260788818829,0.753964854986247,0.705479084128774,1.52004357881832,-0.140272721401604,0.593814976095561,15.0764151714252,8.4300957719744,3.13483655481976,2.888671875,3.353515625,1.416015625,-1.98828125,-3.37109375,-3.001953125,0.188045234891255,0.244541620529582,0.298993967527113,3.73227259683422e-06,-0.00205841712306543,0.00135186607515538,2.93523615056818,3.55356297348485,2.44041489109848,88,40,46,-0.0740251806205291,-0.155179033461117,0.0278495736859875,0.0832201234212825,0.111128731532629,0.214543152220091,0.239927546565354,0.377768600419123,-1.90690217325505e-18,4.02073706229082e-18,1.32913329963337e-17,-1.94171697443182,-3.17104640151515,-1.97755385890152,0.437260788818829,0.753964854986247,0.705479084128774
"Walking",0.00769462240628053,0.182932736558485,0.206016603777327,21.0914407033376,1.64120691831839,0.247636444963774,0.52455,0.2532,0.22224,0.678618291849604,0.669161845558177,-0.0353560014204545,-0.367934718276515,-0.899488044507576,0.452480439225732,0.295809960492493,0.317025504744363,-0.422927972046083,-1.73692143396821,0.636729533509352,8.70687141200919,8.56254983426827,7.03444226769741,1.85546875,0.3125,0.443359375,-2.2890625,-1.7890625,-2.111328125,-0.0361922194332378,-0.0744262613047438,-0.0003178908285908,-0.000588394048704094,0.000452408123422509,3.44540987027892e-05,1.89082475142045,0.680434718276515,1.34284741950758,46,18,22,-0.0537455198123142,-0.342165288032706,0.0572684137519377,0.331784282240079,0.147194617214953,0.323537844161237,0.156949790092427,0.274759016113645,1.91584735453135e-18,-1.3356836877588e-17,4.12225781116901e-17,-2.25370649857955,-1.42112778172348,-1.21184008049242,0.452480439225732,0.295809960492493,0.317025504744363
"Active",0.023513857196251,0.334149614103654,0.404691185692407,79.9178814943205,3.0299204645878,0.432895271910943,0.79703,0.16752,0.03545,0.798513869608729,0.566733865774977,0.0701571377840909,-0.05517578125,-0.978611801609849,0.165949837807166,0.290843884035386,0.62898473311499,0.0872881416286458,0.730806482859385,0.699806153007285,4.61170637390333,5.00433310100813,3.04607173112815,0.677734375,1.076171875,0.529296875,-0.44921875,-0.712890625,-2.240234375,0.113401731156023,-0.560303066749647,0.00634067449189002,4.65101034784677e-05,5.49038953818259e-05,-1.68468161192593e-05,0.607577237215909,1.13134765625,1.50790867660985,71,30,30,-0.105435109650092,-0.100894442971061,0.0373687959738131,0.0386410157727911,0.0347350330422944,0.235364759061676,0.282869615917343,0.449906766954086,-6.31624768468011e-18,0,3.95355964927404e-17,-0.519375887784091,-0.65771484375,-1.26162257339015,0.165949837807166,0.290843884035386,0.62898473311499
"Walking",0.00503081484946297,0.52246404998551,0.537556494533899,32.1458182275175,1.89370029036738,0.200235036546733,0.61321,0.27265,0.11414,1.00455645096204,1.0104675846827,0.184244791666667,-0.622447620738636,-0.67453095407197,0.668316640185463,0.483843908071738,0.442584852142637,0.89217563349344,-1.89542875091632,0.572052094332362,12.1729387467471,10.1584179822477,9.94353312175649,3.998046875,0.58203125,1.845703125,-3.318359375,-3.658203125,-2.646484375,-0.480641643434727,-0.0546166004319906,0.399079376516404,-0.000974946031083487,0.000785282255599071,-0.00128138153394824,3.81380208333333,1.20447887073864,2.52023407907197,36,30,62,0.251646548097419,-0.562923719438156,0.0436926486024989,0.0592792487628772,0.0960231683688813,0.208142751134625,0.252336283132865,0.217680831254858,1.42187057352518e-17,-1.67891683858528e-17,2.69370851119306e-17,-3.50260416666667,-3.03575550426136,-1.97195342092803,0.668316640185463,0.483843908071738,0.442584852142637
"Active",0.00375842093936546,0.241333276344224,0.252608539162321,21.163783582554,0.252493372048984,0.173070725344602,0.57229,0.37522,0.05249,0.617544967609332,0.698485540411646,0.0941790956439394,-0.187892104640152,-0.976436730587121,0.158074544854708,0.461083743417886,0.451456957727485,-1.7519187352111,-1.46038747249494,-0.443115284688582,12.382231581369,25.683082657627,11.1111957938855,0.642578125,2.9453125,0.630859375,-0.818359375,-3.794921875,-3.87109375,0.0693997126475347,-0.220996861140427,0.211263321419786,3.25013431086096e-05,-0.00130119315022762,0.000167573307438579,0.548399029356061,3.13320460464015,1.60729610558712,38,11,25,0.0489772648988994,-0.171101989382466,0.0605966657938842,0.21321677669988,0.0778045467094231,0.226027608331816,0.171013267364205,0.260783816522856,6.25314052165153e-19,6.06218913583396e-19,-4.17938248316179e-18,-0.912538470643939,-3.60702977035985,-2.89465701941288,0.158074544854708,0.461083743417886,0.451456957727485
"Walking",0.00445605871265854,0.136317557096132,0.149685733234107,13.8655400884566,1.13622017422043,0.188450093178716,0.65498,0.19468,0.15034,0.501854033947429,0.532635010770992,0.0345274029356061,-0.448656486742424,-0.846664891098485,0.371239075017769,0.229741588427267,0.194769548346768,0.738456352636891,-1.11607521285061,0.125382658704807,8.56407364947731,9.38971865116584,5.90691228806512,2.251953125,0.1484375,-0.06640625,-1.263671875,-1.83984375,-1.595703125,-0.390348806418029,-0.106812722800019,-0.051929057039876,5.94176523602842e-05,6.45313753432211e-06,-0.000494293011269882,2.21742572206439,0.597093986742424,0.780258641098485,39,20,16,0.0287740082648613,-0.450539820637304,-0.0314204445579971,0.0577872646452416,0.0937397921746589,0.297036305880804,0.262366962817714,0.254724237440624,-7.2493162388998e-18,1.44967892186019e-17,1.34698772745488e-17,-1.29819927793561,-1.39118726325758,-0.749038233901515,0.371239075017769,0.229741588427267,0.194769548346768
"Bodycare",0.00355980318839558,0.238799150582689,0.249478560147876,26.5101504180323,12.4984219164247,0.168435603965652,0.65518,0.20712,0.1377,0.459574885933196,0.785780856273926,0.0370797821969697,-0.625443892045455,-0.760557232481061,0.485797299115921,0.253813642865699,0.283476247256221,-0.122448740829712,0.828156351433876,-0.0952056411480806,11.3249590834084,14.56766185865,16.1921520613012,2.291015625,0.640625,0.9453125,-2.37109375,-2.005859375,-2.0625,-0.375174614149247,-0.117814905224832,0.0979035599171548,-0.00027181899298241,0.000491814170835261,-0.00037725314621663,2.25393584280303,1.26606889204545,1.70586973248106,36,22,50,0.0351405160679524,-0.648881505455028,0.0236469246564683,0.0929973304390515,0.046709645751635,0.290991927132292,0.244487157095844,0.390022416527253,-4.4997598616282e-18,4.03940387171175e-17,-5.38614518958198e-17,-2.40817353219697,-1.38041548295455,-1.30194276751894,0.485797299115921,0.253813642865699,0.283476247256221
"Bodycare",0.038361860688947,0.0517200354115016,0.166805617478343,41.6236860496088,0.252493372048984,0.552930741489961,0.97357,0.01614,0.01029,0.511965076457042,0.185262172965433,-0.0232081557765152,-0.233723958333333,-0.873527758049242,0.0446771663136501,0.389417294967966,0.133011823651168,-0.888481084594674,-0.123259516772675,0.481985834471454,6.09911137316558,1.34353338347534,1.6699698243098,0.103515625,0.3359375,-0.646484375,-0.263671875,-0.771484375,-1.099609375,-0.254699420330148,0.288772550770273,-0.913349045138254,-6.28467574219488e-05,0.00415318505264822,-0.00150055764993087,0.126723780776515,0.569661458333333,0.227043383049242,6,0,7,-0.0247808228911583,-0.26453542289549,0.204319342496036,0.906583590603991,0.862205477535324,0.229153492525891,0.0618734423165675,0.0676247856343526,2.66661372394695e-19,3.14116136587966e-17,6.56594273046465e-18,-0.240463719223485,-0.537760416666667,-0.226081616950758,0.0446771663136501,0.389417294967966,0.133011823651168
"Bodycare",0.00351644417972708,0.178730838045726,0.189280170584907,36.932935779695,16.5383158692084,0.167406674070299,0.48866,0.4182,0.09315,0.473160953013803,0.829912204071912,0.0275656960227273,-0.709568832859849,-0.677593809185606,0.423780614198004,0.309998953346192,0.334155280903049,-0.65055756694456,0.597638946673995,2.01541323281648,11.2343070210166,13.6488880682376,19.4082805220773,2.01953125,0.84765625,1.302734375,-2.05078125,-2.26171875,-1.9921875,-0.0282362364445501,-0.099400404120422,0.647209874117956,8.98675193538078e-05,-0.000427592968999666,0.000360699944033746,1.99196555397727,1.55722508285985,1.98032818418561,30,27,33,0.0421097496427184,-0.734001203807701,0.0191307783540065,0.0549466016907048,0.0410664511538416,0.287663751182861,0.515193298782509,0.467673543753229,-1.89449185719452e-18,2.65184454946664e-17,1.42870843949938e-17,-2.07834694602273,-1.55214991714015,-1.31459369081439,0.423780614198004,0.309998953346192,0.334155280903049
"Bodycare",0.00379848860852025,0.149049883177928,0.160445349003489,18.9661170945645,11.6146951142532,0.173990813414825,0.56261,0.32039,0.11701,0.338601524836433,0.744334978010699,-0.0289195667613636,-0.691317471590909,-0.726799242424242,0.386574531289029,0.226898466968077,0.290274068702756,-0.472859263231172,1.78046876093679,1.71937915047513,15.7353937982832,27.0940211616184,24.7473740653981,1.783203125,1.14453125,1.587890625,-2.4609375,-1.818359375,-2.025390625,-0.394073065137151,0.0374483430119075,0.283456939542251,0.000242999606850302,0.000102065554298274,-8.5700876464988e-05,1.81212269176136,1.83584872159091,2.31468986742424,20,12,59,-0.0345921377164472,-0.725678109146444,0.0273894270146613,0.0301243140776688,0.0212443691012313,0.354381233578123,0.280469402336013,0.318223788625421,-3.83677690674623e-18,-2.85794049936615e-17,5.88770676561584e-18,-2.43201793323864,-1.12704190340909,-1.29859138257576,0.386574531289029,0.226898466968077,0.290274068702756
"Bodycare",0.00227607860243876,0.0799819064621699,0.0868101422694861,6.53082165132992,0.252493372048984,0.134683542946599,0.77651,0.12894,0.09455,0.287357438913281,0.359464896667881,0.0699425899621212,-0.682987097537879,-0.733664772727273,0.11203020942219,0.280025147834904,0.144328443690957,-2.67299649817803,0.873093939591306,-1.51213772903827,19.356027246712,25.1935869891211,33.8073017432377,0.474609375,1.62109375,0.041015625,-0.669921875,-2.00390625,-2.060546875,0.226765096930549,-0.263465581571069,-0.547094710589618,-3.12084227380338e-05,-0.000984686880417272,0.00082556213884849,0.404666785037879,2.30408084753788,0.774680397727273,4,6,55,0.0849031362656453,-0.727828754957568,0.0410585355505892,0.127477220021519,0.272439986317864,0.210369973515715,0.200104282639731,0.164950361278262,-3.36657095035982e-18,-1.34780909273707e-18,-2.00595882628668e-17,-0.739864464962121,-1.32091915246212,-1.32688210227273,0.11203020942219,0.280025147834904,0.144328443690957
"Bodycare",0.000927263195030131,0.0829617786622628,0.0857435682473532,11.2120884480687,7.82729453351849,0.0859651480283909,0.40359,0.32459,0.27182,0.341726311857926,0.585595909829063,0.0508182410037879,-0.303962476325758,-0.933689926609849,0.264732419957807,0.260898618405203,0.272582569349464,0.904622577142442,1.13683598884856,1.841289398782,21.8351867804018,17.203023932897,25.1205235717949,1.939453125,1.232421875,1.265625,-1.486328125,-1.822265625,-2.11328125,-0.0670012048483565,-0.0348031448639926,0.178235877349511,8.27437191839117e-05,0.000752525512949279,-0.000277443515047706,1.88863488399621,1.53638435132576,2.19931492660985,26,10,8,0.0384434399441447,-0.297764947554294,0.0198153910387289,0.141542132768478,0.0251814295885992,0.242745687984505,0.224493910513204,0.344272332097528,9.27077560769832e-19,-6.62988088414982e-18,2.52593374354892e-17,-1.53714636600379,-1.51830314867424,-1.17959132339015,0.264732419957807,0.260898618405203,0.272582569349464
"Bodycare",0.00147391466507016,0.0037139020746166,0.00813564606982707,1.728763776351,0.252493372048984,0.108381978390328,0.89642,0.06384,0.03974,0.107607838864497,0.0761004153110208,0.050485321969697,-0.420424952651515,-0.894627426609849,0.0240845423072284,0.0860438067190754,0.0330471024961014,2.62564823663733,1.90453946248635,-1.06034704672132,23.3821412685547,9.61143224860192,3.52979121115447,0.23828125,0.125,-0.849609375,-0.046875,-0.564453125,-1.0078125,-0.040702273320383,0.0476186403397625,-0.797928560112622,5.55280638365866e-05,-2.76583054249362e-05,1.86951190332554e-05,0.187795928030303,0.545424952651515,0.0450180516098485,2,0,0,0.0564364919602594,-0.437963014280744,0.0888068876689614,0.689561472848879,0.739303393543744,0.21002977991298,0.106886913851272,0.102393209654812,1.65411417382977e-18,-1.34669511607311e-17,2.35684864160304e-17,-0.097360321969697,-0.144028172348485,-0.113185073390151,0.0240845423072284,0.0860438067190754,0.0330471024961014
"Bodycare",0.000178798814497603,0.00106485536685944,0.00160125181035225,0.332783428045251,0.252493372048984,0.0377488062074413,0.55806,0.31271,0.12923,0.0702487745889291,0.0354147272986004,0.00335878314393939,-0.867823745265151,-0.513842033617424,0.035593185459042,0.0259631343585369,0.0304690632877039,0.349825185999681,0.575960444618012,-0.166169999691909,6.72011252619412,3.3455824725663,1.76698919291743,0.14453125,-0.78125,-0.45703125,-0.158203125,-0.95703125,-0.580078125,0.126819492611849,-0.324913315549749,-0.497335804008512,-9.46863545871948e-05,-0.000197350601076767,0.000320698388962621,0.141172466856061,0.0865737452651515,0.0568107836174242,0,0,0,0.00523013393707037,-1.03512660357931,0.0769343894348011,0.430151242824824,0.800637516196828,0.25837167161261,0.132031009604055,0.0721974649936957,6.78760547753646e-19,-2.35542280280849e-17,-4.37099031951349e-17,-0.161561908143939,-0.0892075047348485,-0.0662360913825758,0.035593185459042,0.0259631343585369,0.0304690632877039
"Bodycare",2.40933934906738e-05,0.00133667236238184,0.00140895254285387,0.116319389846636,0.252493372048984,0.0138570215086915,0.61918,0.29943,0.08139,0.0607422547563705,0.035591551115709,-0.0367246685606061,-0.700454249526515,-0.715346827651515,0.0280801167749413,0.0351408493363226,0.0158784495873386,-0.627748254164467,-0.0335370374591689,-0.224133975416807,4.32848908748651,4.84524595926145,2.8742276518077,0.0234375,-0.576171875,-0.669921875,-0.1640625,-0.82421875,-0.76171875,0.288984358351348,-0.447125688986687,-0.224360221486445,2.67195051164489e-05,-0.000148872456246047,0.000126683267679304,0.0601621685606061,0.124282374526515,0.0454249526515151,0,0,120,-0.0516094900712674,-0.773342138167169,0.0261008331188906,0.120222504879117,0.368202103951256,0.241561921649084,0.200256029540512,0.146433867811255,2.99653626536063e-18,-1.34685938912954e-17,-1.34682858793146e-17,-0.127337831439394,-0.123764500473485,-0.0463719223484849,0.0280801167749413,0.0351408493363226,0.0158784495873386
"Bodycare",4.11821497238535e-05,0.00200637860094887,0.00212992505012043,0.237633112536206,5.30236081302866,0.0181165464109416,0.69662,0.24578,0.05759,0.0668876935189968,0.0439760893386384,-0.037841796875,-0.810961174242424,-0.597848603219697,0.0437023983432881,0.0278452349254996,0.0192934367061396,-0.0286416268442275,0.429741704742136,0.161564996320313,4.34484248106237,4.22052947109391,4.27099924140713,0.11328125,-0.71484375,-0.5234375,-0.189453125,-0.900390625,-0.662109375,-0.222675040372037,-0.56846676182312,0.489851627133343,3.18243114071702e-05,-4.20816919825994e-05,3.47738258092066e-05,0.151123046875,0.0961174242424242,0.074411103219697,0,0,0,-0.0642381568459045,-0.933140116067407,0.0271763715259154,0.0664154241588013,0.121915033107361,0.303806037404408,0.221752078139312,0.214736921901876,0,-4.37306137923869e-17,4.70977189510259e-17,-0.151611328125,-0.0894294507575758,-0.064260771780303,0.0437023983432881,0.0278452349254996,0.0192934367061396
"Bodycare",2.61009058445928e-05,0.00121087131910904,0.00128917403664282,0.121710012915431,4.92362075495518,0.0144227705457723,0.64564,0.28523,0.06913,0.056122919087896,0.0349257438061445,-0.0348973129734848,-0.821059718276515,-0.583385120738636,0.0345957058085674,0.0231298752261765,0.0162752658216471,-0.187920764496945,0.28723440276183,0.0210805373491044,4.76903687401243,3.5091229453033,3.96050468439965,0.08984375,-0.740234375,-0.515625,-0.185546875,-0.8828125,-0.6328125,-0.129759014299327,-0.445134456448953,0.494613659360297,3.72099935025337e-05,6.98622834721432e-06,-2.61150807658707e-05,0.124741062973485,0.0808253432765151,0.0677601207386364,0,0,0,-0.0602942023337757,-0.951280090082055,0.0460135567323366,0.0393975518059892,0.0927490175649526,0.256237779821109,0.217937772503813,0.221509247468165,-3.62682503186184e-19,-1.34569407713544e-17,-1.00943611429127e-17,-0.150649562026515,-0.0617527817234849,-0.0494273792613636,0.0345957058085674,0.0231298752261765,0.0162752658216471
"Bodycare",1.70373534529964e-05,0.0011117926580227,0.00116290471838169,0.0983327651426009,5.68110087110213,0.0116525767187349,0.67934,0.24765,0.07301,0.0519979177427686,0.0306794465698542,-0.025686553030303,-0.822428385416667,-0.582023851799242,0.0332448041082954,0.0197851276467539,0.0146678549873284,0.0771756320781534,0.122868088362936,-0.411369033594014,3.73900815112182,4.2176044260125,3.48487447178948,0.0859375,-0.740234375,-0.54296875,-0.150390625,-0.8828125,-0.630859375,-0.0886110034781739,-0.437722883298208,0.41309135094472,-2.79563777074135e-05,-4.42013171024388e-05,6.5502657887614e-05,0.111624053030303,0.0821940104166666,0.0390551017992424,0,0,0,-0.0446063357355013,-0.953651367455908,0.0321677469568529,0.0673554459053042,0.17789606417139,0.237027991954279,0.207000909189922,0.189024467054306,1.96855590474913e-18,-3.70119243913298e-17,6.73416860732237e-18,-0.124704071969697,-0.0603841145833334,-0.0488355232007576,0.0332448041082954,0.0197851276467539,0.0146678549873284
"Bodycare",3.17589126749588e-05,0.00237365044611773,0.0024689271841426,0.316289231134766,0.252493372048984,0.0159093969120922,0.45789,0.34471,0.19739,0.0967658317012454,0.0486292371327431,-0.0547022964015152,-0.790630918560606,-0.616810191761364,0.0488235182071829,0.0410518137372196,0.0363723501738355,-0.576651333358996,0.246301505692058,0.743315595588878,4.93579851326351,3.97433140023001,3.30646699518482,0.091796875,-0.6015625,-0.51171875,-0.2578125,-0.884765625,-0.6953125,0.109878258780174,-0.0213065755736218,-0.263989635580513,1.06860187081374e-05,0.000296801016930913,-0.000377846743155242,0.146499171401515,0.189068418560606,0.105091441761364,0,0,2,-0.0881984073492185,-0.90459288400922,0.049850135524634,0.294805830574033,0.564864139164307,0.227684406049985,0.172667002357866,0.143184182963896,1.02798610074363e-19,1.67923255086562e-17,1.00268936852807e-17,-0.203110203598485,-0.0941347064393939,-0.0785023082386364,0.0488235182071829,0.0410518137372196,0.0363723501738355
"Bodycare",2.19539189350819e-05,0.00109608945910975,0.00116195121591499,0.111229220861218,4.16614063880823,0.0132274744834339,0.61273,0.30494,0.08233,0.053489664040978,0.0362113523961324,-0.0630178740530303,-0.901507753314394,-0.448367956912879,0.0327182800528839,0.0237750200830275,0.0161431694028661,0.0396259747113625,-0.0431600411908947,0.0370913872643783,4.30539532693599,5.17929708746338,3.99385385178505,0.056640625,-0.814453125,-0.392578125,-0.169921875,-1.005859375,-0.4921875,-0.129443411614439,-0.425338438591111,0.429379074351906,1.30705969679577e-05,-3.16612633210295e-05,4.26835687068338e-05,0.11965849905303,0.0870546283143939,0.0557898319128788,0,0,0,-0.140130557642883,-1.10423040889021,0.0190562438232878,0.0500686959507378,0.261588502184333,0.266619641490509,0.217690489726827,0.183532082267788,8.41793535122231e-19,-1.68182947687891e-17,-3.36705863599612e-18,-0.10690400094697,-0.104351621685606,-0.0438195430871212,0.0327182800528839,0.0237750200830275,0.0161431694028661
"Bodycare",7.78437167144971e-05,0.00790121987169473,0.00813475102183823,0.484495040625639,7.82729453351849,0.024907646079256,0.70907,0.25351,0.03743,0.0853127443648129,0.132352844746612,-0.0460242069128788,-0.907781427556818,-0.442515980113636,0.0834432647772303,0.0612364350698043,0.0275647905466841,2.03551484118172,-3.18529322270841,-0.143682567117185,18.2509909536859,27.6901177366112,15.9470219702044,0.53515625,-0.650390625,-0.302734375,-0.37109375,-1.388671875,-0.626953125,-0.382352328671435,-0.447331082146958,0.584423601267349,0.000163419402681489,-5.24626324358078e-05,4.99041786778754e-05,0.581180456912879,0.257390802556818,0.139781605113636,0,4,0,-0.106962330313899,-1.10850251015045,0.0424004578684647,0.0278157001476151,0.109543329061857,0.223562119704758,0.229215478245454,0.210768677112948,-3.36707146982865e-18,5.04618979958472e-17,-1.0096530060611e-17,-0.325069543087121,-0.480890447443182,-0.184437144886364,0.0834432647772303,0.0612364350698043,0.0275647905466841
"Bodycare",0.000114467653982598,0.00627588996548508,0.00661929292743287,0.923630086963432,0.252493372048984,0.0302038493419868,0.54089,0.3408,0.11831,0.130875292341024,0.100318823658739,0.0601843631628788,-0.763967803030303,-0.645611387310606,0.0795262131854203,0.0604357301038214,0.0475483208318726,-2.44938267878695,-1.26081011947182,0.665357998754596,27.2331705426007,8.75190371572853,2.79212918444112,0.3828125,-0.576171875,-0.49609375,-0.646484375,-1.095703125,-0.759765625,-0.165745613855862,-0.224066288579531,-0.360835497901655,-0.000289709062090342,-0.000130699600613714,0.000150941765745554,0.322628136837121,0.187795928030303,0.149517637310606,2,2,20,0.0911709266219498,-0.862970738765586,0.107484005398715,0.311869548428098,0.604198987132959,0.207856749022566,0.16467920169658,0.132785469859818,3.32116485085398e-18,-4.71306329187888e-17,1.67989734339089e-17,-0.706668738162879,-0.331735321969697,-0.114154237689394,0.0795262131854203,0.0604357301038214,0.0475483208318726
"Bodycare",6.0835984711558e-06,0.000519328000898737,0.000537578796312205,0.0461402977478448,8.33228127761646,0.00696307664042437,0.55492,0.3956,0.04948,0.0336523975550964,0.0318452614315973,0.0138864228219697,-0.911280776515151,-0.436212713068182,0.0222709447422527,0.0191882930227931,0.0102258463175189,0.513418925525945,-0.0359467867705838,0.393950955044305,6.77322426170647,6.29651842683073,5.29602299805377,0.107421875,-0.830078125,-0.39453125,-0.056640625,-0.990234375,-0.47265625,-0.158991654727157,0.473076830741911,0.414119733477213,-2.48336247138507e-05,1.01917791970175e-05,-1.45991727755327e-05,0.0935354521780303,0.0812026515151515,0.0416814630681818,0,0,0,0.0322952090069283,-1.12359656817047,0.0430676903381508,0.0238083955753541,0.0875698633827317,0.236120802245619,0.230290732510235,0.239845138020399,8.41892997324371e-19,-2.3549940725904e-17,5.04697001639134e-18,-0.0705270478219697,-0.0789535984848485,-0.0364435369318182,0.0222709447422527,0.0191882930227931,0.0102258463175189
"Bodycare",0.000641965965901878,0.00288853826677686,0.00481443616448249,1.06174090124191,0.252493372048984,0.0715281358144946,0.80096,0.13933,0.0597,0.102156653986599,0.057303460052306,-0.0418220288825758,-0.835493607954545,-0.559222597064394,0.0279227085288081,0.0431056428724347,0.0580777781731026,0.323992795107096,-0.690603016740148,1.05557304947605,3.83363129840373,3.0644613960484,2.95368573787617,0.052734375,-0.75390625,-0.419921875,-0.123046875,-0.951171875,-0.642578125,0.0806406171286023,0.0832598080559135,-0.824246869448671,-5.339506367843e-05,0.000432220095350521,-0.000682623104362187,0.0945564038825758,0.0815873579545454,0.139300722064394,0,0,0,-0.0749106390764156,-0.978905800216408,0.0403063813469439,0.618741254870448,0.816775564364439,0.251585004502689,0.112746857076642,0.106139730065754,2.09615628471998e-18,-4.04028411220069e-17,-1.67512989545027e-17,-0.0812248461174242,-0.115678267045455,-0.0833555279356061,0.0279227085288081,0.0431056428724347,0.0580777781731026
"Bodycare",0.0069593718795525,0.314294407402338,0.335172523040995,47.1618728823673,14.2658755207676,0.23550814206618,0.45681,0.34263,0.20056,0.641919180709797,1.12589220269447,0.00905539772727273,-0.673583984375,-0.717396129261364,0.481767855797316,0.556576127814726,0.438005099210596,-0.395479648500073,-0.386842452055304,-0.0206802056464514,13.7398270416839,13.4670303287314,18.7997829009524,2.306640625,1.623046875,1.6328125,-2.861328125,-3.53125,-3.326171875,-0.0256342911031938,-0.244501151738437,0.207928601071281,-0.000257638904740786,-0.000368108441447802,9.41984841418503e-07,2.29758522727273,2.296630859375,2.35020862926136,28,18,28,-0.00792465508775654,-0.672339984967957,0.0237866580420109,0.0497344869811884,0.0635631354264296,0.353774657653651,0.330786860904507,0.343861663103517,-4.59348534062514e-19,0,1.63518170407539e-17,-2.87038352272727,-2.857666015625,-2.60877574573864,0.481767855797316,0.556576127814726,0.438005099210596
"Bodycare",1.26022970183522e-06,0.000101056291743164,0.00010483698084867,0.0106870736610482,3.1561671506123,0.00316917163243618,0.49788,0.28283,0.21929,0.0188624974890955,0.0108040526709598,-0.0318122632575758,-0.944025213068182,-0.362260298295455,0.00773236851658335,0.00994395034138492,0.00720383997475013,0.173762145992556,-0.182929910879667,0.0581220315165845,3.12289704679341,4.81289349619884,3.54595170106406,-0.01171875,-0.908203125,-0.33984375,-0.052734375,-0.982421875,-0.388671875,-0.208429595506489,0.132208147851314,-0.013961890441789,-1.42106597577757e-05,1.23139519432105e-05,-1.87021250057076e-05,0.0200935132575758,0.0358220880681818,0.0224165482954545,0,0,0,-0.087531854727246,-1.20300771315286,0.0483422908048359,0.0368975949074763,0.149828918175697,0.282363721101964,0.225799840048346,0.227333484912157,2.10389829419621e-18,-5.04642305449103e-17,-1.51394193193137e-17,-0.0209221117424242,-0.0383966619318182,-0.0264115767045455,0.00773236851658335,0.00994395034138492,0.00720383997475013
"Bodycare",1.27926328076378e-05,0.000870650850134853,0.000909028748557766,0.0717695247209918,9.72099482388587,0.0100971979737686,0.70811,0.19184,0.10005,0.0414942101232495,0.0283509636192854,-0.0136570785984848,-0.96115204782197,-0.316310073390151,0.0156963086837172,0.0297071084168346,0.0124441078519653,0.576751447088607,-0.141210704478734,0.177036836061522,6.88184179343908,5.18060504329245,3.14845725180228,0.0703125,-0.861328125,-0.28515625,-0.056640625,-1.0859375,-0.34765625,-0.0237893793399732,0.00437390653688339,0.381229781437953,-3.40362879820516e-05,2.20433369584385e-06,3.25459265697254e-07,0.0839695785984848,0.0998239228219697,0.0311538233901515,0,0,0,-0.0431000675965321,-1.25212998127101,0.16724175862048,0.0257982658110694,0.114168764316028,0.201228514786276,0.243077357784081,0.23763488888598,-4.15966971638933e-19,2.69137852889648e-17,-2.35489072013277e-17,-0.0429835464015152,-0.12478545217803,-0.0313461766098485,0.0156963086837172,0.0297071084168346,0.0124441078519653
"Bodycare",0.000158682607927213,0.0197930720147343,0.0202691198385159,1.14324238547163,11.4884484282288,0.0355619501650447,0.49186,0.43676,0.07138,0.165646723807679,0.246756296114183,0.0607762192234848,-0.890469637784091,-0.483834931344697,0.140496391396561,0.135270226680668,0.0563208786590662,-0.118401345023378,-2.80763888527595,1.24242237248799,7.37423725683361,32.5174045273182,10.3200706570628,0.611328125,-0.166015625,-0.197265625,-0.49609375,-2.091796875,-0.736328125,0.0395012208972444,0.19035369049397,0.167522018419966,-0.000271130496962414,-0.000385255240569299,0.000311939649585206,0.550551905776515,0.724454012784091,0.286569306344697,2,4,2,0.123270335030173,-1.04856770481063,0.0414434390625049,0.0717687813725995,0.181189840965478,0.211297420495878,0.211777632317061,0.186455173147864,-2.29197810998426e-18,2.98161115981503e-17,-8.37633448306285e-18,-0.556869969223485,-1.20132723721591,-0.252493193655303,0.140496391396561,0.135270226680668,0.0563208786590662
"Walking",0.000251594359094503,0.00618079330836598,0.00693557638564948,1.22872871885666,0.631233430122459,0.0447786869087104,0.57519,0.32999,0.09481,0.101980386248852,0.126853741136912,0.061959931344697,-0.51168915719697,-0.849158084753788,0.0806205666747071,0.063700805990134,0.0387341582590965,0.881677173471183,2.31455470452928,-1.40363869442117,15.1548356878452,9.96605238988905,13.0914830212411,0.521484375,-0.12109375,-0.658203125,-0.3203125,-0.6484375,-1.044921875,-0.0922786343556701,0.421424153749284,-0.173397172869966,-5.31224676594122e-05,-0.000565597251253839,0.00023996920531178,0.459524443655303,0.39059540719697,0.190954959753788,0,0,0,0.0737117681889049,-0.538419781332626,0.14183653591026,0.570800085212767,0.288303187884415,0.365985819760492,0.128158180016512,0.174799185261454,2.60208521396521e-18,2.69378038065525e-17,-3.36628411420268e-17,-0.382272431344697,-0.13674834280303,-0.195763790246212,0.0806205666747071,0.063700805990134,0.0387341582590965
"Bodycare",9.14108937341927e-06,0.000567765253474766,0.000595188521595024,0.0531892366957179,0.252493372048984,0.00853532145141991,0.61752,0.26096,0.12152,0.0379790559178432,0.0224941644997921,-0.00231563683712121,-0.634477095170455,-0.773666844223485,0.0160905216119851,0.0242188573929987,0.0108801135607256,-0.549222913703263,-0.0303013824729545,0.278869818086763,3.2478243841859,6.07548035749263,3.41906386059959,0.029296875,-0.5234375,-0.7421875,-0.064453125,-0.7265625,-0.80859375,0.13828251546246,-0.0730546916883058,0.00663729153095868,-0.000127588311938707,-5.22104174275576e-05,4.49624204732956e-05,0.0316125118371212,0.111039595170455,0.0314793442234849,0,0,0,-0.00301392249452158,-0.686536662675583,0.477306484232762,0.0688527357248527,0.165366287732343,0.135001561234242,0.219726757265564,0.187758444367739,4.28200822502117e-20,4.03685811057926e-17,1.34626389929996e-17,-0.0621374881628788,-0.0920854048295454,-0.0349269057765151,0.0160905216119851,0.0242188573929987,0.0108801135607256
"Bodycare",0.000159930718881355,0.00111474993233629,0.00159454208898036,0.222107873368276,0.252493372048984,0.0357015316986568,0.81761,0.13429,0.0481,0.0574965744088613,0.0266385478403512,-0.00958066998106061,-0.640255089962121,-0.769050366950758,0.0118017747311305,0.0374191147339547,0.0202677914904838,0.382856617200677,-0.360409376191232,-0.00581543286990112,5.10990980595887,3.30112782702514,1.91661326663965,0.041015625,-0.541015625,-0.720703125,-0.046875,-0.7734375,-0.822265625,0.52312407845182,-0.428846994009969,-0.546449151274338,-2.26292910180071e-06,0.00015867890695824,-0.000114660382046127,0.0505962949810606,0.0992394649621212,0.0483472419507576,0,0,6,-0.01263634164819,-0.693755647011515,0.207688150112358,0.311371172241726,0.618450605369939,0.183067524824676,0.162653750446731,0.102249753288283,1.98613183840466e-19,3.3490912704483e-18,-6.73424561031758e-18,-0.0372943300189394,-0.133182410037879,-0.0532152580492424,0.0118017747311305,0.0374191147339547,0.0202677914904838
"Bodycare",8.31744696969852e-06,0.000206403394461938,0.000231355735371033,0.0281332390474808,0.252493372048984,0.00814171553851039,0.50406,0.30663,0.18931,0.0276699433970386,0.0152213304575713,0.00379527698863636,-0.941805752840909,-0.372203480113636,0.0112721790805144,0.0141021720967585,0.0115345984816465,0.685747649179422,1.39210828469167,0.191196752264996,4.2250764557506,9.58631295525816,2.22086336564391,0.041015625,-0.85546875,-0.349609375,-0.02734375,-0.98046875,-0.3984375,-0.210052870946459,0.328921114359292,-0.173762785913972,-5.16728682685597e-05,3.27561057432091e-05,-0.000102391650470556,0.0372203480113636,0.0863370028409091,0.0225941051136364,0,0,0,0.0104985630565697,-1.19421371355819,0.153914214954722,0.0561978462657746,0.509346894848255,0.189965365150852,0.244191161650125,0.123021466567858,-9.40046148545596e-20,-3.02808022150052e-17,-1.01007395576822e-17,-0.0311390269886364,-0.0386629971590909,-0.0262340198863636,0.0112721790805144,0.0141021720967585,0.0115345984816465
"Bodycare",5.48379342262982e-06,0.000636324006695114,0.000652775386963004,0.0490841745135413,9.3422547658124,0.00661091308540485,0.50699,0.28777,0.20525,0.0467779266385445,0.0267783054193123,0.00508996212121212,-0.930249763257576,-0.399177320075758,0.0236393174090349,0.0210620271322101,0.0168858594108384,0.732265624720633,0.558060082021352,-0.363577708982813,4.81671818700919,6.46926298652303,2.90251716970985,0.10546875,-0.82421875,-0.361328125,-0.06640625,-1.0234375,-0.455078125,-0.27835380756786,0.105398633075551,0.0601230453452351,5.92870865100535e-05,6.51300675345168e-05,-0.000147890983196264,0.100378787878788,0.106031013257576,0.0378491950757576,0,0,0,0.0129248313733053,-1.16475071616193,0.0696623428923145,0.0806514787017445,0.47868547168135,0.215225098242098,0.218197018488718,0.132309725841603,6.25476079300897e-19,4.37285635876396e-17,-6.73450228696826e-18,-0.0714962121212121,-0.0931877367424242,-0.0559008049242424,0.0236393174090349,0.0210620271322101,0.0168858594108384
"Bodycare",2.497893e-05,0.0001362674,0.0002112042,0.04393098,0.2524934,0.01410938,0.6116,0.23959,0.14881,0.02538239,0.01224987,-0.03403172,-0.8069883,-0.5983739,0.008204155,0.01216966,0.01139835,0.1896751,0.3734444,-0.1496569,4.253139,4.187374,2.060336,-0.009765625,-0.7636719,-0.5761719,-0.06640625,-0.8457031,-0.6289062,-0.09935955,0.3087923,-0.4805013,1.658505e-05,-5.1399e-05,6.737262e-05,0.0242661,0.04331647,0.022202,0,0,0,-0.05674342,-0.9319222,0.3373835,0.3240543,0.6457855,0.2074468,0.1605478,0.1262442,2.73061e-18,1.682509e-17,1.34631e-17,-0.03237453,-0.03871478,-0.03053237,0.008204155,0.01216966,0.01139835
"Bodycare",0.004010672,0.008811625,0.02084364,5.045002,0.2524934,0.1787843,0.601,0.28916,0.10984,0.2547834,0.141081,0.02980735,-0.7784683,-0.615878,0.1002832,0.108619,0.1132548,-1.452794,1.040806,-0.2626468,14.56921,4.423398,2.272858,0.4433594,-0.3144531,-0.3222656,-0.5996094,-0.9902344,-0.984375,0.03477808,-0.2658064,-0.645654,0.0005405878,0.0009930202,-0.001182576,0.413552,0.4640152,0.2936124,4,2,18,0.04237511,-0.89354,0.27305,0.6278521,0.7668027,0.2126387,0.1273246,0.07795374,-1.458142e-18,-2.361068e-17,-3.021372e-17,-0.6294167,-0.2117661,-0.368497,0.1002832,0.108619,0.1132548
"Bodycare",8.350393e-06,0.001519877,0.001544928,0.07787361,14.01338,0.008157824,0.62214,0.33601,0.04185,0.03364567,0.06521345,0.01585434,-0.7951216,-0.6151456,0.03239929,0.03645741,0.01021743,-1.996048,-1.197734,0.8783334,60.31158,41.23669,7.935955,0.2988281,-0.5625,-0.5507812,-0.2792969,-1.076172,-0.640625,-0.2765214,0.0007707534,0.06110303,2.550492e-05,-5.377721e-05,6.637713e-05,0.2829738,0.2326216,0.06436435,0,0,2,0.02577962,-0.9109686,0.06573473,0.04206522,0.4354599,0.2098041,0.2251605,0.1828271,2.588568e-19,4.037337e-17,-3.027213e-17,-0.2951512,-0.2810502,-0.0254794,0.03239929,0.03645741,0.01021743
"Bodycare",2.40444e-06,1.880265e-05,2.601597e-05,0.004718322,0.5049867,0.004377517,0.63254,0.26495,0.10251,0.007904865,0.005264854,-0.02729936,-0.948072,-0.3418561,0.002491179,0.003774045,0.004547524,-2.080373,1.700129,0.04757178,16.77109,18.08646,2.331089,-0.02148438,-0.9179688,-0.3300781,-0.046875,-0.9609375,-0.3535156,-0.4266023,0.4060998,-0.344223,-1.647168e-05,1.366738e-05,-3.371529e-05,0.005814986,0.03010328,0.01177794,0,0,0,-0.07965824,-1.223702,0.2712742,0.1670077,0.505764,0.1779196,0.2005286,0.2347097,-1.262698e-18,4.373694e-17,1.683651e-18,-0.01957564,-0.01286547,-0.01165956,0.002491179,0.003774045,0.004547524
"Bodycare",4.816681e-07,3.521285e-05,3.665785e-05,0.003667051,3.02992,0.001959273,0.42114,0.37216,0.2067,0.009425476,0.01023792,-0.04004646,-0.9495221,-0.3352421,0.005235795,0.00591068,0.00496935,1.379332,0.2938955,0.1201492,24.43183,23.95524,5.362758,0.001953125,-0.9101562,-0.3164062,-0.0703125,-0.9921875,-0.3535156,-0.05654975,-0.3052955,0.03980102,6.302191e-06,4.206768e-06,-3.655844e-07,0.04199959,0.03936583,0.01883582,0,0,0,-0.1189588,-1.229121,0.06205439,0.04334999,0.1470824,0.2503334,0.2199223,0.2451671,2.104468e-19,-5.382845e-17,2.186844e-17,-0.03026604,-0.04266542,-0.01827356,0.005235795,0.00591068,0.00496935
"Bodycare",6.536359e-05,0.000212414,0.0004085048,0.09004429,0.2524934,0.02282385,0.89545,0.06491,0.03964,0.03033161,0.01490187,-0.05492424,-0.9160674,-0.4152388,0.009364629,0.009502007,0.01667979,-0.1471934,-0.3375794,0.09766275,2.463354,3.571237,1.779687,-0.03320312,-0.890625,-0.3847656,-0.08398438,-0.9550781,-0.4472656,-0.6699219,0.8373757,-0.8167113,0.0001053889,-0.0001026763,0.0002133911,0.02172112,0.02544241,0.03047319,0,0,0,-0.1309328,-1.141877,0.7092596,0.5991257,0.8319336,0.1215913,0.1038418,0.09167104,-2.043916e-19,-4.709382e-17,-1.511634e-17,-0.02906013,-0.03901071,-0.03202681,0.009364629,0.009502007,0.01667979
"Bodycare",5.68244e-06,2.153253e-05,3.857985e-05,0.008770672,0.2524934,0.006729586,0.68717,0.20482,0.10801,0.01023608,0.004615984,0.08779445,-0.9370117,-0.357666,0.004748188,0.003134778,0.004875566,-0.3339028,-0.02418618,0.1822262,3.672818,5.292096,2.07603,0.1035156,-0.9238281,-0.3417969,0.07421875,-0.9492188,-0.3671875,-0.314511,0.5421952,-0.5245673,4.091042e-05,-1.880913e-05,5.49402e-05,0.01572118,0.01318359,0.01586914,0,0,0,0.24079,-1.196266,0.5732846,0.2644723,0.7625154,0.1783484,0.1636954,0.08486738,-4.208137e-18,0,0,-0.0135757,-0.01220703,-0.009521484,0.004748188,0.003134778,0.004875566
"Bodycare",0.0003347663,0.002366654,0.003370953,0.6654035,0.2524934,0.05165255,0.7553,0.15004,0.09466,0.07442142,0.05718487,-0.09095348,-0.914536,-0.4058801,0.05722985,0.02735926,0.02095862,-1.260879,1.007861,-0.385474,4.393453,10.81958,4.357902,0.0546875,-0.7714844,-0.3203125,-0.28125,-1.039062,-0.46875,-0.2896468,0.1823974,-0.06245069,0.0001845539,-9.680216e-05,0.0001262374,0.145641,0.1430516,0.08556759,0,0,0,-0.2153541,-1.140742,0.5749235,0.2136622,0.4410897,0.1745984,0.177063,0.1313623,3.119212e-18,1.346541e-17,3.367148e-18,-0.1902965,-0.1245265,-0.06286991,0.05722985,0.02735926,0.02095862
"Bodycare",0.001133914,0.09328278,0.09668452,7.831031,0.5049867,0.09506289,0.54679,0.38566,0.06755,0.4407405,0.4264209,-0.08895597,-0.8837521,-0.4559733,0.2982021,0.2583775,0.1453968,1.386107,-1.552426,0.4492584,14.49451,11.78426,6.62582,1.677734,-0.04492188,0.2050781,-1.572266,-2.605469,-1.121094,-0.04047756,-0.5581774,-0.2218568,9.517932e-06,0.0003882169,-0.0007004743,1.76669,0.8388302,0.6610514,8,38,20,-0.2285528,-1.014716,0.08490477,0.05695588,0.2665125,0.2096185,0.2144731,0.1677352,5.699659e-18,3.363979e-17,1.917908e-17,-1.48331,-1.721717,-0.6651204,0.2982021,0.2583775,0.1453968
"Bodycare",0.003253091,0.01993443,0.0296937,5.489071,0.2524934,0.161016,0.52013,0.35125,0.12861,0.29785,0.2085982,-0.09468217,-0.8482629,-0.4949026,0.1395974,0.1380045,0.1362202,-1.739936,-0.7998187,0.01022407,16.23315,12.37623,2.18565,0.6484375,-0.2832031,-0.03515625,-1.001953,-1.779297,-0.8261719,-0.04036198,-0.2974069,-0.5126413,-0.0004661303,-0.0009210688,0.001501903,0.7431197,0.5650598,0.4597464,2,21,4,-0.1907117,-1.012315,0.204977,0.3350905,0.7222082,0.2041787,0.1496399,0.08365949,-2.702805e-18,3.284203e-18,-2.693719e-17,-0.907271,-0.931034,-0.3312692,0.1395974,0.1380045,0.1362202
"Bodycare",0.001976969,0.05888436,0.06481527,4.634604,0.3787401,0.1255223,0.66401,0.26469,0.07129,0.2961333,0.3496911,0.1815444,-0.8919567,-0.3806966,0.2320374,0.1906443,0.08616658,-1.405529,0.631464,0.6315144,26.52456,30.16696,5.242502,1.330078,0.6601562,0.04101562,-1.841797,-2.154297,-0.6445312,-0.3971235,0.1690205,0.05994776,0.0002207754,0.0001324855,-0.0002310646,1.148534,1.552113,0.4217122,2,2,10,0.4074344,-1.086929,0.2073456,0.03112416,0.3430158,0.181505,0.2103683,0.2198855,3.195624e-19,1.134316e-17,-1.850589e-17,-2.023341,-1.26234,-0.2638346,0.2320374,0.1906443,0.08616658
"Bodycare",0.0002561455,0.02421275,0.02498119,2.008133,0.2524934,0.04518187,0.49031,0.442,0.06768,0.1681179,0.2960181,0.135535,-0.7806433,-0.5751731,0.1565897,0.1502486,0.06208343,-2.645785,4.690339,-2.51944,33.92983,51.50422,24.681,0.8964844,0.7949219,-0.2714844,-1.183594,-1.513672,-1.056641,-0.01455937,-0.2904053,0.08287463,-0.0005485371,-0.0006386619,0.0002357134,0.7609493,1.575565,0.3036887,2,6,14,0.2229089,-0.9078167,0.1360219,0.2035425,0.2319763,0.1917663,0.1847329,0.1932647,8.056246e-18,-2.885907e-18,2.019786e-17,-1.319129,-0.7330285,-0.4814675,0.1565897,0.1502486,0.06208343
"Bodycare",0.001833469,0.2308025,0.2363029,29.35969,11.6147,0.1208809,0.44213,0.34332,0.21455,0.4442373,1.073725,0.05255682,-0.5508996,-0.8010254,0.4657119,0.4208525,0.3747841,0.2340303,-0.1373901,1.635673,21.09398,27.09656,22.55237,2.810547,2.078125,1.583984,-2.824219,-3.773438,-2.601562,0.07331865,0.1398972,0.2419319,-4.915645e-05,-0.0009024877,0.0004239231,2.75799,2.629025,2.38501,17,17,15,0.04326868,-0.5615848,0.02174296,0.05016231,0.03530789,0.2883437,0.3105546,0.3682808,-1.257587e-18,-8.154104e-19,0,-2.876776,-3.222538,-1.800537,0.4657119,0.4208525,0.3747841
"Bodycare",0.0001418966,0.01326076,0.01368645,0.841754,8.332281,0.03362845,0.55916,0.35512,0.08572,0.1527751,0.1654358,0.06067264,-0.827178,-0.5516542,0.115518,0.09202026,0.05162081,-3.365571,-2.593271,3.565277,31.1023,32.33778,27.88041,0.4257812,-0.3359375,-0.1054688,-0.9707031,-1.667969,-0.7050781,-0.1000736,-0.1270048,0.3935371,6.897252e-05,0.0001120663,-0.0001432963,0.3651086,0.4912405,0.4461855,4,4,0,0.1115867,-0.9681888,0.05210828,0.03173683,0.1162747,0.2125358,0.2198083,0.2200801,2.956033e-18,-2.693339e-17,-1.683264e-17,-1.031376,-0.8407907,-0.1534239,0.115518,0.09202026,0.05162081
"Bodycare",0.0004709293,0.07150846,0.07292125,3.752376,0.2524934,0.06126307,0.51407,0.34945,0.13648,0.302624,0.463031,0.09799657,-0.7706558,-0.5693063,0.2516514,0.201004,0.1952402,-3.591994,7.179277,6.791075,38.97235,95.9215,88.15479,1.130859,1.742188,1.8125,-2.3125,-1.662109,-1.572266,-0.1818399,-0.3635804,-0.2826598,0.0006101769,0.0001868607,3.762462e-05,1.032863,2.512843,2.381806,6,10,12,0.1842118,-0.88937,0.09062384,0.03763587,0.2526608,0.2015977,0.2186019,0.1770188,1.645997e-18,-2.394662e-17,2.693852e-17,-2.410497,-0.8914536,-1.002959,0.2516514,0.201004,0.1952402
"Bodycare",0.00153631,0.1776101,0.182219,6.29131,0.2524934,0.1106523,0.87597,0.08095,0.04308,0.2851174,0.5977553,-0.04210316,-0.6972212,-0.6855913,0.2822531,0.3419366,0.1069193,9.76557,4.042965,0.8590702,143.6599,109.8087,4.183398,3.876953,3.470703,-0.34375,-1.269531,-3.787109,-0.9511719,0.8275643,-0.3193404,-0.4217008,-1.740729e-05,0.0007924417,-0.0008099821,3.919056,4.167924,0.3418413,0,8,15,-0.08183789,-0.7795596,0.03910991,0.07227236,0.6273483,0.2092614,0.2114691,0.105966,5.453496e-18,4.214302e-17,-4.028396e-17,-1.227428,-3.089888,-0.2655806,0.2822531,0.3419366,0.1069193
"Bodycare",3.67084e-06,0.0003644607,0.0003754732,0.03754755,6.186088,0.005408834,0.59125,0.26364,0.14511,0.02081736,0.03196576,-0.03173828,-0.9387207,-0.3575107,0.01500151,0.01695348,0.01107179,-2.842127,1.725835,1.504326,33.84095,28.0616,12.70465,0.03515625,-0.7988281,-0.2851562,-0.1621094,-1.009766,-0.40625,0.4095819,-0.3476511,-0.1098435,9.214764e-06,8.98102e-06,-1.087709e-05,0.06689453,0.1398926,0.0723544,0,0,0,-0.0888344,-1.205207,0.02848442,0.04363837,0.2790795,0.2952668,0.2827775,0.1898064,0,0,-2.52315e-17,-0.1303711,-0.07104492,-0.04873935,0.01500151,0.01695348,0.01107179
"Bodycare",2.342143e-05,0.001343104,0.001413368,0.08677182,0.2524934,0.01366242,0.65565,0.24769,0.09666,0.04774956,0.05159968,-0.03591826,-0.910504,-0.4191895,0.03330384,0.02682445,0.01808283,0.01906191,-0.1243487,-0.09382841,12.58384,8.576426,4.276058,0.1367188,-0.7832031,-0.3515625,-0.1933594,-1.021484,-0.4785156,0.3851775,-0.5406893,-0.2180899,1.817922e-05,3.499356e-05,-7.791342e-05,0.172637,0.1273008,0.06762695,0,0,0,-0.08679741,-1.136528,0.03835833,0.06820594,0.3757439,0.2177038,0.2302989,0.1640932,8.418994e-19,1.681993e-17,0,-0.1574411,-0.1109804,-0.05932617,0.03330384,0.02682445,0.01808283
"Bodycare",0.001346402,0.07572389,0.07976309,4.991687,0.3787401,0.1035877,0.67084,0.28128,0.04788,0.2970583,0.3707325,0.177653,-0.9202548,-0.351126,0.2795294,0.184683,0.08158444,3.371236,0.1320972,-0.5888461,38.75899,11.12234,10.64126,2.755859,0.09765625,-0.03125,-1.408203,-1.833984,-0.8046875,-0.1275065,-0.3201249,-0.1228971,-8.056677e-05,-0.0002066896,0.0001291564,2.578206,1.017911,0.319876,2,6,8,0.4008701,-1.127542,0.1018634,0.04934258,0.1199569,0.2104402,0.2114173,0.2060463,1.264087e-17,2.98488e-17,8.396445e-18,-1.585856,-0.9137296,-0.4535615,0.2795294,0.184683,0.08158444
"Bodycare",0.000584365,0.02498044,0.02673354,2.300261,0.3787401,0.06824377,0.51704,0.37224,0.11072,0.2435047,0.2132945,0.2011571,-0.881503,-0.3858236,0.159952,0.1402947,0.08023669,-0.3848647,0.484756,1.467652,16.43502,9.347271,4.868115,1.126953,-0.15625,-0.0859375,-0.9257812,-1.412109,-0.5234375,0.100467,0.2568445,-0.1006385,-0.0002861634,-0.0001143827,-3.166381e-05,0.925796,0.725253,0.2998861,0,4,6,0.4647777,-1.08217,0.1583975,0.02222275,0.4231594,0.1885251,0.2164823,0.2482785,-1.346711e-17,-3.027549e-17,-1.851439e-17,-1.126938,-0.5306064,-0.1376139,0.159952,0.1402947,0.08023669
"Bodycare",0.0004892425,0.02372481,0.02519254,1.883332,0.2524934,0.06244289,0.58584,0.28397,0.13019,0.210858,0.2174445,0.1303045,-0.9342374,-0.3591383,0.1417016,0.1304047,0.07692461,2.504609,-2.534281,1.636029,17.56964,24.11242,7.436497,1.189453,-0.4199219,0.03320312,-0.375,-2.033203,-0.5,-0.3356543,0.1971681,-0.08816886,1.307378e-05,0.0001669491,-0.0002278775,1.059149,0.5143155,0.3923414,0,4,0,0.3252434,-1.160885,0.1874115,0.05381393,0.4644086,0.1791818,0.2060741,0.1947608,-5.907952e-18,-2.985099e-17,-6.704651e-18,-0.5053045,-1.098966,-0.1408617,0.1417016,0.1304047,0.07692461
"Bodycare",0.0003358728,0.03380852,0.03481614,1.859427,3.156167,0.05173785,0.46214,0.42217,0.11569,0.2787389,0.2772318,0.158684,-0.8888938,-0.3800234,0.1854297,0.1784592,0.09541866,-0.6368739,1.558335,1.532048,10.67064,12.46403,7.367657,1.033203,0.0546875,0.1308594,-0.9277344,-1.560547,-0.6210938,0.01691955,-0.1389671,-0.1138545,2.228218e-05,-0.0001423741,-0.0003467007,0.8745191,0.9435813,0.5108828,6,8,10,0.3580168,-1.090943,0.04709737,0.03193792,0.3847144,0.2171061,0.2137444,0.160848,-6.734425e-18,2.019773e-17,-1.679277e-17,-1.086418,-0.6716531,-0.2410704,0.1854297,0.1784592,0.09541866
"Bodycare",0.001611864,0.03898447,0.04382006,6.674565,0.2524934,0.1133405,0.46719,0.43308,0.09973,0.3310841,0.3162473,0.09338749,-0.8540557,-0.4966856,0.2062047,0.1725676,0.146614,-1.567105,-2.813955,1.30566,13.71904,14.90218,5.534421,0.7402344,-0.4433594,0.2402344,-1.289062,-1.912109,-0.6816406,0.06743789,0.1643318,-0.5862528,0.0005337551,-0.0009636403,0.001523221,0.6468469,0.4106963,0.73692,2,12,4,0.2090328,-0.9907485,0.1380817,0.2548788,0.7059585,0.1956653,0.1798588,0.08948807,2.884584e-18,-4.715892e-17,1.700081e-17,-1.38245,-1.058054,-0.184955,0.2062047,0.1725676,0.146614
"Bodycare",0.0007179522,0.06299358,0.06514743,4.134058,0.2524934,0.07564299,0.58092,0.29368,0.12541,0.3301256,0.3743762,0.1211085,-0.8862749,-0.4249305,0.2255755,0.2138204,0.1246694,-1.298419,-0.856899,1.048219,16.69594,12.65888,3.069766,1.230469,0.2148438,0.001953125,-1.412109,-2.109375,-0.6035156,-0.337043,0.01516564,-0.2323647,-0.0001262234,0.000345932,-0.0009427434,1.10936,1.101119,0.4268836,6,20,16,0.2698878,-1.056067,0.05569676,0.06504308,0.6295032,0.2044248,0.21478,0.1240443,2.898996e-18,-4.039357e-17,-3.289337e-18,-1.533218,-1.2231,-0.1785852,0.2255755,0.2138204,0.1246694
"Bodycare",0.0007146993,0.003196433,0.005340531,1.041592,0.2524934,0.07547143,0.47852,0.39425,0.12723,0.1365997,0.08046353,0.04057913,-0.8364628,-0.5376125,0.06585571,0.05765194,0.05915969,0.5467294,0.4354021,-0.920482,10.13087,3.807448,3.652109,0.3964844,-0.6132812,-0.4277344,-0.2832031,-0.9980469,-0.8007812,-0.2133821,-0.07266491,-0.5211864,0.0001812744,-0.0003538035,0.0004562659,0.3559052,0.2231815,0.1098781,0,0,2,0.0742827,-0.994363,0.08558427,0.4171077,0.6424704,0.196981,0.1411729,0.117729,-2.851934e-18,-3.363561e-17,-1.346823e-17,-0.3237823,-0.1615841,-0.2631688,0.06585571,0.05765194,0.05915969
"Bodycare",4.225845e-05,0.002027845,0.002154621,0.2363587,3.408661,0.01835176,0.43475,0.34085,0.2244,0.09616131,0.04755291,0.0551166,-0.872381,-0.4849447,0.04490351,0.04162924,0.03473758,0.07202546,-0.006275621,0.1654715,3.371317,3.266172,2.488708,0.1953125,-0.7402344,-0.3730469,-0.0859375,-0.9980469,-0.5722656,0.07665641,-0.1850924,-0.005473939,-9.23005e-06,-0.0001851093,0.0003484446,0.1401959,0.1321467,0.1118978,0,0,0,0.1117066,-1.058822,0.03382709,0.134918,0.566824,0.228707,0.1999599,0.1011375,1.683581e-18,5.049172e-17,-1.853688e-17,-0.1410541,-0.1256658,-0.08732096,0.04490351,0.04162924,0.03473758
"Bodycare",0.002124833,0.1365239,0.1428984,7.853131,0.2524934,0.1301318,0.75695,0.15696,0.08609,0.3890157,0.5163673,-0.1140951,-0.9026989,-0.3983413,0.2891332,0.287192,0.1506832,4.684102,-2.788937,0.09994808,69.06326,54.71607,3.891474,3.175781,1.224609,0.2519531,-1.783203,-3.824219,-0.75,0.6456124,-0.4743736,-0.4175187,0.001120847,0.0008050385,-0.001366523,3.289876,2.127308,0.6502944,2,30,17,-0.3002606,-1.084353,0.1184327,0.07248691,0.6026636,0.193053,0.2092316,0.1172613,-7.13479e-18,1.181175e-17,-2.365224e-17,-1.669108,-2.92152,-0.3516587,0.2891332,0.287192,0.1506832
"Bodycare",0.0006654005,0.01524737,0.01724357,1.636812,0.2524934,0.07282198,0.50599,0.30871,0.1853,0.1502586,0.243751,0.01035008,-0.6940252,-0.6928489,0.08723901,0.1271561,0.1014858,3.845897,3.938085,2.829261,53.73463,33.31241,48.77369,0.8066406,0.4179688,0.3515625,-0.5878906,-1.28125,-1.255859,0.2873,-0.09191839,0.04994273,-0.0001277157,-0.0008464794,0.0006070197,0.7962905,1.111994,1.044411,3,1,5,0.0202607,-0.7777715,0.04237562,0.3304932,0.2787211,0.2650471,0.157691,0.1611687,6.075921e-19,-5.091269e-17,2.01111e-17,-0.5982407,-0.5872248,-0.5630105,0.08723901,0.1271561,0.1014858
"Bodycare",0.0001272503,0.0009018768,0.001283628,0.2547478,0.2524934,0.03184566,0.58797,0.28955,0.12248,0.0626687,0.03627938,-0.033721,-0.8422112,-0.5356001,0.0284918,0.02326049,0.02881499,-0.4754968,0.3130072,-0.01438138,3.336927,3.473909,3.072491,0.04101562,-0.7675781,-0.4570312,-0.1191406,-0.9003906,-0.6171875,0.05261715,-0.4564816,-0.465048,0.0001033445,-9.674356e-05,0.0001286462,0.07473662,0.07463305,0.07856889,0,0,0,-0.06414569,-1.002778,0.1212147,0.4267983,0.5385267,0.2531828,0.1299094,0.126591,8.258828e-19,-4.374636e-17,4.038916e-17,-0.08541963,-0.05817945,-0.08158736,0.0284918,0.02326049,0.02881499
"Bodycare",6.983215e-05,0.006228741,0.006438237,0.4597017,4.039894,0.02359112,0.49672,0.35948,0.14379,0.1173198,0.1233624,-0.05240146,-0.9679732,-0.2404933,0.07441093,0.07039324,0.04969107,-3.413711,2.619005,0.4342514,24.34586,23.36637,3.728995,0.1074219,-0.5175781,-0.001953125,-0.5957031,-1.324219,-0.3535156,-0.101999,-0.3928819,0.1476694,-5.849923e-05,-1.323556e-05,0.0004871832,0.1598233,0.4503951,0.2385402,2,16,0,-0.208631,-1.310359,0.04254602,0.04982659,0.6027505,0.2175714,0.2298515,0.09754303,-2.947867e-18,4.036795e-17,-1.346839e-17,-0.5433017,-0.3562456,-0.1130223,0.07441093,0.07039324,0.04969107
"Bodycare",0.0007463131,0.06945132,0.07169026,4.620904,9.973488,0.07712256,0.62695,0.30822,0.06484,0.3615961,0.3476115,-0.1930339,-0.9239021,-0.3425219,0.2050356,0.247002,0.1062967,-0.8603132,0.3062468,0.08433587,6.949552,21.80855,3.01196,0.40625,0.9160156,-0.05078125,-1.251953,-2.568359,-0.6679688,0.3035266,-0.5300788,-0.240708,0.0003468249,0.0004642081,-0.001028738,0.5992839,1.839918,0.2917406,6,55,12,-0.4711559,-1.110513,0.0610986,0.04392807,0.5120441,0.215957,0.2172412,0.1272493,-1.324108e-17,4.285966e-17,6.573335e-18,-1.058919,-1.644457,-0.3254469,0.2050356,0.247002,0.1062967
"Bodycare",0.00100879,0.1400376,0.143064,7.236404,16.28582,0.08966467,0.66397,0.30699,0.02904,0.401594,0.5101841,-0.1346547,-0.8954116,-0.4010343,0.3290656,0.3169454,0.08203605,0.1667494,2.224352,0.1944968,18.47981,43.46945,3.477567,2.234375,2.119141,-0.1503906,-1.957031,-3.189453,-0.6386719,0.3654846,-0.2568065,-0.1152842,-0.000213749,8.023112e-06,0.0003397432,2.36903,3.014552,0.2506436,18,57,22,-0.2873748,-1.054772,0.08924861,0.02346146,0.2358405,0.1956195,0.2143902,0.1820199,-1.26367e-17,-2.480428e-17,2.527204e-17,-1.822377,-2.294041,-0.2376376,0.3290656,0.3169454,0.08203605
"Bodycare",0.0005069007,0.06919075,0.07071146,3.580978,0.3787401,0.06355978,0.67383,0.24455,0.08162,0.2755515,0.3867327,-0.1268496,-0.9159934,-0.388842,0.2056198,0.2275634,0.1042864,-1.262371,-8.157455,0.3163993,22.40436,115.1466,4.75415,0.9414062,0.2011719,0.1347656,-1.693359,-3.892578,-0.6386719,0.4530804,-0.2236132,-0.4210231,-0.0003226225,0.0004519075,-0.0008231005,1.068256,1.117165,0.5236077,2,28,6,-0.2896586,-1.118314,0.1743654,0.04547817,0.5404553,0.1917861,0.2123865,0.1183771,8.850724e-18,2.107459e-17,1.190753e-17,-1.56651,-2.976585,-0.2498298,0.2056198,0.2275634,0.1042864
"Bodycare",0.0007532798,0.0799598,0.08221964,4.981769,0.7574801,0.07748168,0.5115,0.39882,0.08968,0.4307456,0.4029701,-0.08740234,-0.9507354,-0.3655303,0.2725276,0.2605103,0.1364049,0.07499057,-0.1890699,-0.2773896,10.03969,6.686701,11.53553,1.378906,0.05664062,0.3828125,-1.537109,-1.884766,-1.191406,-0.1206423,-0.4028614,-0.0751525,-0.0003099238,-0.0004308017,0.0007032124,1.466309,1.007376,0.7483428,12,48,14,-0.2270782,-1.109412,0.07536244,0.05508113,0.2173569,0.2053203,0.2095838,0.1696041,0,-4.706684e-17,7.75913e-18,-1.449707,-0.9340302,-0.8258759,0.2725276,0.2605103,0.1364049
"Bodycare",0.001839579,0.07329175,0.07881049,5.975962,0.3787401,0.1210821,0.55041,0.31505,0.13454,0.3907443,0.3854499,-0.1478604,-0.9319587,-0.3878433,0.27208,0.2069361,0.1622827,0.683846,-1.832012,0.7666149,27.01124,13.32088,12.54536,2.123047,-0.1132812,0.6230469,-1.748047,-2.244141,-1.144531,-0.1454957,-0.3122911,-0.2055414,-0.0005935969,1.806586e-05,0.0003399336,2.270907,0.8186775,1.01089,6,52,8,-0.3475083,-1.096266,0.1471031,0.1061886,0.2626822,0.1875899,0.2012267,0.1732245,-5.606588e-18,4.327815e-17,-2.398376e-17,-1.600186,-1.312182,-0.756688,0.27208,0.2069361,0.1622827
"Bodycare",0.001997268,0.0728827,0.07887451,6.073851,0.2524934,0.126165,0.58882,0.28328,0.1279,0.3599665,0.4046202,0.1295203,-0.8886053,-0.4254187,0.241911,0.2370291,0.1387449,1.405139,-7.151636,0.4017779,28.74959,89.9653,2.940579,1.923828,0.0703125,0.1464844,-1.583984,-3.806641,-0.6660156,-0.3722045,-0.06108202,-0.196484,-2.076252e-05,0.0008188345,-0.001431407,1.794308,0.9589178,0.5719031,2,10,2,0.2595307,-1.066683,0.1916582,0.08905146,0.6990899,0.1828921,0.2035586,0.09177159,2.058829e-18,-5.092994e-17,-3.270677e-18,-1.713505,-2.918035,-0.2405969,0.241911,0.2370291,0.1387449
"Bodycare",0.001517384,0.1437877,0.1483398,7.196254,9.594748,0.1099686,0.64539,0.30312,0.05149,0.4458404,0.5449795,0.1877219,-0.9304495,-0.3477598,0.3422867,0.3158127,0.1137832,-0.3143729,1.050864,-0.03202693,15.62344,32.99416,7.392783,1.941406,1.810547,0.2421875,-2.107422,-3.074219,-0.828125,-0.3525113,-0.2769685,0.08823442,0.0002451772,2.485655e-05,0.0004204832,1.753684,2.740996,0.5899473,6,10,10,0.3921728,-1.098605,0.07527765,0.03805971,0.1240852,0.1969245,0.2089464,0.1894873,1.084353e-18,-2.693616e-17,1.675965e-17,-2.295144,-2.143769,-0.4803652,0.3422867,0.3158127,0.1137832
"Bodycare",0.0003394581,0.04528826,0.04630663,2.890917,10.22598,0.06775037,0.5434,0.38645,0.07015,0.2923095,0.3171517,0.08892637,-0.8439054,-0.4952208,0.2150462,0.1789032,0.08345981,0.5633766,0.776357,1.671933,9.509468,8.953577,17.39679,1.193359,0.0703125,0.1503906,-0.9980469,-1.558594,-0.8242188,0.01247348,0.08224557,-0.3288947,-0.0002468,-0.0004735623,0.0004217022,1.104433,0.9142179,0.6456114,8,6,22,0.1537314,-0.9904934,0.0608366,0.06242722,0.1534421,0.2059036,0.2120875,0.1957869,1.037513e-18,-3.023363e-17,1.67521e-17,-1.086973,-0.7146884,-0.328998,0.2150462,0.1789032,0.08345981
"Bodycare",0.0001008056,0.01220064,0.01250305,0.7428893,3.661154,0.02834413,0.60108,0.3234,0.07552,0.1425097,0.1562194,0.06419419,-0.9075151,-0.4107333,0.10962,0.08354969,0.04247356,-1.35598,1.114763,2.361253,11.42768,19.22905,17.93256,0.4960938,-0.296875,-0.08398438,-0.5507812,-1.347656,-0.5761719,-0.1264523,-0.3300642,0.1020955,-0.0002027879,3.922134e-05,0.0001219358,0.4318996,0.6106401,0.3267489,2,4,2,0.1463663,-1.126428,0.04098319,0.05091865,0.175622,0.221794,0.2195787,0.2000395,-1.339159e-18,-4.03737e-17,-2.52268e-17,-0.6149754,-0.4401412,-0.1654386,0.10962,0.08354969,0.04247356
"Bodycare",0.0008213764,0.1062623,0.1087265,5.464726,14.89711,0.0809081,0.72979,0.20474,0.06547,0.3426851,0.4425883,-0.0871656,-0.876709,-0.4626761,0.2415104,0.2832871,0.1020061,2.141132,1.451056,0.09795047,32.9872,48.35217,3.271072,2.119141,1.832031,-0.07617188,-1.476562,-3.035156,-0.7753906,0.5472927,-0.2272586,-0.1330846,-0.0003070909,0.0005761667,-0.0007021163,2.206306,2.70874,0.3865042,4,26,6,-0.1884381,-1.030136,0.1279743,0.04683515,0.5589718,0.1893037,0.2094563,0.118383,-5.836955e-18,0,-2.693709e-17,-1.389397,-2.158447,-0.3127145,0.2415104,0.2832871,0.1020061
"Bodycare",0.000797699,0.005310893,0.00770399,1.317043,0.2524934,0.07973343,0.56689,0.32557,0.10754,0.1534672,0.08663866,0.006895123,-0.7675115,-0.6268939,0.06869895,0.0728943,0.05963942,-0.2291716,-0.1322956,-0.1306155,5.218568,3.387582,3.110362,0.2441406,-0.5957031,-0.4472656,-0.2910156,-0.9921875,-0.7734375,0.1697218,-0.1087576,-0.6518756,-0.0001641601,4.920804e-05,-0.0001192251,0.2372455,0.1718084,0.1796283,0,0,11,0.009739169,-0.8814117,0.06857361,0.3681306,0.6121812,0.2117206,0.1661592,0.1599883,-1.254122e-18,-5.045632e-17,5.386965e-17,-0.2979107,-0.224676,-0.1465436,0.06869895,0.0728943,0.05963942
"Bodycare",0.001426418,0.01834411,0.02262337,2.908978,0.2524934,0.1066214,0.67673,0.21964,0.10364,0.2395579,0.1448096,-0.0006732363,-0.8687855,-0.4777906,0.1031468,0.1015967,0.1116668,-0.4293406,0.1423438,0.3753919,7.589112,6.588666,2.248392,0.3808594,-0.3574219,-0.1992188,-0.4804688,-1.357422,-0.6601562,-0.6176491,0.3704554,-0.5654648,0.0002868544,-0.0007028009,0.00125829,0.3815326,0.5113636,0.2785719,2,2,2,0.02044032,-1.055368,0.05350323,0.2545186,0.6745841,0.2058392,0.1688097,0.1455238,-1.301043e-18,-1.013513e-17,-6.55778e-18,-0.4797955,-0.4886364,-0.1823656,0.1031468,0.1015967,0.1116668
"Bodycare",0.001488802,0.02831184,0.03277825,3.278747,0.2524934,0.108928,0.64276,0.21638,0.14087,0.2461931,0.2406388,0.01720821,-0.8794093,-0.4664714,0.1362061,0.1428982,0.1096546,-2.242591,-0.8215876,0.7702086,46.2378,13.45458,4.158621,0.8554688,-0.1328125,0.02539062,-1.339844,-1.740234,-0.8710938,-0.6126126,0.1833782,-0.2948486,-0.0003867857,0.0005856127,-0.0008942691,0.8382605,0.7465968,0.491862,4,2,6,0.05918111,-1.061595,0.08152103,0.1351235,0.7033005,0.1976777,0.1919353,0.1054269,-2.039598e-18,-1.347013e-17,1.856578e-17,-1.357052,-0.860825,-0.4046224,0.1362061,0.1428982,0.1096546
"Bodycare",0.005642186,0.04636724,0.0632938,9.999771,0.2524934,0.2120531,0.66692,0.21836,0.11473,0.3634072,0.2986504,-0.1556581,-0.8372692,-0.5256126,0.1667429,0.1958912,0.1694955,0.4653851,-0.8404233,-0.219445,9.360949,6.294577,2.686156,0.7265625,-0.2734375,-0.0703125,-0.8769531,-1.697266,-0.9335938,0.3508369,-0.4090098,-0.6575646,0.0006357309,0.001565153,-0.001885633,0.8822206,0.5638317,0.4553001,2,38,5,-0.3136129,-0.9548378,0.1926442,0.3875282,0.7035626,0.1796113,0.141244,0.1224462,8.083466e-18,9.894166e-18,2.019717e-17,-0.721295,-0.8599964,-0.4079812,0.1667429,0.1958912,0.1694955
"Bodycare",0.0006714202,0.0573983,0.05941256,3.475211,3.913647,0.07315064,0.57334,0.38143,0.04523,0.284191,0.3258268,0.02621922,-0.8974979,-0.4881481,0.2430824,0.1992069,0.06966537,-0.5703566,0.1952512,-3.729198,8.525718,13.77183,41.39649,1.144531,0.4082031,-0.2011719,-1.060547,-1.767578,-1.169922,0.03633235,0.1773824,0.009159099,0.0001391845,-0.0002508616,0.0001375438,1.118312,1.305701,0.2869762,6,12,20,0.06350776,-1.021196,0.01813436,0.03076274,0.08557211,0.2131849,0.2150772,0.2023984,-8.030899e-19,-3.366435e-17,1.009494e-17,-1.086766,-0.8700802,-0.6817738,0.2430824,0.1992069,0.06966537
"Bodycare",0.0008157357,0.006403073,0.00885028,2.01575,0.2524934,0.08062981,0.66108,0.2628,0.07612,0.1273722,0.1120381,0.001827356,-0.656102,-0.7521455,0.05772385,0.07683974,0.06442999,6.082472,-0.1784808,0.9494206,49.58038,4.78048,3.28242,0.5703125,-0.3066406,-0.59375,-0.1054688,-0.8339844,-0.8964844,0.1784348,0.07639774,-0.7439863,-5.368804e-05,0.0004215876,-0.0004163267,0.5684851,0.3494614,0.1583955,0,0,3,0.002144806,-0.7152086,0.09253316,0.6198041,0.675014,0.3538134,0.1538834,0.152322,-4.336809e-19,2.357413e-17,4.70776e-17,-0.1072961,-0.1778823,-0.1443389,0.05772385,0.07683974,0.06442999
"Bodycare",0.001329981,0.1356588,0.1396488,7.391812,16.15958,0.1029541,0.77516,0.16909,0.05575,0.3954525,0.4838718,0.1357644,-0.8589015,-0.5507073,0.2978354,0.280166,0.1138251,4.929197,-4.695752,1.068579,52.16939,45.56863,4.334331,3.328125,0.203125,-0.1054688,-0.65625,-3.691406,-0.8945312,-0.6369628,0.4460264,-0.3330849,0.0002057852,0.0001493877,-0.0002620336,3.192361,1.062027,0.4452385,6,2,32,0.2256383,-0.936287,0.08652805,0.03259802,0.3056451,0.1992668,0.2078961,0.2318484,-3.469447e-18,-1.346829e-17,-4.371762e-17,-0.7920144,-2.832505,-0.343824,0.2978354,0.280166,0.1138251
"Bodycare",2.056296e-05,0.001563788,0.001625477,0.1373314,4.923621,0.01280158,0.51314,0.38061,0.10625,0.05791149,0.05826786,-0.01447828,-0.8671801,-0.5218173,0.03931972,0.03510485,0.0197305,-0.2015811,0.0824349,0.889082,10.28313,10.28708,3.828842,0.1738281,-0.6640625,-0.4453125,-0.1894531,-1.017578,-0.5722656,-0.1121073,0.249828,0.1631556,-1.520105e-05,8.710016e-05,-0.000118957,0.1883064,0.2031176,0.07650479,0,0,0,-0.02684339,-1.027387,0.0177556,0.06958609,0.3281106,0.2372509,0.2135259,0.1581048,4.208984e-19,6.734554e-18,3.027724e-17,-0.1749748,-0.150398,-0.05044833,0.03931972,0.03510485,0.0197305
"Bodycare",0.000868699,0.07521411,0.07782021,4.201336,16.53832,0.08320618,0.68898,0.23252,0.0785,0.3108586,0.3689518,-0.009018407,-0.8819765,-0.4982614,0.2360129,0.2183824,0.09776104,-0.5090046,1.085521,-2.986734,7.810951,12.01109,23.04745,0.875,0.4785156,-0.2089844,-0.9335938,-1.689453,-1.306641,-0.4912576,0.2429856,-0.1090029,2.371649e-05,-0.0002251599,0.000472556,0.8840184,1.360492,0.289277,20,16,28,-0.005386808,-1.01027,0.0481729,0.01738387,0.1817033,0.2098548,0.238725,0.1797004,3.787379e-18,-1.638857e-17,2.69377e-17,-0.9245753,-0.8074766,-0.8083792,0.2360129,0.2183824,0.09776104
"Bodycare",0.003984442,0.1132301,0.1251834,6.351059,0.2524934,0.1781988,0.77466,0.15862,0.06672,0.3484954,0.5059022,-0.1355868,-0.7994792,-0.5930324,0.2903372,0.2493924,0.1229047,-9.018247,-7.709989,0.8803543,119.2263,97.71447,5.771667,0.4238281,-0.1816406,0.09960938,-3.990234,-3.945312,-0.8730469,0.6396591,-0.4761532,-0.4461491,0.0005079158,0.0009287423,-0.001235455,0.559415,0.6178385,0.6926417,8,20,22,-0.2065983,-0.8862222,0.1486703,0.1046555,0.6119967,0.1828088,0.1915501,0.1027094,5.616085e-18,-3.749995e-17,-1.324842e-17,-3.854648,-3.145833,-0.2800145,0.2903372,0.2493924,0.1229047
"Bodycare",6.561828e-06,4.950562e-05,6.919111e-05,0.01482813,0.3787401,0.007231582,0.71817,0.16923,0.11259,0.01270607,0.008861949,-0.0629069,-0.8520138,-0.5399873,0.00484373,0.005608832,0.006436017,0.1374543,0.3020424,0.1117434,2.761634,4.853254,2.817886,-0.05078125,-0.828125,-0.5234375,-0.07421875,-0.8710938,-0.5546875,-0.3869147,0.5578422,-0.6464561,4.563499e-05,-4.315488e-05,6.229137e-05,0.01212565,0.02388879,0.01654978,0,0,0,-0.115924,-1.002839,0.4863064,0.4379167,0.6506037,0.1660325,0.1646365,0.1761637,4.621662e-18,3.364781e-17,4.709411e-17,-0.01131185,-0.01907996,-0.01470022,0.00484373,0.005608832,0.006436017
"Bodycare",0.0004126731,0.04832424,0.04956226,2.546898,14.39212,0.05734876,0.64697,0.32732,0.02571,0.1826288,0.3194351,-0.05991063,-0.903054,-0.4525849,0.2208314,0.1603267,0.0462126,-3.228103,-0.414708,-2.570943,41.52369,20.11859,30.40862,0.9433594,0.1542969,-0.2421875,-2.226562,-1.853516,-0.8691406,-0.1161058,0.2164445,0.1356789,0.0002004345,-4.88087e-05,0.0001372285,1.00327,1.057351,0.2103974,8,14,6,-0.11844,-1.07233,0.02955144,0.02645147,0.1121055,0.2189934,0.2426538,0.2045819,3.764805e-18,2.018817e-17,-8.397087e-18,-2.166652,-0.9504616,-0.4165557,0.2208314,0.1603267,0.0462126
"Bodycare",1.404702e-05,0.0008374008,0.0008795419,0.1101494,4.923621,0.01058067,0.5777,0.22969,0.1926,0.04428204,0.03916499,-0.07001657,-0.9095348,-0.4383434,0.02343748,0.02560743,0.01781653,-0.05144922,1.63779,-0.5457607,8.745849,16.21441,4.586801,0.0546875,-0.7148438,-0.3828125,-0.1777344,-1.007812,-0.4902344,0.4394158,0.1491278,0.07770785,-5.72286e-05,-7.442636e-05,0.0001367133,0.1247041,0.1946911,0.05553089,0,0,0,-0.1579608,-1.116152,0.2270117,0.08005505,0.4000989,0.1937188,0.2352599,0.1872564,5.467341e-18,1.009952e-17,1.010106e-17,-0.1077178,-0.0982777,-0.05189098,0.02343748,0.02560743,0.01781653
"Bodycare",6.103226e-06,0.0001510635,0.0001693731,0.02442182,0.2524934,0.0069743,0.50306,0.35794,0.139,0.02104928,0.01781033,-0.06556286,-0.9229181,-0.4111476,0.01239413,0.01158286,0.006993506,-2.017564,-1.657045,-0.02081669,15.61228,15.12367,5.372203,-0.02148438,-0.8769531,-0.3789062,-0.1582031,-0.9960938,-0.4375,0.1587147,0.1527564,-0.04200129,8.878223e-05,-3.305864e-05,5.010671e-05,0.04407848,0.04596502,0.03224136,0,0,0,-0.1579509,-1.146832,0.3891597,0.0698728,0.3269509,0.1503021,0.2419011,0.1766482,3.777175e-18,5.046162e-17,-1.346516e-17,-0.09264027,-0.0731756,-0.02635239,0.01239413,0.01158286,0.006993506
"Bodycare",0.0001187042,0.0005990751,0.0009551876,0.2154431,0.2524934,0.0307577,0.93805,0.04486,0.01709,0.04280616,0.02654126,-0.07801403,-0.8573405,-0.5296002,0.01082451,0.01716378,0.02462727,0.4390694,0.5921499,-0.537667,2.658119,2.618787,2.384472,-0.046875,-0.8105469,-0.4921875,-0.1015625,-0.8886719,-0.5820312,-0.7542816,0.7537618,-0.9556975,0.0001170271,-0.0002103887,0.0003110047,0.03113903,0.04679362,0.0374127,0,0,0,-0.1458322,-1.012562,0.7039824,0.7821639,0.8292223,0.1157757,0.1051265,0.1031988,3.77692e-18,-3.703021e-17,-5.38713e-17,-0.02354847,-0.03133138,-0.05243105,0.01082451,0.01716378,0.02462727
"Bodycare",3.769875e-06,2.087375e-05,3.218338e-05,0.006427149,0.2524934,0.00548131,0.54348,0.29827,0.15825,0.009410007,0.00683351,-0.06886985,-0.9179761,-0.4195964,0.003694359,0.004539924,0.004995748,1.199858,0.4359272,0.3465759,9.110869,11.83467,2.653118,-0.05078125,-0.8886719,-0.4042969,-0.08203125,-0.9375,-0.4296875,-0.05384374,0.4098444,-0.2883176,2.956202e-05,-2.206308e-05,4.606236e-05,0.0180886,0.02930427,0.01529948,0,0,0,-0.1626532,-1.137002,0.3324106,0.1986812,0.6492057,0.2052415,0.1905117,0.1158683,-6.310695e-18,-6.731656e-18,1.85008e-17,-0.0131614,-0.01952385,-0.01009115,0.003694359,0.004539924,0.004995748
"Bodycare",0.0002018303,0.001218065,0.001823556,0.3477711,0.2524934,0.04010644,0.69441,0.20497,0.10061,0.06820502,0.03620526,-0.0629217,-0.641646,-0.7660689,0.02259901,0.03734099,0.02685086,-0.4048925,0.5758993,-0.2177967,4.06811,3.179791,2.333673,-0.001953125,-0.5214844,-0.7207031,-0.1445312,-0.7109375,-0.8339844,-0.1159477,-0.06695188,-0.6828914,4.920422e-05,-0.0003944286,0.0003167005,0.06096857,0.1201616,0.04536577,0,0,0,-0.08203896,-0.6951675,0.06842355,0.5805483,0.7164061,0.229915,0.1203013,0.09898734,5.050447e-18,-4.04028e-17,4.040101e-17,-0.08160955,-0.06929155,-0.06791548,0.02259901,0.03734099,0.02685086
"Bodycare",4.191399e-05,0.001059969,0.001185711,0.1498911,0.2524934,0.01827681,0.74699,0.1894,0.06361,0.0364511,0.04941404,0.02948923,-0.5322044,-0.8445638,0.0249022,0.02763552,0.01426437,-2.121257,-1.111399,1.99438,25.47232,8.207785,8.316297,0.1582031,-0.4121094,-0.7695312,-0.1464844,-0.6542969,-0.8925781,0.6791636,-0.04941505,-0.4384352,-7.45359e-05,-0.0002082818,0.0001209014,0.1287139,0.120095,0.07503255,0,0,0,0.03487266,-0.5616399,0.1147508,0.3279378,0.4358954,0.2520948,0.2238065,0.186196,1.771274e-18,2.020194e-17,3.700186e-17,-0.1759736,-0.1220925,-0.04801432,0.0249022,0.02763552,0.01426437
"Bodycare",0.005225066,0.05649454,0.07216974,7.263176,0.2524934,0.2040642,0.66143,0.26052,0.07805,0.3546993,0.3764339,0.1416903,-0.790986,-0.5947562,0.2232412,0.2085186,0.1256771,3.83248,-6.078387,1.078978,29.44265,72.61343,7.45232,2.115234,-0.0234375,0.1992188,-0.5390625,-3.214844,-0.7773438,-0.3856971,0.5509118,-0.4995899,-0.001374722,0.0007497397,-0.001181809,1.973544,0.7675485,0.7939749,0,0,28,0.2233558,-0.8823644,0.3262435,0.170029,0.6807115,0.152963,0.1800798,0.08706452,-5.478096e-18,2.693606e-17,-2.693647e-17,-0.6807528,-2.423858,-0.1825876,0.2232412,0.2085186,0.1256771
"Bodycare",1.03409e-05,3.556296e-05,6.658566e-05,0.01613295,0.2524934,0.009078207,0.63506,0.26171,0.10323,0.01393188,0.005338567,0.01271011,-0.759233,-0.659335,0.008146939,0.004711395,0.00403471,-0.3976891,-1.945252,0.169273,1.938952,15.60552,2.908958,0.02734375,-0.7460938,-0.6464844,-0.0078125,-0.7949219,-0.6699219,0.07159215,-0.02927379,-0.4137712,-9.039615e-05,-1.20732e-05,1.529404e-05,0.01463364,0.0131392,0.01285067,0,0,0,0.01927072,-0.8555703,0.741939,0.2015244,0.4010789,0.09314112,0.2089506,0.2001498,-4.104228e-19,4.037104e-17,-3.027977e-17,-0.02052261,-0.03568892,-0.01058683,0.008146939,0.004711395,0.00403471
"Bodycare",0.0002427277,0.001158774,0.001886957,0.4192481,0.2524934,0.04398256,0.99031,0.00563,0.00406,0.0531151,0.03588397,-0.00929214,-0.6704841,-0.744873,0.003925668,0.03380684,0.02733311,0.4285851,0.862512,-0.7937541,3.063723,2.719309,2.583223,0.001953125,-0.5898438,-0.7089844,-0.01953125,-0.7148438,-0.8085938,0.5747008,-0.5619295,-0.9910402,-2.109562e-05,-0.000419189,0.0003418017,0.01124527,0.08064039,0.03588867,0,0,14,-0.01259289,-0.7327636,0.4812449,0.8250387,0.8337665,0.1578411,0.1071725,0.1008988,4.17892e-19,4.36984e-17,0,-0.01023911,-0.04435961,-0.0637207,0.003925668,0.03380684,0.02733311
"Active",0.0121011,0.1647982,0.2011015,35.02385,3.02992,0.3105513,0.78466,0.17238,0.04296,0.5242759,0.4754473,0.08539743,-0.0797526,-1.015706,0.1209286,0.2071691,0.4458133,-0.2952402,-0.3331999,0.6982092,5.466105,6.375446,3.854296,0.5507812,0.8085938,0.171875,-0.4335938,-0.84375,-2.007812,0.3038464,-0.3652567,-0.06233229,7.41251e-05,0.0004109551,-0.000571088,0.4653838,0.8883464,1.187581,56,17,19,0.02997009,-0.1339814,0.07457647,0.08203026,0.05594095,0.219383,0.2692098,0.443635,-2.734941e-18,6.367224e-18,-7.395327e-17,-0.5189912,-0.7639974,-0.9921061,0.1209286,0.2071691,0.4458133
"Active",0.01050143,0.1918764,0.2233807,40.8254,3.02992,0.2892978,0.76524,0.12537,0.10939,0.5832066,0.5208583,0.1197103,-0.09099047,-1.000718,0.2073733,0.1909473,0.4609177,0.7467682,-0.0790394,0.6001414,7.090614,5.122025,3.544702,1.095703,0.5527344,0.3105469,-0.546875,-0.7675781,-2.042969,0.029184,-0.4643876,-0.0143254,0.0001884027,0.0001181837,-0.0001403456,0.9759928,0.6437248,1.311265,42,19,21,0.05917799,-0.141384,0.03133251,0.07076045,0.06512967,0.2555267,0.2855822,0.4843279,7.347112e-18,3.237976e-19,1.346875e-17,-0.6665853,-0.6765877,-1.042251,0.2073733,0.1909473,0.4609177
"Active",0.003691857,0.08448386,0.09555943,18.7302,3.02992,0.1715313,0.75932,0.15502,0.08566,0.3117864,0.4031931,0.08190548,-0.09056877,-1.063898,0.1271203,0.138179,0.3009909,0.453401,-1.711058,1.382682,8.083603,14.97779,9.508548,0.6933594,0.5214844,0.2929688,-0.453125,-0.9082031,-2.033203,0.08022358,-0.5155788,0.06104056,2.172807e-05,0.0003074896,-0.0005880183,0.6114539,0.6120531,1.356867,28,8,8,0.05465798,-0.1027446,0.05357854,0.1027532,0.08357708,0.2653035,0.2678885,0.5039138,-3.367559e-18,6.734066e-18,6.047784e-17,-0.5350305,-0.8176344,-0.9693049,0.1271203,0.138179,0.3009909
"Active",0.07990618,0.5968297,0.8365482,180.984,3.282414,0.7980151,0.75516,0.18562,0.05922,1.342008,0.6658389,0.1787479,-0.2183727,-1.05218,0.3313134,0.4581411,0.8877605,2.150403,-0.2468381,0.2011491,14.13301,3.700275,2.063592,2.638672,1.123047,1.302734,-0.4375,-1.794922,-2.78125,-0.1539434,-0.6017877,0.1279124,-0.0004947968,0.001075189,-0.0001729475,2.459924,1.34142,2.354914,84,45,47,-0.1289882,-0.2422584,0.04541862,0.04876033,0.0696007,0.3400267,0.3227959,0.5859915,1.488468e-17,1.521836e-17,5.967855e-17,-0.6162479,-1.576549,-1.72907,0.3313134,0.4581411,0.8877605
"Active",0.007296926,0.191923,0.2138138,39.73956,2.777427,0.241152,0.84426,0.11571,0.04002,0.5055053,0.472504,0.1244747,-0.07799923,-1.072377,0.1162702,0.1711027,0.4587596,1.02477,-0.1350747,0.7766119,8.023662,5.69127,4.137186,0.8222656,0.5449219,0.2304688,-0.1621094,-0.765625,-2.292969,0.1490687,-0.469171,-0.07764569,-9.870969e-05,-0.0001557549,-0.0002212187,0.6977909,0.6229211,1.302845,30,14,18,0.07936643,-0.1300481,0.05258839,0.06682482,0.08328551,0.2311004,0.2609702,0.4453722,-6.837032e-18,3.339248e-18,-1.009156e-16,-0.2865841,-0.6876258,-1.220592,0.1162702,0.1711027,0.4587596
"Active",0.02311284,0.314131,0.3834695,73.16113,3.156167,0.429188,0.82445,0.12595,0.04959,0.7900477,0.4805777,0.07172556,-0.1537494,-1.055257,0.1602679,0.2424076,0.6169867,0.4920032,-0.06331436,0.3045418,4.971258,4.01255,2.430928,0.7910156,0.5996094,0.3222656,-0.3652344,-0.8457031,-2.345703,-0.01693742,-0.3094838,0.05064875,-8.048589e-06,0.0001421053,0.0003751526,0.7192901,0.7533588,1.377523,69,23,32,-0.004267884,-0.2311784,0.04551546,0.05014621,0.07361762,0.2201798,0.2936196,0.4957011,-7.213384e-19,2.095136e-18,-7.403201e-17,-0.4369599,-0.6919537,-1.290446,0.1602679,0.2424076,0.6169867
"Active",0.00835295,0.1080816,0.1331404,23.88491,2.903674,0.2580126,0.79664,0.13351,0.06986,0.4098515,0.4318567,0.1003196,-0.08447266,-1.024362,0.1524862,0.1447008,0.3506252,1.264408,-0.8144711,0.8513737,11.44369,6.955237,5.2615,1.015625,0.5195312,0.09570312,-0.4804688,-0.703125,-1.984375,-0.1289101,-0.6249345,-0.0603405,0.0003692058,9.458063e-05,-0.0004407145,0.9153054,0.6040039,1.120065,41,12,14,0.04113733,-0.1169747,0.06221392,0.08693747,0.04995982,0.2520152,0.2331435,0.4231821,-9.589542e-18,0,4.710088e-17,-0.5807884,-0.6186523,-0.9600127,0.1524862,0.1447008,0.3506252
"Active",0.009960163,0.1904533,0.2203338,40.39007,3.156167,0.2817436,0.83207,0.11793,0.04999,0.5247809,0.4667332,0.09590288,-0.1325906,-1.094919,0.1353511,0.1754095,0.4644496,0.09959301,-0.9451352,0.9599562,5.098084,7.373664,4.482237,0.6621094,0.4941406,0.3300781,-0.4082031,-0.8632812,-2.320312,0.1035485,-0.4814832,0.05388265,-2.53648e-05,-0.0003265012,-0.0002466612,0.5662065,0.6267312,1.424997,43,16,19,0.03167175,-0.1697399,0.04451833,0.07295884,0.08703247,0.2665486,0.2321077,0.4265367,5.146874e-18,4.448733e-18,4.709734e-17,-0.504106,-0.7306907,-1.225394,0.1353511,0.1754095,0.4644496
"Active",0.004937343,0.1026852,0.1174973,20.56248,3.156167,0.1983661,0.75365,0.13917,0.10718,0.3913355,0.3746863,0.07601651,-0.1265758,-1.040734,0.1393748,0.14142,0.3412912,0.1450244,-0.6809355,1.32285,4.677596,10.8578,6.337613,0.6738281,0.4882812,0.1582031,-0.3457031,-0.890625,-1.988281,0.1032836,-0.1928852,0.08556869,-1.082932e-05,-3.473625e-05,0.0002477783,0.5978116,0.6148571,1.198938,53,11,12,0.05122576,-0.1525268,0.08045354,0.04997599,0.1022161,0.2058985,0.2387147,0.3634467,-4.404109e-18,1.010155e-17,3.361055e-17,-0.4217196,-0.7640492,-0.9475468,0.1393748,0.14142,0.3412912
"Active",0.01085314,0.1267859,0.1593453,33.94403,3.02992,0.2941024,0.76184,0.14237,0.0958,0.430616,0.4677719,0.04967152,-0.1085834,-1.038448,0.1455941,0.1749653,0.3966727,1.272621,-1.596716,0.3435048,9.079264,10.13212,5.421673,0.796875,0.4941406,0.21875,-0.4550781,-1.029297,-2.169922,-0.02977458,-0.2182087,0.149407,-0.0002007873,0.0004450684,3.325863e-05,0.7472035,0.602724,1.257198,60,15,14,0.0502127,-0.1425784,0.04669369,0.1318121,0.05959984,0.2283376,0.277662,0.5934255,-6.565532e-18,0,-1.076631e-16,-0.5047496,-0.9207135,-1.131473,0.1455941,0.1749653,0.3966727
"Active",0.01244621,0.1488823,0.1862209,35.94516,3.02992,0.3149484,0.80147,0.13671,0.06182,0.5019592,0.4607766,0.08661074,-0.1118238,-1.058897,0.131715,0.1842285,0.4255122,0.7885416,-1.33031,0.395729,7.262385,7.125832,4.322962,0.765625,0.4277344,0.2148438,-0.3222656,-0.9140625,-2.271484,-0.1054855,-0.3978579,0.2299898,0.0002056387,-0.0001758404,-0.0001639786,0.6790143,0.5395582,1.273741,38,10,14,0.04503258,-0.1409056,0.07926691,0.1323162,0.09620049,0.226413,0.2465362,0.4611801,1.244574e-18,-6.707166e-18,-5.385837e-17,-0.4088764,-0.8022387,-1.212587,0.131715,0.1842285,0.4255122
"Active",0.07544371,0.4860171,0.7123482,151.2475,3.282414,0.7754118,0.76143,0.19062,0.04795,1.183995,0.6799352,0.1145389,-0.2187278,-1.033196,0.265454,0.436206,0.8214626,0.7072421,-0.2052493,0.1703148,5.859167,5.796929,2.23093,1.419922,1.689453,0.9179688,-0.8417969,-2.050781,-2.679688,-0.27047,-0.561174,0.2234286,-0.0001487139,0.001060444,-0.0005327883,1.305383,1.908181,1.951164,73,44,42,-0.1503138,-0.2314179,0.0425077,0.06074285,0.08221668,0.2988636,0.3073066,0.5638434,1.367296e-17,4.634554e-18,6.639096e-18,-0.9563358,-1.832053,-1.646492,0.265454,0.436206,0.8214626
"Active",0.005889246,0.1447426,0.1624103,29.57753,3.156167,0.216646,0.80027,0.12714,0.07259,0.4618918,0.4145888,0.06756037,-0.1365486,-1.032633,0.1351672,0.1566399,0.4001723,0.6136777,-0.8016724,0.6586522,6.075849,6.360578,4.614812,0.6953125,0.40625,0.1777344,-0.4003906,-0.7226562,-2.085938,0.1639215,-0.3345703,0.01029277,-5.146842e-05,7.691475e-05,-7.255576e-05,0.6277521,0.5427986,1.210368,30,12,14,0.001186212,-0.1724016,0.08461265,0.09657428,0.1414054,0.2098281,0.2817061,0.4101009,-5.492213e-18,-1.305724e-17,7.397647e-17,-0.467951,-0.5861077,-1.053304,0.1351672,0.1566399,0.4001723
"Active",0.004460985,0.0237026,0.03708556,7.005946,0.3787401,0.1885542,0.7636,0.16899,0.06741,0.2484533,0.1930124,0.0670425,-0.0596295,-1.032685,0.09458852,0.06468077,0.1882452,-0.07940876,0.4687398,1.484585,7.822271,14.55215,7.636578,0.5273438,0.3242188,-0.1523438,-0.375,-0.4453125,-1.347656,0.2353983,-0.3732867,0.1604445,0.0001226975,-2.008931e-05,-0.0002238829,0.4603013,0.3838482,0.8803415,38,2,2,0.05491023,-0.05990254,0.08333624,0.1192109,0.5129508,0.2406846,0.2094973,0.2051232,-3.357844e-18,1.683998e-18,2.693391e-17,-0.4420425,-0.385683,-0.314971,0.09458852,0.06468077,0.1882452
"Active",0.02076739,0.4430609,0.5053631,88.15134,3.156167,0.406829,0.78765,0.12364,0.0887,0.9533413,0.5555916,0.09101267,-0.1431256,-1.06193,0.2616222,0.2730043,0.7061362,0.15839,-0.4445207,0.105805,5.3523,4.013761,2.276265,1.152344,0.5683594,0.5722656,-0.9121094,-1.240234,-2.628906,-0.1484574,-0.2876662,0.0493205,6.054179e-05,-0.0001999364,3.412609e-05,1.061331,0.711485,1.634196,79,24,33,0.01385987,-0.1703747,0.03893576,0.05933762,0.1860131,0.2147476,0.2447118,0.3319666,-1.839037e-18,-1.870249e-18,7.400914e-17,-1.003122,-1.097109,-1.566976,0.2616222,0.2730043,0.7061362
"Active",0.0007650248,0.02478313,0.0270782,4.565101,0.3787401,0.07808339,0.6683,0.23386,0.09784,0.1971378,0.2216294,0.1068004,-0.1245043,-0.9787006,0.1139382,0.06784107,0.151438,-0.04572844,0.4374667,3.341676,16.96048,10.93638,23.89676,0.6835938,0.2753906,0.1210938,-0.6074219,-0.4746094,-1.466797,-0.2935961,-0.4317116,0.09221013,0.0001432594,-0.0002921739,-0.0009799286,0.5767933,0.3998949,1.099794,6,2,2,0.09574069,-0.1254429,0.04122941,0.2131889,0.3287791,0.2735741,0.2166765,0.2012056,2.849701e-18,6.734117e-18,5.387542e-17,-0.7142223,-0.3501051,-0.4880963,0.1139382,0.06784107,0.151438
"Active",0.004338345,0.1001195,0.1131346,19.83293,0.6312334,0.1859443,0.65046,0.28047,0.06907,0.4284588,0.424026,0.09694602,-0.087173,-0.9928089,0.2150598,0.1360434,0.33041,0.06130107,-0.3140498,-0.1053788,10.07974,10.65257,6.673078,1.328125,0.6367188,0.4648438,-0.8203125,-0.7597656,-1.943359,0.3043981,-0.04406884,0.4294313,0.0002048024,0.0002604483,0.0009169086,1.231179,0.7238917,1.457653,36,6,4,0.1033267,-0.0702922,0.04960512,0.1241838,0.3126332,0.2185482,0.2233735,0.3001127,1.069787e-17,-2.09443e-18,-1.142129e-17,-0.9172585,-0.6725926,-0.9505504,0.2150598,0.1360434,0.33041
"Walking",0.01626657,0.2210332,0.2698329,31.96291,1.13622,0.3600551,0.70244,0.19514,0.10242,0.7276296,0.5557692,-0.0661991,-0.4942664,-0.7654918,0.5043971,0.2684052,0.2401666,0.4765191,-0.1007186,0.4647339,5.368563,6.787482,4.154538,2.275391,0.5214844,0.1054688,-1.976562,-1.890625,-1.523438,-0.3717523,-0.1449032,0.3554581,-0.0003033089,-0.001165444,0.0002931057,2.34159,1.015751,0.8709606,38,31,36,-0.08481602,-0.4854738,-0.01926729,0.138076,0.1134575,0.3416423,0.2148127,0.2487842,-1.816531e-17,-2.458115e-18,1.010813e-17,-1.910363,-1.396359,-0.7579457,0.5043971,0.2684052,0.2401666
"Active",0.05850099,0.3859063,0.5614093,116.5045,3.156167,0.6828142,0.83361,0.12849,0.0379,0.9936284,0.5416939,0.1501539,-0.1875148,-1.034772,0.2217894,0.2982505,0.7316565,0.8180125,-0.2203273,0.2051958,4.606679,4.444774,2.067393,1.087891,0.859375,0.609375,-0.3359375,-1.279297,-2.496094,-0.2811523,-0.6521048,0.1870302,-6.06386e-05,0.0001583834,-0.0009964009,0.9377367,1.04689,1.644147,69,37,39,0.02120252,-0.2641365,0.05428103,0.05519263,0.07136803,0.3361386,0.3194697,0.5616914,6.735195e-18,-1.346875e-17,-9.415557e-17,-0.4860914,-1.091782,-1.461322,0.2217894,0.2982505,0.7316565
"Active",0.01945053,0.2052151,0.2635667,51.01421,2.903674,0.3937193,0.80399,0.12847,0.06754,0.6421619,0.4920035,0.1108103,-0.08619644,-1.034631,0.2085509,0.1876494,0.4991176,0.4290985,-0.6244621,0.6678584,7.555564,4.842477,3.234261,1.076172,0.4960938,0.2226562,-0.7929688,-0.7519531,-2.142578,-0.2052412,-0.5396394,-0.07559544,0.0002662906,-0.0002785619,-0.0004478173,0.9653616,0.5822902,1.257287,56,17,21,0.0161047,-0.1432419,0.03246056,0.05665973,0.1097458,0.2550526,0.2444601,0.3752165,-3.32694e-18,-4.102874e-18,3.360945e-17,-0.903779,-0.6657567,-1.107947,0.2085509,0.1876494,0.4991176
"Active",0.01130779,0.2357616,0.269685,50.23648,3.156167,0.3001993,0.84742,0.09966,0.05292,0.6331549,0.4573832,0.1218188,-0.1050914,-0.9941924,0.1610451,0.1772079,0.510788,-0.09027399,-0.1034472,0.4408463,4.264292,4.532465,2.770239,0.65625,0.4902344,0.1699219,-0.4179688,-0.6621094,-2.095703,-0.05173938,-0.5585376,-0.06220329,0.0001054679,0.0001045922,-0.0004508681,0.5344312,0.5953258,1.164114,42,16,24,0.07201849,-0.1800842,0.05117943,0.04206416,0.07734687,0.2561287,0.2534478,0.4275592,-6.734759e-18,1.00503e-18,-4.708908e-17,-0.5397875,-0.5570179,-1.101511,0.1610451,0.1772079,0.510788
"Walking",0.007724401,0.4009399,0.4241131,29.87481,0.5049867,0.2481152,0.60339,0.26685,0.12976,0.9607775,0.8027515,-0.01990116,-0.4237541,-0.7989095,0.6137568,0.4575024,0.3418733,-0.0178497,0.6166721,0.5717622,8.783319,6.187067,8.759015,2.912109,1.382812,1.029297,-3.212891,-2.167969,-1.951172,-0.3512032,0.1832422,0.1804141,0.0006504905,-0.0002273553,0.0001972175,2.932011,1.806567,1.828206,31,38,43,-0.001766645,-0.4044053,0.04354774,0.08408151,0.05245865,0.2282301,0.2576039,0.2478397,5.687082e-18,2.245715e-17,3.955059e-17,-3.192989,-1.744215,-1.152262,0.6137568,0.4575024,0.3418733
"Standing",5.451854e-07,2.005219e-05,2.168775e-05,0.002792806,0.2524934,0.002084457,0.46718,0.32334,0.20947,0.007905258,0.00574785,0.08021869,-0.9435591,-0.3440755,0.004421177,0.003394124,0.003918608,1.187587,-0.1735119,0.4332799,33.14362,13.04791,2.914646,0.1191406,-0.921875,-0.3320312,0.05078125,-0.9628906,-0.3535156,-0.1827389,0.1156746,-0.2164738,-1.238337e-05,-7.31742e-06,2.323945e-05,0.03892193,0.02168413,0.01204427,0,0,0,0.2290571,-1.212493,0.1524245,0.09924877,0.3642569,0.1878954,0.203926,0.2052911,2.944864e-18,4.037109e-17,-1.850645e-17,-0.02943744,-0.0193315,-0.009440104,0.004421177,0.003394124,0.003918608
"Standing",8.90636712223796e-07,4.45096241329865e-05,4.71815342696579e-05,0.00854026532880658,0.631233430122459,0.00266422684967156,0.61446,0.28251,0.10303,0.00897065470041322,0.0100126520875835,-0.0484508167613636,-0.928932883522727,-0.397083629261364,0.00379158991554623,0.00532723898942054,0.00583350859341341,-0.276661844573291,-0.759792667716111,1.2239119590521,12.3192346287288,11.6069910338249,9.64915107127196,-0.033203125,-0.908203125,-0.369140625,-0.068359375,-0.958984375,-0.41796875,0.550989617115448,-0.18056841817555,-0.400322517165306,4.66788837238867e-06,-1.84473623711073e-05,3.94569999396704e-05,0.0152476917613636,0.0207297585227273,0.0279430042613636,0,0,0,-0.121455734284782,-1.16414099352335,0.0339059505060812,0.103653174795933,0.28178934960642,0.420225598671558,0.230866140377772,0.257741845065886,3.15376234456478e-18,2.0188014820807e-17,1.00964177645763e-17,-0.0199085582386364,-0.0300514914772727,-0.0208851207386364,0.00379158991554623,0.00532723898942054,0.00583350859341341
"Standing",4.95721649372213e-05,0.000378869843032749,0.000527586337844413,0.113892472332723,0.252493372048984,0.019876496992214,0.7484,0.14273,0.10888,0.0315263115889004,0.0240154947608299,-0.0203598484848485,-0.775005918560606,-0.620102391098485,0.00986866743416857,0.0182591928586683,0.0165579234380241,1.3290828018331,1.08918209286356,-1.1306129332737,14.5135778363779,4.57189550638933,4.08375805001402,0.05078125,-0.716796875,-0.576171875,-0.068359375,-0.822265625,-0.666015625,-0.118804465417002,0.0406407512071969,-0.730489445455484,-3.82092999367373e-05,0.000102153447407208,-0.000125822169974369,0.0711410984848485,0.0582090435606061,0.0439305160984849,0,0,0,-0.0328189265267858,-0.89558002575077,0.332715374598233,0.363562543819804,0.559247613522593,0.162473875928742,0.213826922011768,0.199583302409527,-7.64511404059677e-19,1.68302109822971e-17,1.34676185200228e-17,-0.0479995265151515,-0.0472597064393939,-0.0459132339015151,0.00986866743416857,0.0182591928586683,0.0165579234380241
"Standing",1.88934626116778e-05,0.00203221735172776,0.00208889773956279,0.15998726528552,0.631233430122459,0.0122709075346272,0.68525,0.2709,0.04385,0.0433456098628329,0.0664456502522724,0.0534889914772727,-0.612918738162879,-0.776559540719697,0.0401784423315692,0.0356743193060151,0.012704272002293,-3.03438480544079,3.92704367073983,-1.36666119297823,49.6298626850784,37.0699069579444,14.3192901843544,0.328125,-0.2890625,-0.720703125,-0.328125,-0.7578125,-0.869140625,-0.433697329810463,-0.100676250081983,-0.285365687029242,6.46613042868603e-05,2.04128560970235e-06,4.62776325743971e-05,0.274636008522727,0.323856238162879,0.055856415719697,2,0,0,0.0686810297852141,-0.665993297135464,0.0654036903478996,0.103113751952184,0.215275803578403,0.252941628910795,0.212446645599188,0.195024670344656,-5.21027933221668e-19,-3.36687896234064e-18,4.70964307550853e-17,-0.381613991477273,-0.144893761837121,-0.092581084280303,0.0401784423315692,0.0356743193060151,0.012704272002293
"Standing",7.15532596495036e-07,1.58196840379653e-05,1.79662818274504e-05,0.00254790365454554,0.252493372048984,0.00238800711179969,0.48873,0.35098,0.16029,0.0070532876707415,0.00513212926321117,-0.0570475260416667,-0.940111564867424,-0.368844696969697,0.00251919550758542,0.0041563044758995,0.00362494763506564,-0.566587177932031,0.0986869136135441,-0.0504756970810317,6.87929495625056,23.0571541714142,2.6551674383604,-0.048828125,-0.916015625,-0.357421875,-0.0703125,-0.970703125,-0.376953125,-0.0769403237137287,-0.167833529056041,-0.12083462317919,-8.03585040175044e-06,-5.51752175876295e-06,2.45285464589191e-05,0.00821940104166666,0.0240959398674242,0.011422821969697,0,0,0,-0.153467322545778,-1.19286181544571,0.0982782592134086,0.0679015038513545,0.542019972267496,0.216592558379787,0.206608020557407,0.151835349050364,-2.31341702723257e-18,-4.37362574702438e-17,-8.41050696852864e-18,-0.0132649739583333,-0.0305915601325758,-0.00810842803030304,0.00251919550758542,0.0041563044758995,0.00362494763506564
"Standing",2.348881e-06,2.257549e-05,2.962214e-05,0.005003348,0.7574801,0.004326647,0.5565,0.28995,0.15355,0.009513806,0.004678635,-0.03281102,-0.9313669,-0.3731874,0.00297052,0.004738181,0.00468557,0.2820403,0.1434142,-0.09880274,6.042009,3.317912,2.642077,-0.02148438,-0.9160156,-0.3613281,-0.046875,-0.9453125,-0.3847656,0.1685657,0.02794329,-0.3294968,-5.258938e-06,1.502654e-05,-2.775575e-05,0.01132665,0.01535127,0.01185932,0,0,0,-0.08770111,-1.18835,0.07618322,0.1601014,0.3656337,0.2259768,0.2421949,0.2581598,2.733813e-18,2.691386e-17,-1.682108e-17,-0.01406398,-0.01394561,-0.01157818,0.00297052,0.004738181,0.00468557
"Standing",1.32179200153366e-06,2.24372486198422e-05,2.64026246244432e-05,0.00371107954842177,0.504986744097967,0.00324565582112345,0.49527,0.3366,0.16812,0.00886887339302112,0.00611975864984687,0.103049538352273,-0.96725556344697,-0.25973603219697,0.00359284804993455,0.00421597554900963,0.00475670291145429,0.966768906275024,2.15014423441955,-0.125241764758856,11.026110483001,27.4668015955547,3.62731309184525,0.126953125,-0.9296875,-0.244140625,0.091796875,-0.982421875,-0.279296875,-0.061088172346873,-0.414209183980844,-0.0607984818974031,-1.3625342604791e-05,-1.14159136562572e-05,3.83940028468191e-05,0.0239035866477273,0.0375680634469697,0.0155954071969697,0,0,0,0.37767677346672,-1.2895477212641,0.133827184855953,0.0653860480695624,0.44707154689205,0.25168188922965,0.219605256119754,0.163104284864109,6.30911437987041e-18,2.69137628297579e-17,2.69137949143392e-17,-0.0112526633522727,-0.0151663115530303,-0.0195608428030303,0.00359284804993455,0.00421597554900963,0.00475670291145429
"Standing",0.00063031811255897,0.0686724581180453,0.0705634124557222,5.07813756288553,1.38871354626941,0.070876260846678,0.6684,0.1935,0.1381,0.168665750186524,0.467911627452304,-0.101606889204545,-0.540845466382576,-0.855712890625,0.150771050168582,0.137522304410355,0.252837605024155,4.07174721175886,-2.84975023967372,-4.13444204517701,80.8657186817786,36.6866846862533,35.1284405960509,1.6484375,0.283203125,0.595703125,-1.07421875,-1.671875,-2.80859375,-0.166664599204759,-0.262706300413514,0.41852224601191,-6.82292549843801e-05,-0.000382693602278434,-0.000556831505903968,1.75004438920455,0.824048591382576,1.451416015625,8,7,5,-0.136120789749436,-0.559322691218206,0.0224956855187974,0.0623014548136924,0.0904647626888391,0.22210949318168,0.21913798625667,0.254780700233521,1.16431095516371e-18,4.32719871614044e-17,0,-0.972611860795455,-1.13102953361742,-1.952880859375,0.150771050168582,0.137522304410355,0.252837605024155
"Standing",3.620221e-07,2.069025e-05,2.177632e-05,0.002101185,10.35223,0.001698589,0.60247,0.32025,0.07729,0.007670757,0.003973269,-0.009832209,-0.9479167,-0.3348204,0.001899259,0.004545784,0.003445852,0.3664202,0.5428075,-0.3170869,3.053376,3.824609,3.23959,-0.00390625,-0.9316406,-0.3242188,-0.01367188,-0.9589844,-0.3457031,0.3427217,-0.1880559,0.1716139,7.330795e-07,5.268491e-06,-1.078092e-05,0.005925959,0.01627604,0.01060162,0,0,0,-0.02937018,-1.231117,0.04593707,0.04134768,0.2945505,0.2783072,0.2164718,0.1991589,1.57725e-19,-3.700761e-17,1.682284e-17,-0.003839666,-0.01106771,-0.01088275,0.001899259,0.004545784,0.003445852
"Standing",0.000379189848183633,0.00239875184603068,0.00353632139058158,0.751632631177722,0.252493372048984,0.0549729768523495,0.92295,0.05306,0.02399,0.0692149320800333,0.0602487189811315,-0.0248801491477273,-0.61959931344697,-0.763694069602273,0.014629223332591,0.0500043162805675,0.0334229952750563,0.317358537715572,1.73872876924292,-1.46371111971063,5.08179059947114,5.86340845555063,4.60920540551987,0.0234375,-0.42578125,-0.720703125,-0.076171875,-0.6875,-0.876953125,-0.219510042015033,0.242946219028995,-0.93938166434379,8.6681075701596e-05,-0.000497657151859727,0.000352087693171222,0.0483176491477273,0.19381806344697,0.0429909446022727,0,0,0,-0.0324212876468066,-0.681018851202654,0.33848251677699,0.657844142897894,0.711742354235756,0.200000159856573,0.162724744522973,0.144132860755351,-6.24314617456556e-19,2.69377011358922e-17,-2.02020438039959e-17,-0.0512917258522727,-0.0679006865530303,-0.113259055397727,0.014629223332591,0.0500043162805675,0.0334229952750563
"Standing",5.793101e-06,1.946662e-05,3.684593e-05,0.007015403,0.2524934,0.006794796,0.7323,0.14861,0.1191,0.00938316,0.004510399,0.07016454,-0.9331351,-0.3712121,0.005743726,0.002958482,0.002927905,-0.2544836,-1.631626,0.04242644,2.250019,15.99335,2.176642,0.08203125,-0.9199219,-0.3652344,0.05078125,-0.9550781,-0.3769531,0.4470146,-0.3805406,-0.3018112,-6.171243e-05,-1.426926e-05,2.106505e-05,0.01186671,0.01321319,0.005977746,0,0,0,0.1867383,-1.186073,0.7047801,0.1748386,0.4862503,0.08228408,0.1923003,0.1890195,4.199397e-18,-2.69138e-17,3.366907e-18,-0.01938329,-0.02194306,-0.005741004,0.005743726,0.002958482,0.002927905
"Standing",2.711434e-05,8.704239e-05,0.0001683854,0.03732797,0.2524934,0.0147001,0.83759,0.10007,0.06234,0.01916874,0.008570082,-0.0176891,-0.8850098,-0.4657093,0.003613342,0.007945848,0.01117331,0.3576601,0.7887836,-0.6140177,2.669979,3.320729,2.16374,-0.0078125,-0.8574219,-0.4492188,-0.0234375,-0.9042969,-0.4941406,-0.1580614,0.109702,-0.7594633,-5.173592e-06,-7.86e-05,0.0001330912,0.009876598,0.02758789,0.01649059,0,0,0,-0.03796602,-1.086072,0.5382686,0.549519,0.8018824,0.1505072,0.1127381,0.09125671,-3.161583e-19,0,-1.010087e-17,-0.005748402,-0.01928711,-0.02843129,0.003613342,0.007945848,0.01117331
"Standing",4.145627e-07,2.055348e-05,2.179717e-05,0.001957305,9.973488,0.001817674,0.57893,0.31671,0.10436,0.007761105,0.004114105,-0.02530924,-0.9517563,-0.3245813,0.002066929,0.004543699,0.00356842,0.9005191,0.7025326,0.3320102,6.479396,3.956618,2.896445,-0.01367188,-0.9355469,-0.3125,-0.03125,-0.9628906,-0.3320312,0.2352044,-0.03728232,0.1756391,4.894627e-06,3.310004e-06,-4.030982e-06,0.01163737,0.01620946,0.01208126,0,0,0,-0.07782643,-1.241198,0.01928137,0.01842556,-0.001209561,0.2341626,0.2320563,0.3243587,1.15689e-18,2.354985e-17,3.364389e-18,-0.005940755,-0.01113429,-0.007449988,0.002066929,0.004543699,0.00356842
"Standing",2.80715680103805e-06,0.00019102426125627,0.000199445731659384,0.0167269350692818,0.252493372048984,0.00472992484619969,0.44924,0.41902,0.13174,0.0241921164772727,0.0190872864299664,0.0294448390151515,-0.897542317708333,-0.457290187026515,0.0135618861590602,0.01365942580755,0.00857066348043665,-0.791558451265312,0.362773072263109,-0.266989750692197,8.71607240133138,13.9348306358962,4.29393740255438,0.080078125,-0.81640625,-0.4296875,-0.048828125,-0.974609375,-0.4921875,0.00437164963402281,0.271618092699191,-0.254477313893812,-5.8792846998937e-05,-9.08865698921891e-07,-7.94923110598783e-06,0.0506332859848485,0.0811360677083334,0.0276026870265151,0,0,0,0.064418024761152,-1.09850539876528,0.133783879960443,0.0384952951656005,0.22833757159309,0.200588659959565,0.21013952309346,0.227566494132643,-8.67361737988404e-19,3.70080758457986e-17,-1.34585321665886e-17,-0.0782729640151515,-0.0770670572916666,-0.0348973129734849,0.0135618861590602,0.01365942580755,0.00857066348043665
"Standing",1.26828464590499e-06,9.37565114782675e-06,1.31805050855417e-05,0.00228083971937361,0.252493372048984,0.00317928361414678,0.61932,0.27194,0.10874,0.00615306115128558,0.00313203673736442,0.0972419507575758,-0.946614583333333,-0.324070785984849,0.00197204922729767,0.0026459145734162,0.00322370780099933,0.366914043199157,-0.996646650151124,0.0415537802504247,2.87617148285368,5.99491773755374,2.58289080705134,0.103515625,-0.94140625,-0.314453125,0.09375,-0.95703125,-0.33203125,0.160300769747974,-0.556146271017549,-0.310621952172854,1.17254502572901e-05,1.19547366284322e-05,-2.76302815351325e-05,0.00627367424242424,0.00520833333333337,0.00961766098484851,0,0,0,0.291505409792419,-1.2275162193297,0.257927420680585,0.205856353591161,0.505342889220405,0.19284178298558,0.212803901054728,0.161091820985472,-2.10356782300845e-18,3.70083874672948e-17,2.35484993260875e-17,-0.00349195075757576,-0.0104166666666666,-0.00796046401515149,0.00197204922729767,0.0026459145734162,0.00322370780099933
"Standing",0.00275338486824279,0.00594452926395226,0.0142046838686806,3.28681890716288,0.252493372048984,0.148133868648746,0.75196,0.16048,0.08756,0.199048423241649,0.0778282878593923,-0.0496049360795455,-0.638901219223485,-0.75119111032197,0.0636287328377548,0.0943251194870506,0.0770996399474849,0.722234612172594,0.315643960039388,-0.242461603789444,8.65741382431635,1.85563931402032,1.69472331865328,0.26171875,-0.341796875,-0.576171875,-0.330078125,-0.818359375,-0.958984375,-0.411785626007618,0.42864790692903,-0.764062217832314,-0.000272089678281669,0.00105031182436949,-0.000908718573500447,0.311323686079545,0.297104344223485,0.17501923532197,0,0,3,-0.0629196827501151,-0.701747947914229,0.266551248786771,0.771566734944693,0.793912691933806,0.198642382553781,0.072115764237932,0.0736554473773648,2.01321764196799e-18,1.33108404217856e-17,2.69369824412703e-17,-0.280473188920455,-0.179458155776515,-0.20779326467803,0.0636287328377548,0.0943251194870506,0.0770996399474849
"Standing",0.0001649598,0.0004463413,0.0009412206,0.2409555,0.2524934,0.03625851,0.8661,0.11471,0.01919,0.04925739,0.02091151,-0.03845585,-0.5779252,-0.7972301,0.01955594,0.02233222,0.01433796,-0.5111867,0.4571652,-0.511333,2.670987,1.638704,1.622881,-0.0078125,-0.5253906,-0.7753906,-0.08984375,-0.6132812,-0.8222656,0.7217151,-0.7639462,-0.9216051,-0.0001001013,-0.0002243701,0.0001457357,0.03064335,0.05253462,0.02183949,0,0,0,-0.04851369,-0.6264938,0.7430947,0.8193727,0.8560037,0.1761644,0.08112387,0.07683952,-3.366892e-18,-4.039352e-17,1.010048e-17,-0.0513879,-0.035356,-0.02503551,0.01955594,0.02233222,0.01433796
"Standing",0.00464824465679697,0.013577099644635,0.027521833615026,6.29357634078417,0.252493372048984,0.192471040303951,0.62867,0.31781,0.05352,0.273640782379907,0.129305946915082,-0.0490870620265152,-0.209346886837121,-0.945652817234849,0.140980414439711,0.145112241624486,0.0533391762392142,-1.14862891206092,0.409183008778562,0.951442038719032,6.39294324312976,2.29080148239846,9.99339225624584,0.27734375,0.287109375,-0.62109375,-0.806640625,-0.470703125,-1.169921875,-0.337668551793999,-0.0477335274137788,-0.345066963177818,-0.000571523667041133,0.00131139639374319,-0.000263030955902015,0.326430812026515,0.496456261837121,0.324559067234849,19,2,0,-0.0501568871030329,-0.214735292030266,0.556368638015908,0.661386127924967,0.201676559854627,0.187417630004626,0.154972745570778,0.200770108680172,-1.95015218889515e-18,3.27478338007553e-18,2.35323463436142e-17,-0.757553562973485,-0.261356238162879,-0.224269057765151,0.140980414439711,0.145112241624486,0.0533391762392142
"Standing",0.000489297871789448,0.00166271544743294,0.00313060906280129,0.724272217744444,0.252493372048984,0.0624464231648182,0.8489,0.10548,0.04563,0.0785084173589589,0.0432815073348807,-0.108982895359848,-0.58761689157197,-0.788818359375,0.0212328922970303,0.0494434280525887,0.028149020884489,-0.316960699715144,0.926129126170912,-0.766366054646765,2.42977909411673,3.40313965534999,2.62469123098754,-0.046875,-0.439453125,-0.7421875,-0.16796875,-0.703125,-0.859375,-0.339924307081431,0.35434444954811,-0.854459263285158,0.000221580438346627,-0.000307266029053538,0.000186826993548188,0.0621078953598485,0.14816376657197,0.046630859375,0,0,0,-0.137039071318401,-0.63521138901983,0.619253242294063,0.685297141909155,0.758112307822557,0.110270225363694,0.121051538865697,0.125811093359543,-4.19999682666978e-18,2.69315408962758e-17,0,-0.0589858546401515,-0.11550810842803,-0.070556640625,0.0212328922970303,0.0494434280525887,0.028149020884489
"Standing",1.2317245741114e-06,1.77079091308284e-05,2.14030828531626e-05,0.00348627491697143,0.252493372048984,0.00313312489470128,0.49974,0.30033,0.19992,0.00852950895675506,0.00477945937524691,0.0424952651515152,-0.959087949810606,-0.306810783617424,0.00297570318380401,0.00398938966997366,0.00424948381839304,0.193623953075993,-0.740910261691484,0.429261311897586,4.06890881909031,5.31956374440337,3.00015586348161,0.052734375,-0.947265625,-0.291015625,0.033203125,-0.974609375,-0.314453125,0.0044059674322908,-0.116511450809854,-0.245740032066422,1.46463038629353e-05,1.22897494929205e-05,-3.08880587250282e-05,0.0102391098484848,0.0118223248106061,0.0157951586174243,0,0,0,0.1376291812955,-1.25840179893116,0.160169128994703,0.0922903205964277,0.47143770835817,0.222510044680821,0.222702564348682,0.181789701828676,-4.20941685974985e-19,1.68229325950211e-17,1.17779498173862e-17,-0.00929214015151515,-0.0155214251893939,-0.00764234138257575,0.00297570318380401,0.00398938966997366,0.00424948381839304
"Standing",3.977699e-07,1.653714e-05,1.773045e-05,0.002366676,1.388714,0.001780479,0.5143,0.3833,0.1024,0.007778311,0.00366054,-0.01912435,-0.9498846,-0.3305442,0.00204931,0.004142886,0.003620997,0.05160959,0.504011,0.2760426,2.859541,3.800022,3.126704,-0.01367188,-0.9316406,-0.3183594,-0.0234375,-0.9589844,-0.3378906,0.3173383,-0.1580821,-0.009163399,2.231084e-06,1.549084e-05,-2.874805e-05,0.005452474,0.01824396,0.01218484,0,0,0,-0.057808,-1.235393,0.002121169,0.08442431,0.3371238,0.2880252,0.2049922,0.1900926,-1.156313e-18,-5.046421e-17,2.018977e-17,-0.004313151,-0.009099787,-0.007346413,0.00204931,0.004142886,0.003620997
"Standing",2.76191820721355e-05,0.000175820062977149,0.000258677609193556,0.0573475260669563,0.252493372048984,0.0148363240617684,0.9071,0.04994,0.04296,0.0207868703906967,0.0130866768352669,-0.0129764441287879,-0.897105823863636,-0.463060783617424,0.00389980290030104,0.00849323816796034,0.0140651176473716,0.103397105475441,0.386543361750354,-0.524314913621685,4.77384136938648,2.97717706546122,2.40475800993064,0,-0.8671875,-0.439453125,-0.03125,-0.919921875,-0.49609375,-0.269794548077181,0.32239587647419,-0.876200166739913,2.43374744829746e-05,-9.13413211949484e-05,0.000170160421992904,0.0129764441287879,0.0299183238636364,0.0236076586174243,0,0,0,-0.0279561734923313,-1.09411332561996,0.308329854328438,0.623576506482586,0.787911065654118,0.202781369626578,0.130603888822629,0.115293848695355,-6.7611196556441e-19,-1.01007652253473e-17,1.17522612973401e-17,-0.0182735558712121,-0.0228160511363636,-0.0330329663825757,0.00389980290030104,0.00849323816796034,0.0140651176473716
"Standing",0.00610018113364643,0.0244234488495614,0.0427239922505007,9.45406685438846,0.252493372048984,0.220491712078764,0.82723,0.10618,0.06658,0.300339375645661,0.204882966659691,0.0679968631628788,-0.682447028882576,-0.680382930871212,0.147102274563413,0.137269311541091,0.105664714553376,-1.99606876062456,2.23014478279073,-1.10263756470291,7.70859239098864,8.11255046072263,3.35748004229926,0.193359375,-0.048828125,-0.419921875,-0.634765625,-0.80078125,-0.9921875,-0.790092981509571,0.629974220476891,-0.720537286988147,-0.00149061553811575,0.00135422836168468,-0.00114747383485838,0.125362511837121,0.633618903882576,0.260461055871212,3,2,1,0.120778888064567,-0.77020947672646,0.685742877745287,0.60827341458661,0.688513673150595,0.124865835306425,0.15644822561511,0.119153606972673,3.27314064951116e-18,4.39073132071753e-17,3.35139622677143e-17,-0.702762488162879,-0.118334221117424,-0.311804569128788,0.147102274563413,0.137269311541091,0.105664714553376
"Standing",3.60123888155356e-06,2.99285337732958e-05,4.07322504179564e-05,0.00784607336412352,0.252493372048984,0.0053573111353992,0.62451,0.24105,0.13444,0.0104265309343434,0.00604280349887806,0.0231563683712121,-0.818973425662879,-0.588245738636364,0.00359398711619188,0.00491413330204262,0.00530634449319444,1.47797012994998,-0.829100746836531,0.109127461231211,8.59033476452186,5.43804950411069,2.72890221048767,0.04296875,-0.806640625,-0.57421875,0.01171875,-0.83984375,-0.6015625,-0.0188454374379093,0.302771248918688,-0.52402833198232,2.39553305310801e-05,-3.23402057422232e-05,5.30568662810002e-05,0.0198123816287879,0.0123328006628788,0.0140269886363636,0,0,0,0.0393629083624647,-0.947533514278296,0.265722346390318,0.299454431697964,0.653891372278559,0.258939935221532,0.167060165420014,0.137206219788124,1.04809659099426e-18,-3.36721344410106e-18,1.00992893346058e-17,-0.0114376183712121,-0.0208703243371212,-0.0133167613636364,0.00359398711619188,0.00491413330204262,0.00530634449319444
"Standing",0.00311001310507877,0.184640911637106,0.193970950952343,19.3154757802826,11.3622017422043,0.157435262947232,0.59384,0.28964,0.11651,0.396258954064796,0.799024693317362,-0.0269516453598485,-0.627204663825758,-0.77639678030303,0.424895921015089,0.225452412780224,0.308660907260036,-0.36240197315362,3.06268561450837,0.975981709444946,14.5844204990354,28.5070020234684,22.9341187718361,1.830078125,1.076171875,1.345703125,-2.13671875,-1.53125,-2.494140625,0.279127684934098,0.179976741528216,0.355780901076787,-0.000159996666685689,0.000362560348172883,-0.000340356510754653,1.85702977035985,1.70337653882576,2.12209990530303,16,14,24,-0.0250228673243495,-0.655049813049185,0.0265553844862912,0.112263056348583,0.0566644322849825,0.334711683854368,0.236637760122457,0.343487245306687,-3.88263860730704e-18,-6.67328490578033e-18,-2.6926715375243e-17,-2.10976710464015,-0.904045336174242,-1.71774384469697,0.424895921015089,0.225452412780224,0.308660907260036
"Standing",2.50208063859336e-05,0.000171649659160251,0.000246712078318051,0.0484134734455968,0.252493372048984,0.0141211984205785,0.57731,0.31062,0.11208,0.0269895891622188,0.0143661471885272,-0.0145300662878788,-0.735640092329545,-0.667332504734849,0.0146163603868826,0.0123328097836235,0.00784952983163238,-0.0340135509037605,-0.442171800594367,0.177430400901416,2.58325308397295,4.68764481763235,2.82180322719251,0.021484375,-0.69140625,-0.646484375,-0.052734375,-0.779296875,-0.685546875,-0.282118688865965,0.0976971161235563,-0.385556744823339,-4.19899774341449e-05,1.21209692474981e-05,-1.27368579166377e-05,0.0360144412878788,0.0442338423295454,0.0208481297348485,0,0,0,-0.021737673826896,-0.833762306779421,0.476711144461248,0.0596995353709834,0.127068858123297,0.14795428327709,0.260890775858362,0.249210116048712,3.76929661528164e-20,-4.03709071376751e-17,2.35490367428248e-17,-0.0382043087121212,-0.0436567826704546,-0.0182143702651515,0.0146163603868826,0.0123328097836235,0.00784952983163238
"Standing",3.80799756664919e-07,2.10139254530987e-05,2.21563247230935e-05,0.00327269938510762,2.27244034844085,0.00174208457508634,0.46091,0.33879,0.2003,0.00678829757087924,0.0071390492695133,0.0021676728219697,-0.943093039772727,-0.365589488636364,0.00450274050324787,0.00403248332540646,0.00339633256586008,2.44744620798937,3.33846859893037,-0.558306482061676,15.6821504373177,55.5913379682814,4.50875261788232,0.02734375,-0.900390625,-0.35546875,-0.01171875,-0.966796875,-0.37890625,-0.0119461523088472,-0.288071962801736,0.0609442258581948,1.04943098256038e-05,-2.00370812109542e-06,6.37161349124936e-06,0.0251760771780303,0.0427024147727273,0.0101207386363636,0,0,0,0.00589521589039112,-1.20095018414494,0.0880500476319163,0.0301853271606757,0.202011472752215,0.364936894303714,0.222405867770538,0.264643731405395,3.0324441256194e-20,2.0185759876325e-17,1.00935397776305e-17,-0.0138864228219697,-0.0237038352272727,-0.0133167613636364,0.00450274050324787,0.00403248332540646,0.00339633256586008
"Standing",0.000122481147284252,0.000616488795297027,0.000983932237149781,0.18893551613088,0.252493372048984,0.0312432013141469,0.70396,0.20647,0.08957,0.0499580880717688,0.0295006907177174,-0.105335582386364,-0.688705906723485,-0.703117601799242,0.0187711425737856,0.0262150893446373,0.0189243717704102,0.345940866025067,-0.0568099360023346,0.171428367950308,3.8446441101664,3.63568669103203,2.52847855706256,-0.04296875,-0.5859375,-0.6484375,-0.158203125,-0.763671875,-0.744140625,-0.353379313569349,0.286550581813143,-0.728419637075907,-8.41952292945235e-05,7.01329687714002e-05,-4.94997429954535e-05,0.0623668323863636,0.102768406723485,0.0546801017992424,0,0,31,-0.148513114212937,-0.769194131018559,0.356173857782754,0.459900436480705,0.582273785322838,0.161381922897005,0.154427507976674,0.154063339468394,-3.77935833998841e-18,1.34655651068174e-17,6.7330159687379e-18,-0.0528675426136364,-0.0749659682765151,-0.0410230232007576,0.0187711425737856,0.0262150893446373,0.0189243717704102
"Standing",3.023226e-06,2.603559e-05,3.510527e-05,0.006477575,0.2524934,0.004908583,0.62211,0.21435,0.16354,0.009511732,0.006491972,-0.01896899,-0.8359967,-0.5456765,0.004288768,0.004585639,0.004124064,0.1642507,3.443208,0.3958981,3.876928,34.49765,3.244084,-0.00390625,-0.7929688,-0.5351562,-0.03125,-0.8496094,-0.5566406,0.4412585,-0.4728772,-0.3804874,-3.671384e-05,-1.932502e-05,2.978303e-05,0.01506274,0.04302794,0.01052024,0,0,0,-0.03477614,-0.9922115,0.4223462,0.1980268,0.4815138,0.1893549,0.2083997,0.1900571,1.371282e-18,-5.382781e-17,-2.018426e-17,-0.01228101,-0.01361269,-0.01096413,0.004288768,0.004585639,0.004124064
"Standing",7.70689540516203e-05,0.000437791802643394,0.000668998664798255,0.109346524358915,0.252493372048984,0.0247833857566498,0.70711,0.22154,0.07134,0.0396415773502066,0.0252217947281822,0.00796786221590909,-0.594149502840909,-0.812810724431818,0.0196568448565714,0.0200692863513696,0.012527145199914,-1.19355213986162,-0.595508205234112,0.190822411109277,5.69491610036782,3.52780654894039,3.15239732819974,0.064453125,-0.54296875,-0.77734375,-0.078125,-0.658203125,-0.853515625,0.508241566133673,-0.401934911201522,-0.688364782534681,0.000127467299687274,0.000116464738405649,-9.0791033904216e-05,0.0564852627840909,0.0511807528409091,0.0354669744318182,0,0,0,0.00965527724603895,-0.630990077952337,0.471444740232345,0.360994954380799,0.504700086889268,0.127816928572251,0.179219555998223,0.17196455566331,1.32312642431575e-18,-3.02767277739686e-17,5.0465724884286e-17,-0.0860928622159091,-0.0640536221590909,-0.0407049005681818,0.0196568448565714,0.0200692863513696,0.012527145199914
"Standing",4.174316e-07,2.350351e-05,2.47558e-05,0.002336296,7.953541,0.001823953,0.59908,0.31016,0.09075,0.008198103,0.004340659,-0.01625385,-0.9509425,-0.3276589,0.002179946,0.004749716,0.003743114,-0.5088529,0.4494184,0.3170731,5.708738,3.653367,2.996479,-0.009765625,-0.9335938,-0.3164062,-0.02734375,-0.9628906,-0.3359375,0.336177,-0.1257021,0.2419793,-3.396623e-06,-1.023063e-05,1.758818e-05,0.006488222,0.01734878,0.01125266,0,0,0,-0.04957888,-1.238589,0.01542044,0.0295014,0.1176268,0.2636727,0.2210361,0.2540965,5.259585e-19,-1.345687e-17,-2.018773e-17,-0.0110899,-0.01194809,-0.008278587,0.002179946,0.004749716,0.003743114
"Standing",0.003720109,0.009963102,0.02112343,4.799483,0.2524934,0.1721864,0.85628,0.09789,0.04583,0.2267944,0.08324124,0.0217803,-0.7768777,-0.625799,0.05253775,0.103692,0.1056251,2.63475,0.7406173,-0.5451651,15.17595,2.135666,1.602086,0.328125,-0.5058594,-0.5292969,-0.1582031,-0.9667969,-0.859375,0.313472,-0.3802801,-0.8919611,0.0002630259,0.001157655,-0.001247835,0.3063447,0.2710183,0.09650213,0,0,17,0.03000241,-0.8897414,0.2267144,0.75336,0.8386635,0.2314691,0.09761592,0.08403067,-1.93932e-18,-2.02292e-17,5.057577e-17,-0.1799834,-0.1899192,-0.233576,0.05253775,0.103692,0.1056251
"Standing",2.34208071118714e-07,7.38071634098592e-06,8.08334055434206e-06,0.000830954791580244,0.252493372048984,0.00136622375717647,0.49989,0.30214,0.19796,0.00497086229841026,0.00308466458821671,0.0240737452651515,-0.992394649621212,-0.18917939157197,0.00256609567178804,0.00190054546505555,0.0024440097036592,0.462273662569451,-0.977596253728407,-0.28945055356809,6.43964497886567,7.21489715545844,3.84162691218619,0.037109375,-0.986328125,-0.181640625,0.015625,-1,-0.197265625,-0.0769656874700145,-0.249899570966646,0.224594148205409,1.4390267415166e-05,2.66863859739236e-06,-9.34533034357438e-06,0.0130356297348485,0.00606652462121215,0.0075387665719697,0,0,0,0.126529084046549,-1.3809299900349,0.183837217416632,0.0421544724440804,0.206829466121587,0.238074442469018,0.215062798386631,0.194560026882765,-7.35993424996982e-19,3.36433120594825e-17,-8.4172936595956e-19,-0.00844874526515152,-0.00760535037878785,-0.0080862334280303,0.00256609567178804,0.00190054546505555,0.0024440097036592
"Standing",0.0335513286174101,0.944246215157256,1.04490020100949,155.113376165247,3.53490720868577,0.517101462008648,0.6691,0.24201,0.08889,1.10720082572888,1.38368298917279,-0.0275435014204545,-0.690466678503788,-0.695933948863636,0.373836598033843,0.947990241227401,0.723327772780987,0.759317681901815,1.1115920693828,-0.545815512974918,9.48753538450964,8.84138532638908,6.00907942239456,1.75390625,3.560546875,1.732421875,-1.484375,-3.75,-3.099609375,-0.0193530490997599,0.0494002648268049,0.402777931950563,5.02219950645344e-05,0.00145508251965545,-0.000758165957679238,1.78144975142045,4.25101355350379,2.42835582386364,42,38,53,-0.0343180579177237,-0.636817319013851,0.0434262940372013,0.0394163124324006,0.0369517154125012,0.223896849046861,0.329772136952052,0.396561591375656,1.94088616180549e-18,-1.61554337353162e-17,-2.72578282546242e-17,-1.45683149857955,-3.05953332149621,-2.40367542613636,0.373836598033843,0.947990241227401,0.723327772780987
"Standing",6.77960520198341e-07,8.68459163011461e-06,1.07184731907096e-05,0.00168254634484176,0.252493372048984,0.00232446550918677,0.67518,0.17959,0.14523,0.00505420415088386,0.00266745924376782,0.00227124763257576,-1.00932173295455,-0.0764086174242424,0.00168607156351877,0.0015903038986197,0.00324084156081114,0.0360520881051832,-0.18336449806193,0.208283478563862,4.12103221448671,5.11349587520022,3.03558456469498,0.009765625,-1.00390625,-0.06640625,-0.00390625,-1.015625,-0.083984375,-0.0636832597288326,-0.214445398276385,-0.11743198626658,1.33247226959675e-05,1.05471730723448e-06,-1.76792530278027e-05,0.00749437736742424,0.00541548295454541,0.0100023674242424,0,0,0,0.0295473540232725,-1.49518627294647,0.367534053793838,0.040178215944639,0.471812094835195,0.148716944735459,0.216840991066081,0.203827876545103,5.96267880682225e-20,-4.03717541706224e-17,6.73054946654774e-18,-0.00617749763257576,-0.00630326704545459,-0.00757575757575757,0.00168607156351877,0.0015903038986197,0.00324084156081114
"Standing",6.225629e-07,1.393468e-05,1.580236e-05,0.002216956,0.2524934,0.002227473,0.43641,0.34863,0.21496,0.007187913,0.004899888,-0.0135683,-0.9082327,-0.4360943,0.003878783,0.003502852,0.002982453,-0.9372744,-0.5200795,-0.4135024,7.941634,9.090455,2.960857,0.005859375,-0.8964844,-0.4296875,-0.03125,-0.9277344,-0.4453125,-0.004043739,0.1867242,-0.1403949,-2.380884e-05,1.546409e-06,-4.587001e-06,0.01942768,0.01174834,0.006406842,0,0,0,-0.03109079,-1.122943,0.2761707,0.06260313,0.2536433,0.18968,0.2202875,0.2412703,5.234311e-19,-2.691423e-17,1.682759e-18,-0.0176817,-0.01950166,-0.009218158,0.003878783,0.003502852,0.002982453
"Standing",0.00144344826638284,0.124933542549478,0.129263887348627,15.2426356552676,11.2359550561798,0.107255980134003,0.4648,0.3128,0.22241,0.351796103793618,0.758858632922598,-0.0405347419507576,-0.771351207386364,-0.622011126893939,0.317284021125927,0.276370888116294,0.31789830695215,1.54284690745807,1.19806083708099,0.0446362557496385,21.3732656712571,16.6705213996608,25.7398790195044,2.2890625,0.833984375,1.46484375,-1.345703125,-2.220703125,-2.759765625,0.0377340995102546,0.220793603991864,0.242448661008154,3.4992284768374e-05,0.00100020065105101,-0.000770449338106295,2.32959724195076,1.60533558238636,2.08685487689394,20,10,13,-0.078378481683605,-0.858377209386806,0.0250290814882927,0.158722179759986,0.0817752303661304,0.316666657782914,0.209459105433057,0.300701210478771,1.02670660273249e-19,1.30595026454367e-17,5.38741702238611e-17,-1.30516838304924,-1.44935191761364,-2.13775449810606,0.317284021125927,0.276370888116294,0.31789830695215
"Standing",0.00113381156747451,0.0967398841181924,0.100141318820616,12.0128884360053,8.58477464966545,0.095058585164671,0.7887,0.16043,0.05087,0.24529390361355,0.388045211594637,-0.00376568418560606,-0.551402698863636,-0.82296845407197,0.31635539921526,0.142697520557292,0.0807848382596006,-0.308253286151147,0.644589743324815,-0.586812566931382,24.2852228330575,7.13491871272722,8.25682002504211,1.9140625,0.099609375,-0.51171875,-2.23046875,-1.064453125,-1.19140625,-0.0179102907228331,-0.0868229100046458,-0.0377419798233386,-0.00011350121205871,-0.000176253707305858,0.000190022990799196,1.91782818418561,0.651012073863636,0.31124970407197,22,8,12,-0.00598479521430082,-0.570837042821355,0.0259740622196996,0.206001807228902,0.21087020791015,0.292826646311267,0.204453466971679,0.205177386103266,-2.13434977034163e-18,-1.01069768002938e-17,2.69340049921224e-17,-2.22670306581439,-0.513050426136364,-0.36843779592803,0.31635539921526,0.142697520557292,0.0807848382596006
"Standing",3.14416682234087e-07,1.48060843278741e-05,1.57493343745763e-05,0.00272586527881694,2.39868703446535,0.00158297368254282,0.44778,0.3123,0.23992,0.00703372727631428,0.0055426886243534,0.0400390625,-0.957600911458333,-0.312241062973485,0.00343608870743968,0.00349165871739674,0.00334271218377883,-2.11566617628174,-0.660733149027193,-0.156547526021112,12.8193771166744,9.51354875159589,3.82169971000582,0.05078125,-0.943359375,-0.30078125,0.01953125,-0.9765625,-0.32421875,0.266573373449702,-0.0347275121433919,-0.151353033833134,5.07359786798335e-06,1.07700903775575e-06,-2.14446447671275e-06,0.0107421875,0.0142415364583334,0.0114598129734849,0,0,0,0.127531128457723,-1.25316975756422,0.0987223587223587,0.0577137758389928,0.288808546683802,0.292761471137284,0.244456181218871,0.210549534511349,0,3.70073453199873e-17,1.34569327502091e-17,-0.0205078125,-0.0189615885416666,-0.0119776870265151,0.00343608870743968,0.00349165871739674,0.00334271218377883
"Standing",4.67695552415695e-07,6.50262767561266e-06,7.90571433285974e-06,0.00161638479305271,0.504986744097967,0.00193064544306512,0.44186,0.39325,0.16488,0.0058259149556646,0.00265353836838136,0.0460020123106061,-0.995450106534091,-0.166696259469697,0.00265846817002143,0.00172154250218028,0.0028036740725206,0.182701691407958,-0.725719386772244,0.277854801245177,3.10193048097762,5.11368696556616,2.89795705478597,0.0546875,-0.990234375,-0.158203125,0.037109375,-1.001953125,-0.173828125,0.0376707379482247,0.0250622656742832,-0.0351050420357849,2.42916172087473e-05,1.59545099916653e-06,5.16276479009124e-06,0.00868548768939394,0.00521573153409094,0.00849313446969696,0,0,0,0.269274572876879,-1.39877553489566,0.459704366655453,0.0484821857415153,0.339091315752018,0.150272050215054,0.212749127218392,0.219705011981754,-2.94608807389793e-18,3.02788823538695e-17,-8.4115296645587e-18,-0.00889263731060606,-0.00650301846590906,-0.00713186553030304,0.00265846817002143,0.00172154250218028,0.0028036740725206
"Standing",0.00229929675841072,0.0245293544271458,0.0314272447023779,6.7080612881768,0.252493372048984,0.135368749746535,0.99033,0.00607,0.0036,0.135622975583247,0.163466566649806,-0.0282463304924242,-0.345532966382576,-0.909431226325758,0.0110823758767291,0.174962487879048,0.0316121678001748,1.26461015108445,2.57495586556808,-2.92389879612688,11.1723848414436,8.21802695335656,11.7829373367538,0.02734375,0.326171875,-0.875,-0.068359375,-0.4453125,-1.068359375,0.264505194407257,-0.231878469660499,-0.89566862963976,9.79817092656975e-06,0.0013896047011247,-0.000256558711170099,0.0555900804924242,0.671704841382576,0.0344312263257576,1,0,0,-0.0311651580624058,-0.361354103052386,0.0710479019658908,0.625553566643617,0.549173198713234,0.239738965561272,0.240409257916925,0.159812040844044,1.22293590217973e-18,-1.46958676288717e-17,-6.73437394864292e-18,-0.0401130445075758,-0.0997795336174243,-0.158928148674242,0.0110823758767291,0.174962487879048,0.0316121678001748
"Standing",1.62360683867621e-06,8.99495258238333e-06,1.38657730984119e-05,0.00218881704604904,0.252493372048984,0.00359717312652269,0.64405,0.22504,0.13091,0.00608406732452367,0.00307444097448904,0.00936612215909091,-0.998239228219697,-0.153357303503788,0.00301076168355343,0.00170932391105046,0.00308911344937013,0.0642237026570112,-0.694654692193556,-0.202069840912919,3.44808282885136,4.68498474105901,3.03937412802474,0.01953125,-0.994140625,-0.14453125,-0.001953125,-1.00390625,-0.162109375,0.106202668968726,-0.480371079187999,-0.157927123456303,2.7718174644066e-05,5.01500246203435e-06,-2.31241674357092e-05,0.0101651278409091,0.00409860321969702,0.00882605350378787,0,0,0,0.0608110599068368,-1.4180537949204,0.513881340130522,0.0717877534274666,0.38507996359177,0.128011568521767,0.21160167378456,0.162737817934695,-7.90256372916144e-19,4.70997458944518e-17,-5.88978905494451e-18,-0.0113192471590909,-0.00566702178030298,-0.00875207149621213,0.00301076168355343,0.00170932391105046,0.00308911344937013
"Standing",1.17780289445771e-06,8.89846160827274e-06,1.24318702916459e-05,0.00179418680819898,0.252493372048984,0.00306377743298365,0.50172,0.2675,0.23078,0.00645582691259182,0.00361709064478697,0.0368578361742424,-0.978796756628788,-0.243001302083333,0.0025987741806839,0.00269443277489887,0.00328097474270201,-0.587897210660423,-0.367201947464666,0.296378878824029,4.36459904380983,6.78829793306673,3.01265738840112,0.04296875,-0.96875,-0.232421875,0.025390625,-0.990234375,-0.251953125,0.174219083780618,-0.223129185989492,-0.208097803505807,1.46106370940896e-06,-1.48399234652588e-06,1.03051485694156e-05,0.00611091382575758,0.0100467566287878,0.0105794270833333,0,0,0,0.150510026240569,-1.32476498819633,0.216164252265258,0.0648612353289217,0.40758589714799,0.190376444709488,0.211724807072346,0.177059357709616,2.10449185895091e-19,-3.36432759643285e-17,9.25136002436047e-18,-0.0114672111742424,-0.0114376183712122,-0.00895182291666666,0.0025987741806839,0.00269443277489887,0.00328097474270201
"Standing",0.0001000774,0.0006252418,0.0009254739,0.2055472,0.2524934,0.02824157,0.66586,0.28938,0.04476,0.04413638,0.03493475,0.08910393,-0.6738873,-0.714496,0.02342887,0.02352945,0.01695123,-3.891972,0.8496512,-0.6482746,24.16006,10.14901,2.783431,0.1171875,-0.5390625,-0.6816406,-0.09960938,-0.7988281,-0.7617188,-0.3100786,0.4376695,-0.8179931,-2.131344e-05,-0.0001729838,0.0001489693,0.02808357,0.1348248,0.03285541,0,0,18,0.124369,-0.7519016,0.3119223,0.442891,0.6837966,0.2593077,0.1517893,0.1532652,-6.734374e-18,-5.38597e-17,-1.683301e-17,-0.1887133,-0.1249408,-0.04722272,0.02342887,0.02352945,0.01695123
"Standing",0.000273107834958212,0.00119681926676086,0.0020161427716355,0.519189218608378,0.252493372048984,0.0466539032093453,0.81889,0.12913,0.05199,0.065329587601871,0.0449118553762935,0.0218986742424242,-0.753210819128788,-0.642822265625,0.0269160758366596,0.0309923886933414,0.0278756267998324,0.85587654502647,1.60541194409657,-0.242262058626166,2.9541815724573,6.76152782128083,2.51274246193627,0.1015625,-0.626953125,-0.595703125,-0.044921875,-0.810546875,-0.71484375,0.630785349807213,-0.671251369999163,-0.846605938472337,-0.000114213910528993,8.6391283204746e-05,-0.000130560118071272,0.0796638257575758,0.126257694128788,0.047119140625,0,0,2,0.0328824463306006,-0.86345649149278,0.762613804030716,0.494813879582109,0.74709192851793,0.120668327472615,0.265437631839368,0.163356316749781,-6.09594211539879e-19,-3.36496888700229e-17,0,-0.0668205492424242,-0.0573360558712122,-0.072021484375,0.0269160758366596,0.0309923886933414,0.0278756267998324
"Standing",0.000148980658802045,0.000650997941076675,0.00109793991748281,0.233276607263102,0.252493372048984,0.0344576654026084,0.90138,0.05639,0.04224,0.0484296310046488,0.0241118253149362,0.091012665719697,-0.721827651515151,-0.674479166666667,0.0101017770184149,0.023062089188578,0.0241695264884133,0.0952555785008492,0.380797725548966,-0.28934104825409,2.44813980785473,2.14463339891387,2.12392684580689,0.12109375,-0.6640625,-0.630859375,0.064453125,-0.76953125,-0.734375,-0.615066710129404,0.662310042557791,-0.883405832206619,9.20470136927784e-05,-0.000265233378878098,0.000303298737926287,0.030081084280303,0.0577651515151515,0.0436197916666666,0,0,23,0.134594820615412,-0.81468778172454,0.542635225948753,0.698743506332518,0.80492054558697,0.192062637761997,0.101660008441758,0.0907474074287552,-5.46132674310451e-18,-2.35332832133892e-17,-3.69836915639837e-17,-0.026559540719697,-0.0477035984848485,-0.0598958333333334,0.0101017770184149,0.023062089188578,0.0241695264884133
"Standing",1.364805e-06,1.739545e-05,2.148986e-05,0.00353928,0.3787401,0.003298042,0.48957,0.35115,0.15928,0.009165306,0.00408691,-0.009314335,-0.9516971,-0.324707,0.002811336,0.003917198,0.004543922,0.1124412,-0.01054316,-0.2148706,2.637441,2.956297,2.43303,-0.001953125,-0.9414062,-0.3144531,-0.01757812,-0.9628906,-0.3378906,0.06638842,0.2648393,-0.0120196,2.14249e-05,-1.110574e-05,3.199182e-05,0.00736121,0.0102909,0.01025391,0,0,0,-0.02864935,-1.241859,0.3737062,0.09266218,0.4356586,0.1848279,0.2001076,0.1546713,-6.862427e-19,-3.364298e-17,0,-0.00826379,-0.01119348,-0.01318359,0.002811336,0.003917198,0.004543922
"Standing",0.00120723260044507,0.00383080336959509,0.00745250117093031,1.69933236948492,0.252493372048984,0.0980881134362696,0.89428,0.08399,0.02173,0.133603490964331,0.0509833786314128,-0.00218986742424242,-0.713852391098485,-0.68484404592803,0.0296519596640918,0.0626751997473747,0.0593807080326852,-0.170110453503509,-0.439917896745988,0.548066980324022,2.75368904238029,1.6343382349461,1.66777691386736,0.072265625,-0.619140625,-0.568359375,-0.08203125,-0.8359375,-0.76171875,0.410215968156074,-0.458456274503807,-0.949218124410301,-0.000189840198608874,-0.00073359155394609,0.000706805173638057,0.0744554924242424,0.0947117660984849,0.11648467092803,0,0,10,-0.00500330119152775,-0.805188380798135,0.293162251621018,0.805679406922491,0.840785490505322,0.189241824621368,0.0904125643364305,0.0864106875996722,-4.58006395919528e-20,1.34685938912954e-17,-2.69386251718347e-17,-0.0798413825757576,-0.122085108901515,-0.0768747040719697,0.0296519596640918,0.0626751997473747,0.0593807080326852
"Standing",5.8152636717709e-07,8.90240901943731e-06,1.06469881209686e-05,0.00135484676408282,0.252493372048984,0.00215280954250257,0.47425,0.31223,0.21351,0.00603121502668732,0.00352492895467298,0.0373979048295455,-0.988702947443182,-0.206010298295455,0.00318467320141826,0.00224246056863286,0.00269801915885901,-1.37237512803911,0.29252573061426,0.169489714695591,8.2742730913712,3.93119467314985,4.66885364191751,0.048828125,-0.98046875,-0.1953125,0.021484375,-0.994140625,-0.21484375,-0.153503724277069,-0.107001598249873,0.0570464325073528,2.77926927146853e-05,-3.03804441761388e-07,3.24312833841017e-06,0.0114302201704545,0.00823419744318177,0.0106977982954546,0,0,0,0.179547956104648,-1.36208834172846,0.419844872596078,0.0351821668121769,0.18520819095767,0.146512657682709,0.207186832664523,0.196217757803618,-1.26270955343215e-18,-5.04647952335418e-17,1.26159170656556e-17,-0.0159135298295455,-0.00543767755681823,-0.00883345170454544,0.00318467320141826,0.00224246056863286,0.00269801915885901
"Standing",3.77135913642242e-06,1.61179435523044e-05,2.74320209615717e-05,0.00747522436094115,0.252493372048984,0.00548238903044874,0.54389,0.32826,0.12785,0.00971428597050046,0.00337574853275831,0.0185768821022727,-1.00662138967803,-0.0957845052083333,0.00521354357546242,0.00261322636212141,0.00405302478184877,-0.0138471724420585,-0.989681690179209,0.145193942985983,1.95594953507145,7.72206348671551,2.5517962971105,0.029296875,-0.998046875,-0.083984375,0.00390625,-1.021484375,-0.10546875,-0.0163201282998327,0.0766220089361145,-0.183906510263294,-5.98290940151569e-05,-2.32025069457991e-06,-3.18134839952033e-06,0.0107199928977273,0.00857451467803028,0.0118001302083333,0,0,0,0.191521909814995,-1.47403368127695,0.707300775799765,0.0645851621326095,0.595014900114052,0.0938198788508963,0.210253379240359,0.168799287009241,-6.27281639115546e-19,-2.6914247306936e-17,-4.62682763754888e-18,-0.0146706321022727,-0.0148629853219697,-0.00968424479166667,0.00521354357546242,0.00261322636212141,0.00405302478184877
"Standing",3.463322e-06,3.544021e-05,4.583017e-05,0.006555503,0.2524934,0.005253725,0.59862,0.2741,0.12729,0.01165301,0.005974063,0.06979463,-0.7624734,-0.628085,0.004036705,0.006526403,0.004203727,0.7821164,-0.450987,0.4999983,4.537624,3.286624,3.087553,0.08789062,-0.7480469,-0.6132812,0.05859375,-0.7851562,-0.6367188,0.2444229,-0.421881,-0.1967304,-2.8364e-05,-3.496108e-05,3.331085e-05,0.018096,0.01442649,0.0148038,0,0,0,0.1106518,-0.8787074,0.3549538,0.223212,0.4728818,0.1652176,0.1801639,0.1387044,8.417422e-19,-2.018426e-17,-3.028064e-17,-0.01120088,-0.02268288,-0.0086337,0.004036705,0.006526403,0.004203727
"Standing",1.09805759144837e-06,5.43746385731553e-06,8.73163663166065e-06,0.00159957351847107,0.378740058073476,0.00295824039914251,0.52439,0.28622,0.18939,0.00536593742825987,0.00256198154084695,0.0192501183712121,-0.984737511837121,-0.226969401041667,0.00178036069894542,0.00234122772229896,0.00282840325489266,-0.406630715743204,-0.687591723225991,-0.062593462230836,3.81538347150184,4.73562281921482,2.35821364507011,0.0234375,-0.98046875,-0.220703125,0.013671875,-0.994140625,-0.234375,-0.0245430438122289,-0.0285641113757476,-0.232636543787924,1.137515163472e-05,5.60414105452558e-06,-1.62595882465162e-05,0.00418738162878788,0.00426876183712122,0.00626627604166666,0,0,0,0.0846161922544406,-1.34347214073762,0.253972884219019,0.0959931002873054,0.56392082798217,0.210798923055088,0.200396322722506,0.184166140352523,1.05218496877092e-18,3.36437837028281e-18,-9.25093931528771e-18,-0.00557824337121212,-0.00940311316287878,-0.00740559895833334,0.00178036069894542,0.00234122772229896,0.00282840325489266
"Standing",6.37963421411848e-06,0.000315288563670134,0.000334427466312489,0.0524776510730569,0.378740058073476,0.00713048045113617,0.49461,0.39257,0.11283,0.0325682809092344,0.0193573125566713,-0.0231859611742424,-0.729913884943182,-0.673820726799242,0.0163594775479979,0.0179709185118463,0.00924998915225158,-0.411773048967664,-0.558368025078169,0.63626279453399,6.14563072653575,5.28899855621297,3.24856825916486,0.0390625,-0.6640625,-0.64453125,-0.107421875,-0.7890625,-0.6953125,-0.0382679776373522,0.0590314675713667,-0.283954198390988,3.23102711326625e-05,-5.20346312096878e-05,4.83647754583284e-05,0.0622484611742424,0.0658513849431818,0.0292894767992424,0,0,4,-0.0343611877162738,-0.824774257527016,0.284317517994529,0.114697290995101,0.349145838593144,0.195536348133167,0.225370986188863,0.212185551465635,-1.8620607623807e-19,-5.04610381290674e-17,6.7335782510258e-18,-0.0842359138257576,-0.0591486150568182,-0.0214917732007576,0.0163594775479979,0.0179709185118463,0.00924998915225158
"Standing",2.502902e-07,2.077313e-05,2.1524e-05,0.00217066,9.594748,0.001412352,0.59758,0.33119,0.07123,0.007704778,0.004257419,-0.02700343,-0.9495591,-0.3306996,0.002200977,0.0045223,0.003274572,-0.2022594,0.341393,0.08744118,3.374668,4.237721,2.600711,-0.02148438,-0.9355469,-0.3222656,-0.03515625,-0.9628906,-0.3378906,0.3672451,-0.4153053,0.1570711,1.256362e-05,5.384408e-06,-1.368203e-05,0.005519058,0.01401219,0.008433949,0,0,0,-0.08150576,-1.234625,0.3205841,0.03815874,0.2435928,0.1685649,0.2147619,0.2202886,7.362728e-19,2.355041e-17,-1.009241e-17,-0.008152817,-0.01333156,-0.007191051,0.002200977,0.0045223,0.003274572
"Standing",7.13679134637491e-05,0.000326796480862381,0.000540900221253629,0.101993469578506,0.252493372048984,0.0238491224925706,0.73836,0.21185,0.04979,0.0369954875459137,0.020104255600942,-0.0669537168560606,-0.584058357007576,-0.798983487215909,0.0176383638464126,0.0170591278797243,0.0114212179346129,0.0373268729008352,-0.3297831862116,0.533151551524439,3.85040659782166,3.1278511794025,2.61685821025843,-0.005859375,-0.53125,-0.76953125,-0.126953125,-0.634765625,-0.8203125,0.498349480736193,-0.606809379526416,-0.766767481437294,-0.000159410075719531,-0.000162841728407543,0.000121155555415148,0.0610943418560606,0.0528083570075758,0.0294522372159091,0,0,0,-0.0837681333295808,-0.629398097493948,0.458475184015887,0.543930424080039,0.651108635038619,0.124481354581962,0.119727572784495,0.106633674897977,1.65442218581059e-18,4.3755699122304e-17,-3.02769360229543e-17,-0.0599994081439394,-0.0507072679924242,-0.0213290127840909,0.0176383638464126,0.0170591278797243,0.0114212179346129
"Standing",3.503404e-06,1.568521e-05,2.619542e-05,0.005289291,0.2524934,0.005284039,0.58485,0.24706,0.16809,0.008990271,0.004396551,0.07290187,-0.9420573,-0.3497647,0.004457692,0.003286496,0.003757354,0.03205066,-1.299753,0.1965879,3.274073,6.685541,2.608019,0.0859375,-0.9335938,-0.3398438,0.05664062,-0.9570312,-0.359375,-0.1518091,0.4579702,-0.2971732,4.079132e-05,-7.915475e-06,2.817229e-05,0.01303563,0.008463542,0.009920987,0,0,0,0.2055351,-1.208267,0.6099065,0.1023814,0.5104367,0.1278649,0.2104121,0.1928262,-4.208308e-18,-3.700753e-17,2.523045e-17,-0.01626125,-0.01497396,-0.009610263,0.004457692,0.003286496,0.003757354
"Standing",3.896999e-07,2.004879e-05,2.121789e-05,0.002298684,9.973488,0.001762325,0.55366,0.35534,0.091,0.007782347,0.004275218,-0.03857422,-0.9495221,-0.3305738,0.00201346,0.004491158,0.00375478,0.4459505,0.4047728,-0.1225918,5.886608,4.450123,3.214623,-0.02929688,-0.9355469,-0.3183594,-0.04492188,-0.9648438,-0.3417969,0.30516,0.1817842,0.1088872,-6.604721e-06,1.13656e-05,-3.068297e-05,0.009277344,0.0139752,0.01221443,0,0,0,-0.1161619,-1.233662,0.09724508,0.05411662,0.3657562,0.2155921,0.2202003,0.1667976,0,-5.382774e-17,-6.733322e-18,-0.006347656,-0.01532167,-0.01122307,0.00201346,0.004491158,0.00375478
"Standing",4.81263243564197e-06,1.36930356754949e-05,2.81309329824208e-05,0.0060152601974828,0.252493372048984,0.00619315930189117,0.73529,0.16139,0.10332,0.00821749544450183,0.00307150242335493,0.00966944839015152,-0.999467329545455,-0.145907315340909,0.00529962572007989,0.00210800080620191,0.00239345751513876,0.00859709788541314,-1.24842017634551,0.776513347372556,1.50885678373551,6.11289207442162,4.74184897781248,0.01953125,-0.994140625,-0.13671875,0,-1.0078125,-0.15234375,0.052641775816923,-0.0630740193910089,-0.184771320500258,6.31206272541397e-05,1.961672286398e-06,-2.33872098559321e-06,0.00986180160984848,0.00532670454545459,0.00918856534090909,0,0,0,0.06606839971462,-1.42542823474893,0.801612597406916,0.0484812516859994,0.159028029169588,0.0795475348511556,0.232146257098836,0.196994363819433,-7.30774466785514e-19,4.03716998273628e-17,-2.52338494440763e-18,-0.00966944839015152,-0.00834517045454541,-0.00643643465909091,0.00529962572007989,0.00210800080620191,0.00239345751513876
"Standing",0.0002591589,0.001090721,0.001868198,0.4103345,0.2524934,0.04544687,0.87799,0.08805,0.03396,0.06140008,0.04050455,-0.08587831,-0.8280806,-0.550907,0.01965553,0.02461585,0.03369764,0.4019618,0.1203077,0.473851,17.58446,3.831964,2.46669,0.046875,-0.7207031,-0.4707031,-0.2167969,-0.8867188,-0.6171875,0.6061826,-0.7124659,-0.896989,-0.0001766868,-0.0002777664,0.0004089813,0.1327533,0.1073775,0.08020389,0,0,0,-0.1565075,-0.9777076,0.4441559,0.7015853,0.8162941,0.1307532,0.1111395,0.1071585,-1.652176e-18,4.039931e-17,-3.294496e-18,-0.1309186,-0.05863814,-0.06628048,0.01965553,0.02461585,0.03369764
"Standing",1.82316419136178e-07,7.23897545363373e-06,7.78592471104227e-06,0.00103743576384362,0.504986744097967,0.00120540723953177,0.46863,0.3747,0.15667,0.00499339318253557,0.00301352087391871,0.0951334635416667,-0.94723603219697,-0.323708274147727,0.00172243586528989,0.00277245986027479,0.00244149063866424,0.0362379457247036,-1.39325728264218,-0.093511402113074,4.36852159703839,6.93068684557132,3.27857362589307,0.1015625,-0.939453125,-0.31640625,0.08984375,-0.958984375,-0.330078125,-0.105801308327157,-0.234107888947495,-0.055810503445345,-3.72144518486394e-06,2.68010291595698e-06,-6.2092023116974e-06,0.00642903645833333,0.00778290719696972,0.00730202414772729,0,0,0,0.285838420112052,-1.22861152252401,0.143128946832349,0.0815272810446638,0.263019594535149,0.22072569912416,0.232621948173116,0.232184387116065,-4.6262204368471e-18,2.69141831377734e-17,2.01854785346524e-17,-0.00528971354166667,-0.0117483428030303,-0.00636985085227271,0.00172243586528989,0.00277245986027479,0.00244149063866424
"Standing",0.000115038078702296,0.00742611191537249,0.00777122615147938,0.524572533545499,0.378740058073476,0.0302790129831448,0.62163,0.25174,0.12662,0.093135276773416,0.129010704315661,-0.0190873579545455,-0.504076408617424,-0.841449159564394,0.0877005830216491,0.055928080344355,0.0410120235268836,-7.13573583237078,-1.2969247247978,2.73288306612436,93.3137984306594,9.29689642647851,28.5651996197544,0.453125,-0.3359375,-0.509765625,-1.099609375,-0.814453125,-0.994140625,0.0772441349465496,0.156863346399856,-0.10120202244878,0.000179815288937513,-5.78190168281933e-05,6.82808444178848e-05,0.472212357954545,0.168138908617424,0.331683534564394,2,2,2,-0.0211331695084701,-0.537457814205131,0.109010289667918,0.182118345855972,0.078865044232316,0.217480640957223,0.255201840261152,0.265574111601753,1.45759611315051e-18,-4.37374125151719e-17,-1.68250517816183e-17,-1.08052201704545,-0.310376716382576,-0.152691465435606,0.0877005830216491,0.055928080344355,0.0410120235268836
"Standing",1.336821e-06,1.136043e-05,1.537089e-05,0.00388812,0.2524934,0.003264055,0.43103,0.33219,0.23678,0.008007712,0.003951516,0.06952829,-0.9413101,-0.3522653,0.003683494,0.00316897,0.003471396,0.07488898,-0.6201316,0.3936646,2.629024,4.740634,4.041247,0.078125,-0.9316406,-0.3398438,0.05664062,-0.953125,-0.3632812,-0.09167832,0.1098669,-0.217978,-3.264911e-05,1.942565e-07,-6.126404e-06,0.008596709,0.009669448,0.01242158,0,0,0,0.1948781,-1.206365,0.5815212,0.07753805,0.3029268,0.1243919,0.2365316,0.254876,-5.465262e-18,-2.354993e-17,2.691397e-17,-0.01288767,-0.01181493,-0.01101592,0.003683494,0.00316897,0.003471396
"Standing",1.16912172281387e-05,0.000172117280422178,0.000207190932106594,0.0295019549663286,0.252493372048984,0.00965274357450595,0.68737,0.22951,0.08312,0.0224140261815599,0.0129985672475644,0.0981371330492424,-0.654171105587121,-0.732273910984849,0.00543559731553779,0.0120265548851323,0.0112801137247611,0.443680122022487,-0.272579516805396,-0.399730517235638,3.24654191888201,3.61765741196375,3.87095070390459,0.115234375,-0.61328125,-0.703125,0.08203125,-0.693359375,-0.7734375,-0.303571386102873,0.0461473618205517,-0.509493626986955,-1.72315076974999e-05,8.56403703392684e-05,-9.69983254961553e-05,0.0170972419507576,0.0408898555871212,0.0291489109848485,0,0,0,0.133252023889035,-0.724687950634694,0.242702424182693,0.278514061526783,0.353119765909687,0.174875234551004,0.190953959427281,0.199686892424113,-6.73078047553335e-18,3.36736664797694e-18,2.3563455553677e-17,-0.0161058830492424,-0.0391882694128788,-0.0411635890151515,0.00543559731553779,0.0120265548851323,0.0112801137247611
"Standing",4.827013e-07,2.244084e-05,2.388895e-05,0.002181517,8.079788,0.001961373,0.6295,0.26676,0.10375,0.008307787,0.004083601,-0.03181226,-0.9502693,-0.3292421,0.002409062,0.004657608,0.003233025,-0.08555259,0.2653129,0.04614409,2.639557,3.02816,3.010497,-0.02539062,-0.9375,-0.3183594,-0.03710938,-0.9628906,-0.3359375,0.4112312,-0.118199,0.2608251,-2.356554e-07,4.094036e-06,-1.038221e-05,0.006421638,0.01276929,0.01088275,0,0,0,-0.09633594,-1.235819,0.04095894,0.01459436,0.08414362,0.2666841,0.2206963,0.2462617,2.102683e-18,4.373575e-17,-1.682278e-17,-0.005297112,-0.01262133,-0.006695372,0.002409062,0.004657608,0.003233025
"Standing",6.48347497772691e-06,0.000232497357958524,0.000251947782891705,0.0395355219030001,0.378740058073476,0.00718827732374706,0.51434,0.34273,0.14293,0.0273169034987661,0.0167946485694741,0.00213068181818182,-0.755741003787879,-0.642541133996212,0.0130380487897001,0.0155015276073548,0.00891942240574029,-1.15945529065822,-0.0770060475309104,-0.0285849936240946,10.9686992830057,4.74218512539404,3.30241329598664,0.0625,-0.703125,-0.615234375,-0.078125,-0.8203125,-0.66796875,-0.0657700480541495,0.111697288323895,-0.275615264433156,-7.8735666035127e-05,1.16159023244164e-05,-1.62162785986352e-05,0.0603693181818182,0.0526160037878788,0.0273067589962122,0,0,0,0.00334910661190221,-0.865987342186379,0.23257752285103,0.117549030302143,0.284726155209969,0.177511081920889,0.287691787338839,0.24482321805701,3.82531629429323e-19,-3.36684046084304e-18,3.36462662473089e-17,-0.0802556818181818,-0.0645714962121212,-0.0254276160037878,0.0130380487897001,0.0155015276073548,0.00891942240574029
"Standing",3.82510657889569e-05,0.000162466529867603,0.000277219727234473,0.0578152763202019,0.252493372048984,0.0174599370876853,0.73801,0.19799,0.064,0.0252072953433482,0.0175840048482491,-0.00594075520833333,-0.797666607481061,-0.588475082859849,0.0128569722371965,0.00975123150284079,0.0107351705989554,-0.767514623802462,0.154391466524531,0.625739864498594,5.83600618966457,5.56336615411039,2.77943290103843,0.03125,-0.748046875,-0.560546875,-0.060546875,-0.83203125,-0.609375,0.430324016088559,-0.646957661368715,-0.725776624298755,8.03616885504373e-05,7.40321108938897e-05,-9.99401970191575e-05,0.0371907552083333,0.0496197324810606,0.0279282078598485,0,0,0,-0.0103505472232862,-0.935029329483519,0.33218915094857,0.476781920075144,0.721098048070662,0.207140507146847,0.141777021579738,0.131749418217337,-5.53961151733379e-19,-5.38276090794272e-17,2.35620791251377e-17,-0.0546061197916667,-0.0343646425189394,-0.0208999171401515,0.0128569722371965,0.00975123150284079,0.0107351705989554
"Standing",0.000222663514142145,0.00095386592072278,0.00162185646314922,0.304344674550801,0.252493372048984,0.0421255354140542,0.85286,0.08577,0.06137,0.0580622004849633,0.0348915037436806,0.105801669034091,-0.515691583806818,-0.824699633049242,0.0200209411328922,0.0342163630596579,0.018168105093202,1.39677773999116,0.928175815486217,-0.529888334453292,6.54589666448647,3.51205372003631,2.89971975614914,0.1953125,-0.390625,-0.78125,0.0625,-0.56640625,-0.876953125,0.723562231631255,-0.589122980272291,-0.760597130524152,-0.000172722060283768,-0.000372024143141545,0.000168625477119465,0.0895108309659091,0.125066583806818,0.0434496330492424,0,0,0,0.127286589934911,-0.554954892957281,0.416535716666133,0.670798260966812,0.548008981344807,0.169417710409206,0.106199516837658,0.114384874712495,-2.53520490417159e-18,5.04425317425532e-17,6.73463142740813e-18,-0.0433016690340909,-0.0507146661931818,-0.0522534919507576,0.0200209411328922,0.0342163630596579,0.018168105093202
"Standing",1.681682e-06,1.402828e-05,1.907333e-05,0.003465411,0.2524934,0.003660942,0.66456,0.20256,0.13287,0.00653872,0.00417567,-0.05972567,-0.951305,-0.343676,0.002080177,0.002651681,0.004164367,-0.00922275,-0.04986727,-0.6932353,3.242829,4.874961,3.501685,-0.0546875,-0.9433594,-0.3339844,-0.06640625,-0.9628906,-0.3554688,-0.09317003,0.2976979,-0.3471852,1.215281e-05,-1.275851e-05,3.581071e-05,0.005038175,0.007945668,0.009691643,0,0,0,-0.1720645,-1.219333,0.1977922,0.1701447,0.5951189,0.2184245,0.1837697,0.1438355,-2.524447e-18,-1.009496e-17,1.177867e-17,-0.006680575,-0.01158558,-0.01179273,0.002080177,0.002651681,0.004164367
"Standing",1.48142981259041e-05,0.000352664276828061,0.000397107171205773,0.0536515756616614,0.252493372048984,0.0108657934308639,0.61862,0.23789,0.1435,0.032789890650109,0.0171076655821158,0.0439823035037879,-0.664158676609849,-0.736513080018939,0.0122120609902973,0.0193860302947968,0.0108154466067856,-0.14560478022261,-0.126975564713562,0.423175028157412,3.14310584403283,3.79478003898373,3.76572678858461,0.0859375,-0.59375,-0.705078125,0.0078125,-0.724609375,-0.76953125,-0.0105534694849606,-0.106964997853295,-0.36825300754005,8.38264603809455e-05,5.89348771677226e-05,-3.73450176988699e-05,0.0419551964962121,0.0704086766098485,0.0314349550189394,0,0,0,0.0596164741549725,-0.732713654673708,0.317369836475878,0.137424579085939,0.222058563278348,0.180869743202559,0.239338550525832,0.20791461383166,-1.0602093225629e-18,2.35556140819986e-17,5.38275834117622e-17,-0.0361698035037879,-0.0604506983901515,-0.0330181699810606,0.0122120609902973,0.0193860302947968,0.0108154466067856
"Standing",2.26788309755665e-06,6.36587334734298e-05,7.04623827660998e-05,0.0101159039172769,0.883726802171443,0.00425139283649773,0.57087,0.27506,0.15407,0.0143817659908746,0.00767487380108375,0.0256643584280303,-0.746374881628788,-0.653224135890151,0.00464855793283687,0.00816875954938356,0.005923827441235,0.263871202911683,-0.590821965238868,-0.162641431743656,8.12474563352527,3.52946362456472,2.91422047722721,0.052734375,-0.724609375,-0.63671875,0.0078125,-0.775390625,-0.66796875,0.12197306029672,-0.234035355200229,-0.20775895615967,1.03822142663813e-05,1.75187525680105e-05,-1.46545836485626e-05,0.0270700165719697,0.0217655066287878,0.0165053858901515,0,0,0,0.0392547556196799,-0.85144405586531,0.0565996189460062,0.0700718655922107,0.124614854264007,0.215432454142169,0.29293452033991,0.246502714597251,-8.41857704284902e-19,-3.36450701942754e-17,-2.35492452926035e-17,-0.0178518584280303,-0.0290157433712122,-0.0147446141098485,0.00464855793283687,0.00816875954938356,0.005923827441235
"Standing",0.000196272429885395,0.00168100803083322,0.0022698253204894,0.480195957146847,0.252493372048984,0.0395503702851527,0.83777,0.09375,0.06848,0.0569505647741621,0.0586772980400376,0.0129172585227273,-0.76168915719697,-0.629964192708333,0.0182960277052793,0.0357851510825225,0.0330763166939805,2.21138452515158,-2.17160962624237,1.64629327700366,13.1875506733767,10.5619439161958,6.48682622223395,0.123046875,-0.681640625,-0.50390625,-0.033203125,-0.939453125,-0.6875,-0.507970379756768,0.439326014383074,-0.831995657424092,-7.57676813420814e-05,-3.1981627334031e-05,2.33037750931007e-05,0.110129616477273,0.0800485321969697,0.126057942708333,0,0,0,0.0212760577643701,-0.879098035742076,0.253415879158155,0.461413189038796,0.649389927750753,0.207972601403999,0.222733481486682,0.229301780771043,7.25198968663957e-19,2.69282714774377e-17,3.70090287578643e-17,-0.0461203835227273,-0.17776396780303,-0.0575358072916666,0.0182960277052793,0.0357851510825225,0.0330763166939805
"Standing",1.88746272542762e-06,1.20730923222012e-05,1.7735480498484e-05,0.00300948436321562,0.378740058073476,0.0038784669604441,0.54934,0.30313,0.14753,0.0073195668510388,0.00369648582577892,-0.0478663589015152,-0.965916489109849,-0.280880089962121,0.00222065936827791,0.00322567566093092,0.00411691740773238,0.104263123265308,2.1621484219084,-0.338317898743471,3.74246943182539,26.3872514389199,2.70914598601169,-0.041015625,-0.9375,-0.2734375,-0.0546875,-0.978515625,-0.29296875,0.0392859566635867,-0.156466210669081,-0.158959877220404,-2.35528055684187e-06,-2.26675054132048e-06,1.78817893223082e-05,0.00685073390151515,0.0284164891098485,0.00744258996212122,0,0,0,-0.168834936001036,-1.28393839685343,0.110354050780094,0.0509978096334842,0.443351670825706,0.207067988203219,0.215061178078768,0.234064784606297,4.20776450381108e-19,2.3549924282556e-17,3.36654528269475e-18,-0.00682114109848485,-0.0125991358901515,-0.0120886600378788,0.00222065936827791,0.00322567566093092,0.00411691740773238
"Standing",9.41655424192071e-07,6.68034519449438e-06,9.50531146707059e-06,0.00185080807246881,0.378740058073476,0.00273947228142251,0.59841,0.21515,0.18643,0.0053970995466024,0.00235055193377784,0.0550500118371212,-1.00088778409091,-0.121685606060606,0.00188858315641072,0.00177597320821173,0.00302710436296136,-0.301744532333625,-0.621605435715088,-0.0883347710703618,3.37490838141596,5.40493954206317,2.45074387048249,0.060546875,-0.99609375,-0.11328125,0.048828125,-1.0078125,-0.12890625,-0.0507141128597191,0.161991198737523,-0.203330426243497,-1.3087793445793e-05,1.38463491903735e-06,-1.6001641078987e-05,0.00549686316287878,0.00479403409090917,0.00840435606060606,0,0,0,0.424995694651608,-1.43812049541206,0.411202631531038,0.0883307996351486,0.539211260726992,0.145808102102734,0.222082353647908,0.168922756057371,-3.3658137542403e-18,8.07435247845927e-17,2.9455562719623e-18,-0.00622188683712122,-0.00692471590909083,-0.00722064393939394,0.00188858315641072,0.00177597320821173,0.00302710436296136
"Standing",8.29394732214817e-07,1.16336252908664e-05,1.41218094875109e-05,0.00249099554711816,0.504986744097967,0.00257099682691657,0.46361,0.33201,0.20438,0.00688223230171028,0.00407471452768803,0.108494614109848,-0.964740175189394,-0.267489346590909,0.00279180301027523,0.00360753648224611,0.00310678616659645,-0.475008549303132,-1.14426739697276,-0.290358983215774,6.48436302482445,5.75710418448458,2.91496842246707,0.1171875,-0.955078125,-0.259765625,0.09375,-0.9765625,-0.275390625,-0.0643595933829576,-0.208350501599356,-0.197533266776802,-6.61809634022248e-06,-4.89271639742122e-06,-2.91957979247253e-06,0.00869288589015152,0.00966205018939392,0.00772372159090912,0,0,0,0.38532007485874,-1.28005598528602,0.0458529580075012,0.0796699155215845,0.34174962742176,0.234871462147253,0.27654352899302,0.236852165727817,4.20573435192708e-18,-1.68213813055136e-17,2.52317896139546e-17,-0.0147446141098485,-0.0118223248106061,-0.00790127840909088,0.00279180301027523,0.00360753648224611,0.00310678616659645
"Standing",8.46171030902074e-07,5.59579047918982e-06,8.13430357189605e-06,0.00118832986671459,0.378740058073476,0.00259686863372517,0.49835,0.35409,0.14755,0.00530966626492196,0.00288334771063964,0.0168678977272727,-1.00459428267045,-0.114250414299242,0.00156607405356805,0.0024214252950074,0.00282956850961841,-0.183579921908246,-1.28795659491981,0.484823105258294,3.26027055150885,8.26552641981804,3.26607200261212,0.021484375,-0.998046875,-0.103515625,0.01171875,-1.017578125,-0.119140625,-0.0987521626276574,-0.0184489148344772,-0.0786403231709487,3.49024809396774e-06,-6.10793416438718e-07,2.98518117088096e-06,0.00461647727272727,0.00654740767045459,0.0107347892992424,0,0,0,0.146633426822335,-1.45632700753213,0.0882072336265882,0.0309491621582247,0.383411958974345,0.198409963753369,0.222094140362838,0.214452190361064,-6.31182322091396e-19,4.03718191418996e-17,6.72844792647027e-18,-0.00514914772727273,-0.0129838423295454,-0.00489021070075757,0.00156607405356805,0.0024214252950074,0.00282956850961841
"Standing",0.000105815150666383,0.00181226726835068,0.00212971272034983,0.392371474541131,0.631233430122459,0.0290398809504086,0.76425,0.1592,0.07655,0.0521018848822027,0.0587090391619498,0.0181847774621212,-0.811945134943182,-0.563972241950758,0.0176750315451987,0.0356006086082378,0.0347397642849382,-0.735424842919222,-0.902401012605014,0.423835333019775,13.3352185816011,7.80313827211363,8.00412981466173,0.115234375,-0.701171875,-0.421875,-0.09765625,-0.990234375,-0.677734375,0.261481890352103,-0.465996311075804,-0.676423490414283,-8.49633386378318e-06,9.25871104781528e-06,-2.94371855210028e-05,0.0970495975378788,0.110773259943182,0.142097241950758,0,0,0,0.0314010314896397,-0.96291973121802,0.190078169221115,0.193111444622271,0.353712278192859,0.201477827281763,0.293297370344163,0.358604289741735,-1.95687872137212e-19,-5.04643300071124e-17,-6.73427127798264e-18,-0.115841027462121,-0.178289240056818,-0.113762133049242,0.0176750315451987,0.0356006086082378,0.0347397642849382
"Standing",4.65538120776463e-07,7.06234350414423e-06,8.45895786647362e-06,0.00110027490579735,0.504986744097967,0.00192618736119584,0.48362,0.35553,0.16085,0.00552981878443525,0.00292214125508271,0.107732599431818,-0.952459161931818,-0.303163470643939,0.00203430885117227,0.00248375720022449,0.00268020324411103,-0.0378862384975351,-0.991848340700888,-0.104344726968828,3.70885292503091,6.7920813604955,2.76588232820032,0.11328125,-0.947265625,-0.294921875,0.099609375,-0.962890625,-0.30859375,-0.138703968015011,-0.339905253603082,-0.198770602256218,7.70784350970796e-06,2.96543706670225e-06,-1.13050919102058e-05,0.00554865056818182,0.00519353693181823,0.00824159564393939,0,0,0,0.341438581108133,-1.2450300340606,0.107114574130665,0.0902167555646228,0.33690558103444,0.202783253445543,0.236085769309673,0.228562754430215,5.04725195964983e-18,5.04644382925744e-17,-1.68344589808659e-18,-0.00812322443181818,-0.0104314630681818,-0.00543027935606061,0.00203430885117227,0.00248375720022449,0.00268020324411103
"Standing",1.78596e-07,1.486939e-05,1.540518e-05,0.00121284,7.827295,0.001193045,0.51235,0.27575,0.2119,0.006580812,0.004680488,-0.0575728,-0.9301018,-0.3986077,0.00270875,0.003910186,0.002727779,0.6640649,1.193204,-0.1800393,5.365317,11.47484,3.289158,-0.046875,-0.90625,-0.390625,-0.06640625,-0.9453125,-0.4082031,-0.05029522,-0.1373672,0.06815837,8.404619e-06,8.712882e-06,-1.623921e-05,0.0106978,0.0238518,0.007982659,0,0,0,-0.1434489,-1.162149,0.1683263,0.05449266,0.3142329,0.1996602,0.2334126,0.1669821,-1.262578e-18,-4.373642e-17,1.177387e-17,-0.008833452,-0.0152107,-0.009595466,0.00270875,0.003910186,0.002727779
"Standing",5.5578020759112e-06,5.32680535712922e-05,6.99414597990258e-05,0.0137302906978681,0.252493372048984,0.00665537364560135,0.78021,0.12428,0.09551,0.0104650352064681,0.00859818590342377,-0.00201231060606061,-0.912841796875,-0.432180693655303,0.00320401417009335,0.00500909797074342,0.00736802872406974,1.45692563168943,1.29152360927832,-1.26054850498083,11.432717111065,7.97493718094402,4.65045694277448,0.013671875,-0.88671875,-0.416015625,-0.015625,-0.927734375,-0.455078125,0.319025267041223,-0.366318955587603,-0.665104819101237,-1.73773593058065e-05,-3.56164532231405e-05,7.45276242181814e-05,0.0156841856060606,0.026123046875,0.016165068655303,0,0,0,-0.0047027942135176,-1.12859851448732,0.17736754425571,0.364120239901727,0.651875657423641,0.285748283100025,0.180996933899722,0.186684331046245,-3.51630969145209e-20,0,8.41619636691393e-18,-0.0136126893939394,-0.014892578125,-0.022897431344697,0.00320401417009335,0.00500909797074342,0.00736802872406974
"Standing",0.000218065747352939,0.00737472393738475,0.00802892117944357,1.91004699626524,0.631233430122459,0.0416883428055544,0.46465,0.39868,0.13667,0.153064570151085,0.126895943143953,0.0421623461174242,-0.580255681818182,-0.792680220170455,0.087680373073122,0.077219666201768,0.0602380430040582,-2.33449670578336,0.906823160247721,-0.0433574637053018,15.9170158006344,3.37751595291721,6.17464941661072,0.322265625,-0.322265625,-0.49609375,-0.552734375,-0.748046875,-1.056640625,-0.00803331431718429,-0.185104125124967,-0.423307969983075,-0.000141246136779409,-9.8174055054817e-05,8.03202896223102e-06,0.280103278882576,0.257990056818182,0.296586470170455,2,2,4,0.0523118738055396,-0.627511087898458,0.180294315350645,0.616926710636444,0.440870999520622,0.355214103387494,0.122326928515101,0.135188895909269,9.55568668995658e-19,-5.04337020657697e-17,4.03971188369257e-17,-0.594896721117424,-0.167791193181818,-0.263960404829545,0.087680373073122,0.077219666201768,0.0602380430040582
"Standing",0.00430898880358371,0.00976985739147641,0.0226968238022275,4.89993217436329,0.252493372048984,0.185314152212882,0.76529,0.16703,0.06767,0.218943978581985,0.137410374620763,0.0258419152462121,-0.485344164299242,-0.852072975852273,0.0775543284954204,0.134107973771557,0.0752201158174391,-1.39597796052224,0.920189082959005,-0.568109278840262,16.4725349937351,3.88568015460793,2.92119040158667,0.390625,0.1484375,-0.654296875,-0.490234375,-0.771484375,-1.099609375,-0.360120834608583,0.334221557808061,-0.756281553022233,-0.000385534205654181,0.00128369987392307,-0.000614333980158679,0.364783084753788,0.633781664299242,0.197776100852273,8,0,0,0.0330113099647169,-0.515437676592124,0.183070749824206,0.763994649495169,0.645258332638407,0.187476090084853,0.0984565441640374,0.0940787649337459,5.69154805224753e-19,6.58981365897818e-18,-2.0099527149713e-17,-0.516076290246212,-0.286140210700758,-0.247536399147727,0.0775543284954204,0.134107973771557,0.0752201158174391
"Standing",1.9098725214333e-06,1.58876590109024e-05,2.16172765752023e-05,0.00409315637468401,0.378740058073476,0.00390142348977582,0.54911,0.34411,0.10677,0.0079424729360365,0.00439956759030543,0.0316938920454545,-0.991233132102273,-0.195490056818182,0.00368924714248321,0.00213399507066664,0.00460467353141185,0.793114949375742,0.0991667848580074,-0.12649545739714,5.69087485279747,3.63642614444652,2.51993428380486,0.044921875,-0.986328125,-0.18359375,0.021484375,-0.998046875,-0.20703125,-0.0171673929639653,0.0413715945113582,-0.248385252584682,-1.29801562326777e-06,8.47149450690496e-06,-4.42229719263805e-05,0.0132279829545455,0.00490500710227271,0.0118963068181818,0,0,0,0.160769748288837,-1.37356536744054,0.0792367582040127,0.115929770761289,0.635581411126187,0.291395120213701,0.193989615167337,0.132494446729635,1.26228463325809e-18,-2.01853317476928e-17,5.05011951910668e-18,-0.0102095170454545,-0.00681374289772729,-0.0115411931818182,0.00368924714248321,0.00213399507066664,0.00460467353141185
"Standing",9.14009818771349e-06,5.51851594462131e-05,8.26054540093536e-05,0.0175060826559536,0.252493372048984,0.00853485868830603,0.83097,0.10262,0.06641,0.0123895762489956,0.00773791572773652,0.0396765506628788,-0.967877012310606,-0.282034209280303,0.00330901246297668,0.00417764437057718,0.00842651511127273,-0.790583587358452,-0.722130625137904,0.810022784271898,3.49843808454129,5.30391000164906,2.99435396148803,0.046875,-0.95703125,-0.2578125,0.029296875,-0.986328125,-0.298828125,0.352440998014919,-0.593361764646255,-0.605934505359267,-2.56565080235962e-05,-3.07065403478814e-05,9.29017423318483e-05,0.00719844933712122,0.0108457623106061,0.024221709280303,0,0,0,0.139665434902166,-1.28459448727762,0.370891912172224,0.342086164166375,0.750765982506347,0.180575440366036,0.147163901677445,0.125822328504715,3.36705863599612e-18,1.68214005562624e-17,8.41695356303345e-18,-0.0103796756628788,-0.0184511126893939,-0.016793915719697,0.00330901246297668,0.00417764437057718,0.00842651511127273
"Standing",9.30536573070167e-06,0.00014586196899113,0.000173778066183235,0.0439994091550842,0.378740058073476,0.0086116749280204,0.48143,0.36298,0.15559,0.0254228520108758,0.0136398977580997,0.0027151396780303,-0.732022372159091,-0.674331202651515,0.0115258189625023,0.0124479505686162,0.00855382923123425,0.0642747218499558,-0.529476483261738,0.313754590077678,3.20939937629639,5.64582770659674,2.76856870091939,0.048828125,-0.701171875,-0.650390625,-0.025390625,-0.794921875,-0.6953125,0.0463962467541342,-0.130270374948614,-0.369172853269434,6.96068839309589e-05,-4.32548739149145e-05,5.21053278407845e-05,0.0461129853219697,0.0308504971590909,0.0239405776515151,0,0,0,0.00399712968255187,-0.826276863173597,0.554572066372258,0.233098583322857,0.508538020957343,0.144544600949475,0.199597652693915,0.168909007961649,-4.09315837928106e-19,3.02757617272774e-17,-1.34628443343201e-17,-0.0281057646780303,-0.0628995028409091,-0.0209812973484849,0.0115258189625023,0.0124479505686162,0.00855382923123425
"Standing",9.301867e-07,1.724633e-05,2.003689e-05,0.002963648,0.3787401,0.002722739,0.71057,0.15654,0.13289,0.006805168,0.004230258,-0.1982496,-0.9832505,-0.1379469,0.004001621,0.002355371,0.002576352,-0.07029752,-0.05439634,0.3898291,6.574616,5.049043,3.481742,-0.1816406,-0.9746094,-0.1289062,-0.21875,-0.9921875,-0.1445312,-0.4930994,0.5041923,-0.2974026,-3.169693e-05,1.043126e-05,-2.3456e-05,0.01660896,0.008641098,0.009040601,0,0,0,-0.9628343,-1.329919,0.3474116,0.1484145,0.5225999,0.1941963,0.1845229,0.1276193,-6.733758e-18,2.355176e-17,-6.732887e-18,-0.02050041,-0.008937027,-0.006584399,0.004001621,0.002355371,0.002576352
"Standing",2.047511e-06,2.250144e-05,2.864398e-05,0.00316074,0.2524934,0.00403956,0.54714,0.29807,0.15479,0.007832565,0.007309185,-0.1796283,-0.9892134,-0.1270123,0.005043557,0.004311944,0.002884804,0.8346104,-6.411436,-0.1322144,11.94542,82.31602,5.470325,-0.1464844,-0.9707031,-0.1152344,-0.2070312,-1.041016,-0.1367188,-0.2555637,-0.1173924,-0.009116343,-3.107085e-05,6.976675e-06,4.213774e-06,0.03314394,0.0185103,0.01177794,0,0,0,-0.9551511,-1.351924,0.39178,0.03995616,0.2822582,0.1598261,0.2122384,0.217092,-1.683536e-18,4.037099e-17,1.68296e-18,-0.02740294,-0.0518022,-0.009706439,0.005043557,0.004311944,0.002884804
"Standing",3.760865e-05,0.0003865902,0.0004994162,0.09272316,0.2524934,0.0173127,0.66197,0.24613,0.0919,0.03000744,0.02852884,-0.002692945,-0.8047319,-0.5888672,0.01276048,0.01905075,0.01512213,2.269334,3.735671,-1.4793,9.189153,34.7786,7.649949,0.06835938,-0.6367188,-0.5625,-0.03515625,-0.9003906,-0.6679688,0.610305,-0.4915138,-0.3120549,-0.0001067417,-0.0001351274,0.0001678121,0.07105232,0.1680131,0.02636719,0,0,0,-0.004846946,-0.9388588,0.5167974,0.2579833,0.5926551,0.1505201,0.2053696,0.1475161,1.916572e-19,-4.037935e-17,0,-0.0324633,-0.09565874,-0.07910156,0.01276048,0.01905075,0.01512213
"Standing",1.74595846939277e-07,8.19306792554859e-06,8.71685546636642e-06,0.00103004004042537,2.77742709253882,0.00117960840632543,0.45974,0.35558,0.18468,0.00470301380280071,0.00384907126692196,0.0231711647727273,-0.994303385416667,-0.18069365530303,0.00292309765905733,0.00187417157481879,0.00262741086441249,-1.31405516252487,-0.635110867234543,-0.169576401154408,20.5807878943759,12.3381991077151,3.27528971360918,0.0390625,-0.984375,-0.171875,0.001953125,-1.005859375,-0.1875,-0.0105903825711221,-0.0727957767546229,-0.0363284995409464,6.30155376673682e-06,-9.99943340782784e-07,-1.58462358718917e-06,0.0158913352272727,0.00992838541666663,0.0088186553030303,0,0,0,0.127519227881483,-1.38956752036646,0.0581983726150402,0.0566001376462503,0.336833636247873,0.306758351362184,0.221643761430015,0.231078730471614,6.31216813016332e-19,-3.70075458987528e-17,8.41649154506222e-19,-0.0212180397727273,-0.0115559895833334,-0.0068063446969697,0.00292309765905733,0.00187417157481879,0.00262741086441249
"Standing",2.59900383767188e-05,0.000222416956772854,0.00030038707190301,0.070291535451623,0.252493372048984,0.014392106520355,0.87541,0.07626,0.04833,0.0200158881965966,0.0137581892387381,0.0160097064393939,-0.922022964015151,-0.399732185132576,0.0172855506699944,0.00478186229405388,0.00463478015392405,-0.263997099070273,0.294985781832482,0.0521870815161303,2.67663264488917,7.56488500209356,2.92903471972366,0.052734375,-0.8984375,-0.38671875,-0.025390625,-0.94140625,-0.412109375,0.247765081856992,-0.0562206624350297,-0.231844753173417,-0.000198879176884347,-1.12898061521358e-05,1.2247713658197e-06,0.0367246685606061,0.0235854640151515,0.0130134351325757,0,0,0,0.0399383063590288,-1.16107709842651,0.748839110144923,0.185191974333525,0.554170576586335,0.128420326829719,0.228800770452748,0.168956063577777,-2.83127179536017e-19,-2.35494305810607e-17,-1.17737290907116e-17,-0.0414003314393939,-0.0193832859848485,-0.0123771898674243,0.0172855506699944,0.00478186229405388,0.00463478015392405
"Standing",1.52226028377055e-05,0.000227896516199057,0.000273564324712173,0.0478200694000831,0.252493372048984,0.0110145145924168,0.51,0.32522,0.16478,0.0310481748414543,0.0161275501095046,-0.0189985795454545,-0.791422526041667,-0.597530480587121,0.0146279332276931,0.0136424252872083,0.011675290547198,-0.0521541041582453,-0.659653602910646,0.167596227370421,3.07601445165365,5.37210018288953,2.97055481055189,0.0234375,-0.740234375,-0.5625,-0.06640625,-0.853515625,-0.6328125,-0.278664653224728,0.0455525810718147,-0.391342236861102,2.32203403302702e-05,-5.11123904724501e-05,6.31855917259607e-05,0.0424360795454545,0.0511881510416666,0.0350304805871212,0,0,0,-0.0317542212056907,-0.92366997617165,0.226786104033756,0.193353292829843,0.341873339616849,0.257474493535914,0.191666794794683,0.167183979686497,-1.25791451275157e-18,-3.70054256593803e-17,3.36684046084304e-18,-0.0474076704545455,-0.0620930989583334,-0.0352820194128788,0.0146279332276931,0.0136424252872083,0.011675290547198
"Standing",1.52909780958968e-06,1.09839405739872e-05,1.55712340027562e-05,0.00346626336744506,0.252493372048984,0.00349090907636638,0.58732,0.28918,0.1235,0.00611068963785583,0.00452900699178159,-0.0491684422348485,-0.942582563920455,-0.363096294981061,0.00303721509327067,0.00211100897256408,0.00358206637256128,-2.35854428464019,-0.567819863128135,0.360303487183663,14.1199169919132,6.85256940214947,3.45929186342933,-0.041015625,-0.93359375,-0.3515625,-0.06640625,-0.953125,-0.373046875,0.190696559535749,-0.267498405436087,-0.442981680812406,1.40310521003853e-05,1.00854157970816e-05,-2.87786241105741e-05,0.00815281723484849,0.00898881392045459,0.0115337949810606,0,0,0,-0.134619517165303,-1.20003039482555,0.153170566895879,0.269614030604522,0.650640913703647,0.352400801554724,0.175271926883377,0.155490662660288,2.73356301559044e-18,4.03709747158246e-17,1.68349723341672e-18,-0.0172378077651515,-0.0105424360795454,-0.00995058001893939,0.00303721509327067,0.00211100897256408,0.00358206637256128
"Standing",5.35613767498683e-07,4.41520028297682e-06,6.02204158547287e-06,0.000869018348333141,0.378740058073476,0.00206607827048305,0.59634,0.23403,0.16963,0.00401161831382001,0.00217782050267568,0.0597404711174242,-0.998069069602273,-0.140077533143939,0.00135185748267045,0.00153744839203526,0.00243045033352972,-0.00408304233461388,-0.917249517284241,0.0389841734669654,2.7584087037183,6.09887880822635,3.14566373135526,0.0625,-0.994140625,-0.1328125,0.056640625,-1.00390625,-0.146484375,-0.00864403863857764,-0.209457130799408,-0.0239074714976789,6.72127520723412e-06,1.36106937533821e-06,-6.30282757990946e-06,0.00275952888257576,0.00392844460227271,0.00726503314393939,0,0,0,0.403167426784847,-1.41937891144117,0.209142727518701,0.0346240594354389,0.387983657400677,0.176708188721188,0.224923726492355,0.201892856695599,2.10251103711072e-18,-2.01858550772937e-17,-1.68284912487375e-18,-0.00309984611742424,-0.00583718039772729,-0.00640684185606061,0.00135185748267045,0.00153744839203526,0.00243045033352972
"Standing",8.514333e-07,2.834484e-05,3.089914e-05,0.005142337,7.953541,0.002604931,0.49053,0.45061,0.05886,0.01049205,0.005400824,-0.02595289,-0.9260846,-0.3859789,0.002974817,0.005392244,0.005006558,-0.5356002,0.08688799,0.2768081,3.068558,3.852827,2.619356,-0.01953125,-0.9082031,-0.3730469,-0.03710938,-0.9433594,-0.3964844,0.2949541,-0.5932987,0.1206342,-2.810796e-05,-1.662008e-05,4.708778e-05,0.006421638,0.01788145,0.01293205,0,0,0,-0.06720374,-1.175091,0.5429742,0.07153928,0.4855072,0.1196703,0.2181265,0.1284711,-1.367257e-18,-5.38277e-17,6.733886e-18,-0.01115649,-0.0172748,-0.01050545,0.002974817,0.005392244,0.005006558
"Standing",0.000134688936847701,0.000675850058368161,0.00107991686891126,0.234128961788886,0.252493372048984,0.0327632417786584,0.80969,0.10412,0.08619,0.046369119999713,0.0320349381263128,0.0583422111742424,-0.729240648674242,-0.671534682765151,0.0126494556117987,0.0260689624117698,0.0222292795515224,-0.08895137015921,0.939167298515271,-1.01374566680367,4.20618482604023,3.75262845474527,3.71435506113665,0.107421875,-0.650390625,-0.6328125,0.01953125,-0.791015625,-0.736328125,-0.339374843522318,0.308308045339078,-0.797368434014795,5.24046739364373e-05,-0.000187565168281928,0.000199754286534183,0.0490796638257576,0.0788500236742424,0.0387221827651515,0,0,7,0.0868977823336827,-0.824478218623856,0.144513531537252,0.521055765113839,0.71579354229998,0.312191384564831,0.17202701686313,0.139051983070074,2.04776631914994e-19,6.73380926001141e-18,-2.35493928816777e-17,-0.0388109611742424,-0.0617749763257576,-0.0647934422348485,0.0126494556117987,0.0260689624117698,0.0222292795515224
"Standing",4.45755475246237e-06,4.16152432090316e-05,5.49879074664187e-05,0.0084272184276022,0.252493372048984,0.00596031547847576,0.65535,0.23405,0.11061,0.0116088418811696,0.00720450021011288,0.0169566761363636,-0.591412168560606,-0.80496123342803,0.00604010802254913,0.00598036034175611,0.00341452309249269,1.48965855956403,-0.466984621724616,0.0995970848571249,7.25923495715498,4.14943864433895,2.55472736174798,0.044921875,-0.57421875,-0.794921875,0.001953125,-0.61328125,-0.814453125,0.456773637066707,-0.365546860037981,-0.330799210282626,3.51890889035994e-05,1.44781605241008e-05,-8.45620874882948e-06,0.0279651988636364,0.0171934185606061,0.0100393584280303,0,0,0,0.0210495084474468,-0.63351447403033,0.311989170291902,0.179380562414113,0.279812695751188,0.214890866746904,0.205296789353241,0.174363760818971,3.11908653222929e-19,1.68216275546753e-17,-2.69138815427088e-17,-0.0150035511363636,-0.0218690814393939,-0.00949189157196972,0.00604010802254913,0.00598036034175611,0.00341452309249269
"Standing",6.36703229613328e-06,0.000306119001840897,0.000325220098729296,0.0355129979664783,0.378740058073476,0.00712343442424061,0.54014,0.32484,0.13502,0.0303987585370753,0.0195839666205837,-0.0625443892045455,-0.530480587121212,-0.835182883522727,0.0140799944424802,0.0173162654770832,0.0101983435495784,0.363151900270474,-0.107718943406161,0.286465765349737,9.81268527386486,3.83870176466444,3.9444547693244,0.025390625,-0.47265625,-0.796875,-0.123046875,-0.587890625,-0.865234375,0.0787275629081233,-0.0132004086644475,-0.397541188921079,4.68355627441646e-05,1.42272193290251e-05,-1.67137026426845e-05,0.0879350142045455,0.0578243371212122,0.0383078835227273,0,0,0,-0.074740897299198,-0.564488318509809,0.194601881774314,0.0964308723919988,0.0946589345945301,0.214729477254341,0.215531864080506,0.220748386730401,1.25807172720012e-18,3.36444630938379e-17,2.0185828256589e-17,-0.0605024857954545,-0.0574100378787878,-0.0300514914772727,0.0140799944424802,0.0173162654770832,0.0101983435495784
"Standing",1.115757e-05,0.00227481,0.002308283,0.1609735,7.196061,0.009429871,0.58361,0.4014,0.01499,0.02816562,0.0856307,-0.00921076,-0.8184334,-0.5924331,0.03986333,0.04770096,0.009524245,1.119255,-0.2896544,1.507299,56.35797,78.75277,21.41188,0.3457031,-0.34375,-0.5136719,-0.328125,-1.294922,-0.6347656,-0.05370146,-0.300452,-0.4784855,1.336166e-05,-1.867283e-05,2.415659e-05,0.3549139,0.4746834,0.07876125,0,0,2,-0.01587029,-0.9422178,0.02119931,0.02281566,0.1355393,0.2340589,0.2228059,0.196389,-8.460062e-20,4.373725e-17,-2.354852e-17,-0.3189142,-0.4764885,-0.0423325,0.03986333,0.04770096,0.009524245
"Standing",5.14796867434522e-07,1.30756233075721e-05,1.46200139098757e-05,0.00175893157513694,0.252493372048984,0.00202553080312357,0.43692,0.3189,0.24418,0.00696114644312442,0.00510570691610784,0.102043383049242,-0.947657729640151,-0.320238517992424,0.0037836408681141,0.00295583489903149,0.00322626323043637,0.9044335557128,-0.0726242071034564,0.264072158382646,9.88918799077871,5.58347874561111,4.22851086403324,0.123046875,-0.935546875,-0.310546875,0.0859375,-0.95703125,-0.333984375,0.0143300185171512,-0.0872887124876655,-0.115583185022805,1.87244167362339e-05,-1.45023629743416e-06,1.16834144225815e-05,0.0210034919507576,0.0121108546401515,0.00969164299242425,0,0,0,0.308458709242746,-1.22995090661497,0.194705832071808,0.069058929726003,0.285927910739684,0.19358126498457,0.216542132139991,0.215714761494999,-6.73176065949315e-18,-2.35499078392081e-17,1.17741574198724e-17,-0.0161058830492424,-0.00937352035984851,-0.0137458570075757,0.0037836408681141,0.00295583489903149,0.00322626323043637
"Standing",0.000106222269536875,0.000922823249272791,0.00124149005788342,0.246527802285789,0.378740058073476,0.0290956921148539,0.9062,0.05703,0.03678,0.043339332601584,0.0310795823213569,0.0183919270833333,-0.420491536458333,-0.892208214962121,0.0104272979132598,0.032907715423516,0.0133549866113854,-0.199409366095406,0.623172483166525,-0.710981577256301,4.33410928912824,3.74585512740621,2.8496404189067,0.0546875,-0.314453125,-0.859375,-0.01953125,-0.5234375,-0.927734375,-0.522879468091623,0.507783469107631,-0.819166545279049,5.06990380978157e-05,-0.000228937983233765,0.000106781210664653,0.0362955729166667,0.106038411458333,0.0328332149621212,0,0,0,0.0207006642912065,-0.440196357521751,0.255368744024724,0.541070110103898,0.636605412107002,0.230358370013789,0.189897766087881,0.177374969541859,1.20771497679422e-18,-1.85053341399852e-17,3.36714847282386e-18,-0.0379231770833333,-0.102945963541667,-0.0355261600378788,0.0104272979132598,0.032907715423516,0.0133549866113854
"Standing",0.0003887339,0.0009575328,0.002123734,0.5299674,0.2524934,0.0556605,0.53844,0.34727,0.1143,0.08391762,0.0559896,0.05445816,-0.6381984,-0.7684659,0.03948819,0.03992165,0.02812855,1.507349,-0.2792731,1.627956,11.92325,6.005916,9.926623,0.3125,-0.4257812,-0.5761719,-0.08398438,-0.8085938,-0.8320312,0.1954955,-0.1084773,-0.5536692,0.0002301124,0.000344941,-0.0002680523,0.2580418,0.2124171,0.192294,0,0,2,0.07041587,-0.6908204,0.4676805,0.5340694,0.6597784,0.1590152,0.1280746,0.1067205,-1.539083e-19,-1.34688e-17,-3.025731e-17,-0.1384425,-0.1703954,-0.06356534,0.03948819,0.03992165,0.02812855
"Standing",2.38502176963137e-07,1.41195911012795e-05,1.48350976321689e-05,0.00101279212722277,3.1561671506123,0.00137869143647491,0.53035,0.28104,0.1886,0.00594697642260676,0.0044071722814198,0.0226162997159091,-0.994584517045455,-0.178888494318182,0.00383189077064612,0.00229889787391983,0.00282911217536095,1.00362492575169,-2.22978091189116,0.166325923592657,25.4875278526954,20.7298554089424,3.75350303569829,0.052734375,-0.986328125,-0.169921875,0,-1.013671875,-0.1875,-0.0151930472032184,-0.0931094048831495,0.023517967575242,3.55202803285738e-06,2.02026769235335e-06,-8.90268026596491e-06,0.0301180752840909,0.00825639204545459,0.00896661931818182,0,0,0,0.125702020297571,-1.39141248451818,0.032666758509493,0.0359984576301941,0.267744496031151,0.237397605734441,0.213827897898043,0.198912946546432,-9.463339243728e-19,4.03718199440141e-17,5.04590360511921e-18,-0.0226162997159091,-0.0190873579545454,-0.00861150568181818,0.00383189077064612,0.00229889787391983,0.00282911217536095
"Standing",3.487361e-07,2.451918e-05,2.556539e-05,0.002061447,8.206035,0.00166713,0.74067,0.19667,0.06265,0.007375838,0.004119319,-0.02769886,-0.9451571,-0.340554,0.001725511,0.004798281,0.002918131,-0.03561347,0.2918821,0.04015652,2.708537,3.800007,3.087287,-0.0234375,-0.9277344,-0.3320312,-0.03125,-0.9589844,-0.3476562,0.4271367,-0.004189951,0.4160512,-2.775639e-06,-9.993064e-07,2.036827e-06,0.004261364,0.01742276,0.008522727,0,0,0,-0.08116008,-1.223905,0.0239665,0.01408568,0.005912892,0.244136,0.2235129,0.2472168,-3.15596e-19,3.027877e-17,2.018576e-17,-0.003551136,-0.01382724,-0.007102273,0.001725511,0.004798281,0.002918131
"Standing",2.843981e-07,7.361334e-06,8.214528e-06,0.0009583742,0.5049867,0.001505512,0.4878,0.28871,0.22349,0.005312357,0.003153874,-0.1764619,-0.9896573,-0.1262133,0.002560308,0.002236831,0.002298133,-0.7176307,0.5311417,-0.2481641,7.402743,5.878861,3.520201,-0.1640625,-0.9804688,-0.1191406,-0.1875,-0.9980469,-0.1347656,-0.3237215,0.1499984,-0.1341544,-1.182608e-05,-8.037761e-07,1.202734e-05,0.01239938,0.009188565,0.00707268,0,0,0,-0.9499062,-1.354978,0.2053553,0.05493933,0.3133407,0.2093245,0.210963,0.183137,-8.411977e-18,-3.027893e-17,6.729252e-18,-0.01103812,-0.00838956,-0.00855232,0.002560308,0.002236831,0.002298133
"Standing",0.000213552914958103,0.00139095844915131,0.00203161719402562,0.391951214444672,0.252493372048984,0.0412547211748129,0.72664,0.14563,0.12773,0.0605305653301481,0.0547102673374722,0.0821792140151515,-0.736498283617424,-0.650042909564394,0.0265001780869753,0.0345354134112865,0.0300157448570473,-2.54909608460038,1.67423421254872,-2.02386683587744,15.4570763644452,6.18606422945198,6.5954152685817,0.162109375,-0.599609375,-0.609375,-0.10546875,-0.806640625,-0.765625,-0.533452076984784,0.49332019924877,-0.650264984949318,0.000148946974316665,-0.000207132849338674,0.000231624455215583,0.0799301609848485,0.136888908617424,0.0406679095643939,0,0,7,0.126684737105625,-0.843073812715341,0.349152922666414,0.393357979393073,0.590648401657486,0.159532165682041,0.195103239814847,0.18148434980257,-4.1915232887391e-18,-4.37317592119406e-17,-1.68013624317823e-17,-0.187647964015152,-0.0701423413825758,-0.115582090435606,0.0265001780869753,0.0345354134112865,0.0300157448570473
"Standing",7.91145413118239e-05,0.000552006340038929,0.0007893499639744,0.17103227929645,0.252493372048984,0.0251101358051248,0.67368,0.25177,0.07455,0.0442648923539371,0.0236670523741336,-0.0794196851325758,-0.464362866950758,-0.861446496212121,0.0176407232144812,0.0255614262973256,0.0143913495686082,-0.0414854472515632,-0.354926388629051,0.578898041319237,3.10834330065692,3.29393649590997,3.74543192437871,-0.037109375,-0.390625,-0.810546875,-0.140625,-0.533203125,-0.896484375,0.185442270097241,-0.119785226425233,-0.706888693902431,-9.52067072683575e-05,-0.000174808566261112,0.000104906157674018,0.0423103101325758,0.0737378669507576,0.0508996212121212,0,0,0,-0.0919619800821139,-0.492489362752416,0.412056631321739,0.494762962161105,0.501107929947168,0.198800579829694,0.165225676151967,0.150331556094716,2.10211118301583e-18,-6.73432261331278e-18,3.36714847282386e-18,-0.0612053148674242,-0.0688402580492424,-0.0350378787878788,0.0176407232144812,0.0255614262973256,0.0143913495686082
"Standing",3.28048187381622e-07,4.9867991650365e-06,5.97094372718137e-06,0.000976600850640998,0.504986744097967,0.00161692444006821,0.47111,0.34047,0.18843,0.00450802637525826,0.00278334263507271,0.0232525449810606,-1.00117631392045,-0.13577178030303,0.00171437883824513,0.00194657377835268,0.00243843954117,-1.6741759656175,-0.951691083938556,-0.223881089410989,12.4830883483935,8.85821066872371,2.83558589828014,0.02734375,-0.9921875,-0.12890625,0.01171875,-1.01171875,-0.142578125,-0.256682764544914,0.0420563512883938,0.0461144328220296,-9.11986541195736e-06,-1.92154717143464e-06,3.09918744986257e-06,0.00409120501893939,0.00898881392045459,0.0068655303030303,0,0,0,0.16965157909042,-1.43405769123275,0.186378370111055,0.0578482989888447,0.36767512499328,0.18111794079853,0.226193914609557,0.234266325020663,-1.68335606125885e-18,4.03719161977581e-17,8.41642737589955e-19,-0.0115337949810606,-0.0105424360795454,-0.0068063446969697,0.00171437883824513,0.00194657377835268,0.00243843954117
"Standing",2.95924102074725e-05,0.000539234163937332,0.000628011394559749,0.0771048845122184,0.252493372048984,0.0153571658178364,0.70291,0.17317,0.12392,0.0356312481168216,0.0229123487947835,-0.0481992779356061,-0.622122099905303,-0.784231474905303,0.0113908909184689,0.0249023078979613,0.0119817931436081,-0.0176766274957746,0.157483467062453,-0.265926460488101,4.19294353837982,5.21377628126749,3.26692225409907,-0.01171875,-0.546875,-0.751953125,-0.083984375,-0.734375,-0.8203125,-0.106933111849905,0.182232817520943,-0.175984229368534,-3.28006892042673e-07,5.6442024788202e-05,-4.47407769812005e-05,0.0364805279356061,0.075247099905303,0.032278349905303,0,0,0,-0.0613453863996085,-0.669452265954028,0.250573837203058,0.175033460396301,0.379067651806843,0.180480705582869,0.201055741527276,0.169030316329837,2.94201814475554e-18,-4.70973868756091e-17,-4.70975729661809e-17,-0.0357850970643939,-0.112252900094697,-0.036081025094697,0.0113908909184689,0.0249023078979613,0.0119817931436081
"Standing",6.10975289880937e-06,0.000206571560014874,0.000224900818711302,0.0275016795493072,0.504986744097967,0.00697802831487794,0.50327,0.34291,0.15382,0.023590284055039,0.0217078051141941,0.0418442234848485,-0.686893347537879,-0.706491181344697,0.0129591951722231,0.0130384448935444,0.0104374805627974,1.95341445149497,-1.38247497455749,2.36767360437772,12.7224785450725,8.40314639823967,11.6911585637439,0.115234375,-0.64453125,-0.64453125,0.00390625,-0.75,-0.724609375,-0.224630654529587,-0.00321375652145269,-0.432687192396885,-3.47063137110395e-05,4.87208062401787e-05,-6.3630152523334e-05,0.0733901515151515,0.0423620975378788,0.061959931344697,0,0,13,0.0591483830284498,-0.770343999286628,0.147749188078011,0.173290885469153,0.356743126818285,0.185553151094148,0.197690193807907,0.222982975862021,-2.65324087044636e-18,-3.36726397731666e-18,4.70954970937685e-17,-0.0379379734848485,-0.0631066524621212,-0.018118193655303,0.0129591951722231,0.0130384448935444,0.0104374805627974
"Standing",0.00329275237933784,0.154008505096878,0.163886762234892,17.7040239214807,2.01994697639187,0.161994563672894,0.4703,0.31326,0.21644,0.546045000340766,0.692714420207749,-0.0352524266098485,-0.538655598958333,-0.803562973484849,0.330766021528616,0.323502650111076,0.366621051942981,-1.2286064347429,-1.63172159237064,0.00195538571647839,12.9906962847496,11.9924294549742,14.3527199668612,1.5234375,0.697265625,0.986328125,-1.7265625,-2.43359375,-2.7265625,0.017453487069479,0.0261591561182138,0.350092414204593,0.00045833517611639,0.00142106788649733,-0.000614916749685317,1.55868992660985,1.23592122395833,1.78989109848485,22,20,28,-0.0512783878629937,-0.535032269279379,0.0692376784392046,0.199330667987003,0.0657214825960779,0.215638361839278,0.20644607255897,0.32069175121857,1.15776570057129e-18,3.90610527009574e-17,2.93933779883078e-17,-1.69131007339015,-1.89493815104167,-1.92299952651515,0.330766021528616,0.323502650111076,0.366621051942981
"Standing",2.150046e-06,2.22854e-05,2.873554e-05,0.005084673,0.2524934,0.00413947,0.54348,0.26124,0.19529,0.009077256,0.005783435,0.006221887,-0.9115693,-0.4289329,0.004437996,0.004010344,0.004134602,0.4731715,-0.09522654,-0.3450741,7.860861,7.703134,3.680314,0.03320312,-0.890625,-0.4179688,-0.005859375,-0.9277344,-0.4433594,0.2089969,-0.3904368,-0.3133431,-3.532093e-05,-1.490807e-05,3.08301e-05,0.02698124,0.02094431,0.01096413,0,0,0,0.01446544,-1.130927,0.3458556,0.1424464,0.5258996,0.1840461,0.2090358,0.1486762,1.022343e-19,4.710127e-17,2.018526e-17,-0.01208126,-0.01616507,-0.01442649,0.004437996,0.004010344,0.004134602
"Standing",1.14492690708951e-05,7.15935812950874e-05,0.000105941388507773,0.020273027830101,0.252493372048984,0.00955234029018847,0.69845,0.18331,0.11824,0.014692378328742,0.0112931300289174,0.025338837594697,-0.812433416193182,-0.598151929450758,0.0045555814411373,0.00806346438470073,0.00811841307738253,0.675121051564085,1.00730011231629,-0.514911203287943,5.11840407814794,6.98813336135091,3.34913560193581,0.041015625,-0.77734375,-0.578125,0.01171875,-0.841796875,-0.625,0.0150987585039965,0.153431413730205,-0.615902440604604,1.59143848766377e-05,-6.28009001477197e-05,8.62339672778783e-05,0.015676787405303,0.0350896661931818,0.0200269294507576,0,0,0,0.042357360426319,-0.935701514188594,0.0806331759759427,0.379153392282116,0.666420672086839,0.297229471987723,0.162004915432374,0.121899265883329,1.47078127185029e-18,-5.0460787869333e-17,-6.7346306252936e-18,-0.013620087594697,-0.0293634588068182,-0.0268480705492424,0.0045555814411373,0.00806346438470073,0.00811841307738253
"Standing",2.03529554263522e-06,8.8126564068371e-06,1.49185430347427e-05,0.00273859708730606,0.252493372048984,0.00402749161620203,0.5528,0.24797,0.19923,0.00674872840622128,0.00359291026315078,0.0184511126893939,-1.00554125236742,-0.104751124526515,0.0035711675301787,0.0023290872963385,0.00296807727528048,-0.563733913828699,-0.707389377627849,0.158949510398961,3.18700535048974,13.8356451482243,3.76371317351499,0.02734375,-0.994140625,-0.09375,0.00390625,-1.021484375,-0.11328125,0.0711146025766488,-0.338486581839696,-0.0373460674548183,3.26147124810048e-05,2.87818086435606e-06,-1.62455763016132e-05,0.00889263731060606,0.0114006273674243,0.0110011245265152,0,0,0,0.174003097756643,-1.46535782947349,0.556554819446033,0.0381566267833552,0.466571026997238,0.138701218566701,0.218115325036168,0.146885744096576,-5.28705773535227e-19,6.72862098268085e-17,4.20891954873915e-19,-0.0145448626893939,-0.0159431226325757,-0.00853012547348485,0.0035711675301787,0.0023290872963385,0.00296807727528048
"Standing",2.209401e-07,1.571617e-05,1.637899e-05,0.001247685,5.302361,0.001326961,0.58888,0.282,0.12912,0.006934636,0.003439744,-0.01219223,-0.9491596,-0.3326157,0.002094614,0.0039058,0.002858546,0.3822016,0.1297481,0.009499453,3.238581,3.1515,3.047443,-0.005859375,-0.9394531,-0.3242188,-0.015625,-0.9628906,-0.3398438,0.295971,-0.09968758,0.2148666,4.660882e-06,1.140063e-06,-2.116441e-06,0.00633286,0.009706439,0.008396958,0,0,0,-0.03664584,-1.233521,0.03356114,0.01774335,0.03974422,0.2451106,0.2246291,0.2683121,-4.208936e-19,5.382905e-17,2.354998e-17,-0.003432765,-0.01373106,-0.007228042,0.002094614,0.0039058,0.002858546
"Standing",0.000169223341796359,0.000584717080760481,0.00109238710614956,0.251332934826294,0.252493372048984,0.0367240895641599,0.82316,0.11481,0.06203,0.0460762185060836,0.0302678892957311,0.0410304214015152,-0.847515684185606,-0.529252485795455,0.0103405676870413,0.0217716200860781,0.0273155853611244,0.0612088756901609,-0.888846086347305,1.05647026333111,4.40071827545897,3.82745432355384,3.35289521484233,0.083984375,-0.798828125,-0.453125,0.0078125,-0.921875,-0.57421875,-0.183948905535169,-0.000515844766745787,-0.77698714369944,-2.17949433897044e-06,-0.000175225103168678,0.000261991524352861,0.0429539535984848,0.0486875591856061,0.0761274857954546,0,0,0,0.0775826021646312,-1.01104774866304,0.159716935214304,0.555444715172664,0.786516520976781,0.217111521675836,0.137034274376864,0.123048856695223,-4.19923000517586e-19,1.68327135796412e-17,4.03957199491795e-17,-0.0332179214015152,-0.0743593158143939,-0.0449662642045454,0.0103405676870413,0.0217716200860781,0.0273155853611244
"Standing",7.83444376388469e-07,4.48347558111435e-06,6.83380871027976e-06,0.0011150185171597,0.378740058073476,0.00249876254822849,0.58614,0.28642,0.12744,0.00461468376951331,0.0022142933108605,0.0533854166666667,-0.999141808712121,-0.136156486742424,0.00127835032902871,0.00183057125581311,0.00258337999611265,0.102653839665079,-1.08704518322589,-0.243110131446421,2.8608242008333,5.62598580007464,2.82995173153816,0.056640625,-0.994140625,-0.12890625,0.05078125,-1.005859375,-0.142578125,-0.128096787435141,-0.185929634625891,-0.123892668735964,-3.52209342329237e-06,-7.94859419932444e-07,7.70529588336187e-06,0.00325520833333334,0.00500118371212122,0.00725023674242425,0,0,0,0.373725907626068,-1.42544820545897,0.161065088757397,0.0613989316035487,0.429034629753809,0.199735738281817,0.265819561235049,0.219800822811345,2.31270916115686e-18,3.36422235900607e-18,1.17742454519424e-17,-0.00260416666666666,-0.00671756628787878,-0.00642163825757575,0.00127835032902871,0.00183057125581311,0.00258337999611265
"Standing",2.73871724116853e-06,1.52167079692725e-05,2.34328596927781e-05,0.00506819066064428,0.252493372048984,0.00467191036919564,0.66898,0.1843,0.14672,0.00762642404155188,0.00374925252683884,0.0235410748106061,-0.986557469223485,-0.219393643465909,0.00260890227277356,0.00261473967990895,0.00462433671563859,0.334554389977426,-0.0421147300976145,-0.31341746679289,3.85286869370313,4.22472872743507,2.48494013143086,0.033203125,-0.978515625,-0.20703125,0.015625,-0.99609375,-0.232421875,0.141702894559564,-0.194027775867379,-0.429705876154886,-1.35661102922475e-05,-1.37565453616134e-05,4.21141742185109e-05,0.00966205018939394,0.00804184422348486,0.0123623934659091,0,0,0,0.106877180416069,-1.35074254591117,0.196497779447636,0.245230178495632,0.72368764062107,0.266400615590884,0.170120858496387,0.125921624003363,5.24280958843968e-19,1.34569294414866e-17,-2.52514197629301e-18,-0.00791607481060606,-0.00953628077651514,-0.0130282315340909,0.00260890227277356,0.00261473967990895,0.00462433671563859
"Standing",4.89972685151515e-05,0.000276613399337511,0.000423605204882966,0.0706129862270688,0.252493372048984,0.0197609054045768,0.56907,0.29674,0.13418,0.0345383320958161,0.0224829509217883,-0.0966870857007576,-0.709184126420455,-0.704612038352273,0.0158937480987189,0.0181598172714813,0.0127273856729672,0.0215237604013442,-0.277192892227239,-0.0871982277697013,6.05238769482985,5.45101471267017,2.70691583176631,-0.041015625,-0.646484375,-0.669921875,-0.16796875,-0.794921875,-0.73828125,0.208823383237478,-0.36233522834124,-0.447483571410797,6.98489084338252e-05,0.000103904303613472,-0.000105380653080959,0.0556714607007576,0.0626997514204546,0.0346901633522727,0,0,42,-0.13648562159894,-0.783745968803948,0.161983659341705,0.288866979249413,0.591825954751226,0.212998854267353,0.164988698022152,0.115019680272411,-6.73447742141772e-18,4.0376007182407e-17,-2.01965573405875e-17,-0.0712816642992424,-0.0857377485795454,-0.0336692116477273,0.0158937480987189,0.0181598172714813,0.0127273856729672
"Standing",3.928985e-06,1.669113e-05,2.847809e-05,0.007587328,0.2524934,0.005595786,0.52639,0.3684,0.10521,0.009683236,0.00483289,-0.1429998,-0.9886364,-0.1670144,0.004606051,0.002791577,0.00500923,-1.13128,0.07912288,0.4412864,6.190173,4.579453,2.110036,-0.1328125,-0.9785156,-0.1542969,-0.1640625,-0.9980469,-0.1777344,-0.2948296,-0.2138317,-0.241208,2.340186e-05,5.476123e-06,-4.743489e-05,0.01018732,0.01012074,0.01271751,0,2,0,-0.7081448,-1.351898,0.1871549,0.06680818,0.6777513,0.321638,0.2284728,0.1013429,5.049471e-18,1.009349e-17,7.569111e-18,-0.02106268,-0.009410511,-0.01071999,0.004606051,0.002791577,0.00500923
"Standing",5.73148135691079e-07,1.31380467831872e-05,1.48574911902604e-05,0.00264936775595665,0.504986744097967,0.00213724518018047,0.55367,0.3089,0.13743,0.00639075637411042,0.00398273636154245,0.0440118963068182,-0.959820371685606,-0.305072206439394,0.00197047450299455,0.00372109099072958,0.00301750602566036,0.518854037446657,-1.97346402012845,-0.0713152952554788,9.80172500481225,9.2547226979676,2.92155532645707,0.056640625,-0.951171875,-0.294921875,0.03515625,-0.98046875,-0.314453125,-0.0527136871749111,0.172643922865971,-0.20830803411499,6.43848868283247e-06,-4.50866172576696e-06,6.85821012333032e-06,0.0126287286931818,0.00864849668560608,0.0101503314393939,0,0,0,0.143296698611764,-1.26005563781509,0.098242251868775,0.0469974205096,0.328475398901157,0.222126671075232,0.264564397681459,0.260169352255303,-1.89154649262793e-18,1.68213379913288e-17,-1.6822329404892e-17,-0.00885564630681818,-0.0206483783143939,-0.00938091856060608,0.00197047450299455,0.00372109099072958,0.00301750602566036
"Standing",0.000151250266157747,0.000269195903649377,0.000722946702122617,0.170003388967867,0.252493372048984,0.0347191415196755,0.87354,0.09765,0.02881,0.0416484513996499,0.0144804191992794,0.00966205018939394,-0.453006628787879,-0.877966678503788,0.0129304953831329,0.0230974539544535,0.0112655873990071,-0.269212727345912,0.232555247003797,-0.328904258880262,2.65214931692487,1.84713791265285,2.18697078577312,0.04296875,-0.38671875,-0.859375,-0.029296875,-0.486328125,-0.9140625,-0.66219366889607,0.687515241587803,-0.871238254610635,-0.000132973357127484,0.000194487069063908,-9.5489493792757e-05,0.0333066998106061,0.0662878787878788,0.0185916785037878,0,0,0,0.0111331828755965,-0.476238485415157,0.667292665641349,0.798430700817901,0.773218196576311,0.103402766161141,0.0811964594855288,0.0753804019189528,-4.85535969348459e-19,-3.34329037814286e-18,-3.36454416735686e-17,-0.0389589251893939,-0.0333214962121212,-0.0360958214962122,0.0129304953831329,0.0230974539544535,0.0112655873990071
"Standing",2.14816289406407e-07,1.40290772656218e-05,1.46735261338411e-05,0.00143547720051639,7.32230778942053,0.00130844210063869,0.48636,0.30262,0.21102,0.00633106634527089,0.00459114810222119,0.0879202178030303,-0.894116950757576,-0.4404296875,0.00308919348316914,0.00372009422738996,0.00260540409447072,-1.66550502626767,-1.18845433144903,-0.158879688042056,10.6664617697123,6.6412568272464,3.54552925706772,0.1015625,-0.880859375,-0.431640625,0.0703125,-0.91015625,-0.44921875,0.121356044177559,-0.0612721394998428,-0.181075906551472,-1.9006566354049e-05,-2.65972190518268e-06,8.61097704937552e-07,0.0136422821969697,0.0132575757575758,0.0087890625,0,0,0,0.197029062403833,-1.10529337496221,0.242658856434648,0.0648168016954147,0.192692307692308,0.197173856942042,0.238632621922751,0.228636613975968,-8.41835245077967e-19,4.37358744605541e-17,0,-0.0176077178030303,-0.0160392992424242,-0.0087890625,0.00308919348316914,0.00372009422738996,0.00260540409447072
"Standing",3.881321e-07,2.835862e-05,2.952302e-05,0.002483408,3.787401,0.001758777,0.57329,0.33291,0.0938,0.009322349,0.005000121,-0.03992809,-0.9492483,-0.3309585,0.002369684,0.00524955,0.004280709,-0.08806973,0.416401,0.5925369,2.591648,3.577904,4.522609,-0.03515625,-0.9296875,-0.3105469,-0.046875,-0.9609375,-0.3417969,0.3383997,0.04041022,0.1614911,4.39784e-06,-1.087582e-05,2.667811e-05,0.004771839,0.01956084,0.02041164,0,0,0,-0.1200736,-1.233062,0.09704279,0.05578693,0.2579965,0.2157386,0.2116747,0.1874398,-3.154105e-18,-2.691391e-17,-2.354791e-17,-0.006946911,-0.01168916,-0.01083836,0.002369684,0.00524955,0.004280709
"Standing",3.89639295415795e-06,2.31878891301218e-05,3.48770679925956e-05,0.00553017356089707,0.252493372048984,0.00557252825201464,0.61397,0.24748,0.13855,0.00975598492022498,0.00586204446835545,-0.0316790956439394,-0.946533203125,-0.355039654356061,0.00560928783788175,0.00379680285999842,0.00330539920942455,0.0550862617056784,0.702641169848223,-0.134602938166358,4.5244470115945,16.8896773741557,2.95442722866613,-0.005859375,-0.921875,-0.345703125,-0.05078125,-0.96875,-0.365234375,-0.13910432095524,0.452749525280139,-0.0320719488140806,4.87399134377712e-05,-1.32877821139471e-05,2.70940061893047e-05,0.0258197206439394,0.024658203125,0.00933652935606061,0,0,0,-0.0889125891778876,-1.21059740421767,0.423032965665344,0.0899635266004276,0.459170727693308,0.163914378527391,0.24275738182237,0.166923952008232,-1.68354856874686e-18,0,1.68353573491433e-18,-0.0191021543560606,-0.022216796875,-0.0101947206439394,0.00560928783788175,0.00379680285999842,0.00330539920942455
"Standing",1.205948e-05,0.0003017902,0.0003379686,0.03883281,0.6312334,0.009803591,0.78155,0.13144,0.087,0.02465534,0.01710344,0.1521366,-0.6638184,-0.7188906,0.006235956,0.01717237,0.009932504,-0.6660544,0.1208888,-0.4110901,7.931279,6.894714,2.714642,0.1816406,-0.5957031,-0.6972656,0.1191406,-0.7402344,-0.7480469,0.07022955,-0.1238827,-0.5926011,1.219931e-05,5.6093e-05,-4.604644e-05,0.02950402,0.06811523,0.02162494,0,0,4,0.2085593,-0.7345758,0.09833291,0.206276,0.4227505,0.2412153,0.1932146,0.2163867,5.887956e-18,0,-1.682515e-17,-0.03299598,-0.07641602,-0.02915631,0.006235956,0.01717237,0.009932504
"Standing",0.0002874595,0.003296887,0.004159265,0.7883714,0.2524934,0.04786403,0.65585,0.22638,0.11777,0.07855107,0.09000531,-0.001228101,-0.862031,-0.4998816,0.03956053,0.04928167,0.04845659,3.910849,3.390471,-2.327599,27.3828,20.07273,7.075684,0.3164062,-0.46875,-0.4023438,-0.1601562,-0.9824219,-0.6640625,0.2673187,-0.1831065,-0.6795956,0.0002045426,0.0002868952,-0.0003749609,0.3176344,0.393281,0.09753788,0,0,2,-0.004283561,-1.043253,0.2520014,0.3863624,0.6112409,0.186369,0.1707291,0.2068694,-1.469987e-19,2.693626e-17,-3.307638e-18,-0.1589281,-0.1203909,-0.1641809,0.03956053,0.04928167,0.04845659
"Standing",4.63856816014851e-05,0.00048756566497837,0.000626722709782825,0.120867334429653,0.378740058073476,0.0192270597361293,0.61776,0.29984,0.0824,0.040994551337236,0.026904917737039,-0.0689364346590909,-0.718069365530303,-0.685354521780303,0.019334558908366,0.0204228310487963,0.0149530614773533,0.275377619364427,-0.0987424353450708,-0.612436658824158,4.94388450409272,4.26612056730248,3.36217909926611,0.01171875,-0.654296875,-0.646484375,-0.150390625,-0.796875,-0.73046875,0.236565955400821,-0.387876518675668,-0.679007617921181,0.000166100142504027,5.6231208708074e-05,-6.26474056603779e-05,0.0806551846590909,0.063772490530303,0.038870146780303,0,0,15,-0.100443627912285,-0.805872441105289,0.418096303463734,0.311742110816537,0.57575543427223,0.158334101393352,0.181374263385337,0.193093488754547,2.53563162910335e-18,-4.71027963360223e-17,-4.71026872484457e-17,-0.0814541903409091,-0.078805634469697,-0.045114228219697,0.019334558908366,0.0204228310487963,0.0149530614773533
"Standing",0.0009572015,0.003344252,0.006215857,1.441285,0.2524934,0.08734189,0.81033,0.12747,0.06221,0.102521,0.08372836,-0.03128699,-0.8527906,-0.5377234,0.03143347,0.04663856,0.06713861,3.384248,-0.6649116,1.130029,20.40723,3.347328,3.500874,0.1660156,-0.7460938,-0.3671875,-0.1269531,-1.015625,-0.6152344,-0.08180406,0.09506193,-0.8354034,2.290125e-05,0.0001508819,-0.0003059769,0.1973026,0.1066969,0.1705359,0,0,0,-0.05895363,-1.006322,0.2345896,0.6205075,0.7592825,0.2199559,0.1260239,0.1453943,7.649863e-19,-6.733938e-18,-3.323398e-18,-0.09566613,-0.1628344,-0.07751095,0.03143347,0.04663856,0.06713861
"Standing",4.75011721441523e-05,0.000182386151705339,0.000324889668137796,0.0690770252524057,0.252493372048984,0.0194568740473465,0.89752,0.05461,0.04788,0.0242349363665059,0.0150127671647123,0.0476814038825758,-0.593335700757576,-0.802408854166667,0.00475678953813702,0.0153997139226448,0.0101098340982774,0.0364309272525904,0.79690944351479,-0.930190181966221,2.8159252685646,3.48908144860783,2.82397992748261,0.060546875,-0.541015625,-0.787109375,0.029296875,-0.6328125,-0.828125,0.414599980220491,-0.360776349455201,-0.868877560005197,-3.66800872225735e-05,-0.000135615245648248,9.57155956309573e-05,0.0128654711174242,0.0523200757575758,0.0152994791666666,0,0,0,0.059333804781058,-0.635838766078117,0.497890764462458,0.644428661113033,0.741310312204352,0.137918054306506,0.131398978064153,0.11228086049804,-2.09787280982142e-18,4.37491137619849e-17,-3.70048256777093e-17,-0.0183845288825758,-0.0394767992424242,-0.0257161458333334,0.00475678953813702,0.0153997139226448,0.0101098340982774
"Standing",7.05773575963097e-06,3.36422655305243e-05,5.48154728094172e-05,0.0121540476255726,0.252493372048984,0.00749986768526305,0.765,0.14686,0.08814,0.0118528143652433,0.00555466009360425,-0.0463645241477273,-0.899887547348485,-0.454656427556818,0.00580211784692227,0.00377498382895494,0.00487231997322412,0.398797372907102,-0.468361838859581,-0.18791419605485,3.01248337788907,4.99140990150322,2.63057431809328,-0.025390625,-0.890625,-0.443359375,-0.0625,-0.916015625,-0.466796875,0.534562531405427,-0.665920607300743,-0.63456720137913,-6.65344465577288e-05,-2.65080521297356e-05,4.94449690290154e-05,0.0209738991477273,0.00926254734848486,0.0112970525568182,0,0,0,-0.101709022812122,-1.10084307764755,0.711945279621846,0.352940203341169,0.653468209369453,0.0910159663226072,0.170167318784725,0.169117587998086,-6.25387846702225e-19,1.34568990613987e-17,-5.05041750465583e-18,-0.0161354758522727,-0.0161280776515151,-0.0121404474431818,0.00580211784692227,0.00377498382895494,0.00487231997322412
"Standing",0.00105348142258421,0.0893752332586999,0.0925356775264526,8.41476826732494,0.252493372048984,0.0916292949945673,0.66686,0.19356,0.13958,0.295862119059917,0.471969166531463,-0.0453065814393939,-0.644915956439394,-0.749778053977273,0.221249459098384,0.260314558792068,0.148484033858696,-3.5598559231773,0.900491273584796,2.82316888699699,38.724380051975,18.1573658498476,29.8056150969057,1.140625,1.267578125,0.556640625,-1.91015625,-1.861328125,-1.28125,-0.552394394855851,-0.229679797404117,0.125273486351249,-3.48566236654512e-05,-0.000976279713475599,0.000567766555087427,1.18593158143939,1.91249408143939,1.30641867897727,6,4,23,-0.0588711579536773,-0.684639695008823,0.020480620618806,0.218475083727158,0.24780761000937,0.263442140841475,0.224559726612538,0.183711038177076,-2.73309137224481e-18,-1.52806797097881e-17,-2.00982951017898e-17,-1.86484966856061,-1.21641216856061,-0.531471946022727,0.221249459098384,0.260314558792068,0.148484033858696
"Standing",1.29115413779848e-06,1.57503452685139e-05,1.96238076819093e-05,0.00343826948439569,0.504986744097967,0.0032078196987088,0.50946,0.27267,0.21787,0.00790531379132231,0.00448737593550713,0.0278098366477273,-0.973048354640151,-0.267245205965909,0.00331133614969154,0.00316896981068022,0.00418470722806446,1.44321029106774,-0.508256968539477,0.0450477617108948,7.77079689311602,7.25948106148772,2.40827498731335,0.04296875,-0.9609375,-0.255859375,0.01953125,-0.98828125,-0.27734375,-0.155297626910332,0.151003152151125,-0.261370818204727,7.17475269681518e-06,-5.78884396461541e-06,2.41763371165916e-05,0.0151589133522727,0.0121108546401515,0.0113858309659091,0,0,0,0.103724710484198,-1.30135810890725,0.172281452632298,0.079459677222817,0.457708486816491,0.273485167849563,0.233604010786263,0.229551073229755,6.30557675398523e-19,-2.35501629116297e-17,2.52303875177502e-17,-0.00827858664772727,-0.0152328953598485,-0.0100985440340909,0.00331133614969154,0.00316896981068022,0.00418470722806446
"Standing",0.000474151608805662,0.00389891720560416,0.00532137203202115,1.09655777061572,0.252493372048984,0.0614723079107611,0.90462,0.05687,0.03851,0.092255339259068,0.0690979165983829,-0.0614346590909091,-0.767385771780303,-0.646380800189394,0.0172156356535994,0.0533344790499013,0.052359284462256,-0.538159037571842,1.53210084940184,-1.4705048795917,4.98843042938367,4.82248075292187,4.20100816798874,-0.017578125,-0.578125,-0.578125,-0.150390625,-0.857421875,-0.80078125,-0.170752091270063,0.0879923568933191,-0.903198313043428,0.000107488176975654,-0.000525758744268859,0.000547617378317214,0.0438565340909091,0.189260771780303,0.0682558001893939,0,0,3,-0.0950357455320427,-0.868104689497033,0.434231239645889,0.645764344437349,0.716084943468558,0.163432476254428,0.148316944640397,0.145697493011754,-2.52736022403509e-18,-4.70643076722523e-17,-1.67542346936949e-17,-0.0889559659090909,-0.090036103219697,-0.154400449810606,0.0172156356535994,0.0533344790499013,0.052359284462256
"Standing",1.64552906746006e-05,0.000294621318724506,0.000343987190748307,0.0652507248721056,0.252493372048984,0.0114517981219041,0.53197,0.29783,0.1702,0.0289709057908632,0.0197205465105535,0.00701349431818182,-0.773444898200758,-0.621914950284091,0.0140779105691532,0.0181289436136868,0.0109445590655563,0.962550688815755,1.56396981310135,-2.2790092039343,4.54069418406451,10.1137227609089,8.98585167919982,0.056640625,-0.681640625,-0.607421875,-0.037109375,-0.84375,-0.671875,0.108582874964194,-0.0722428378796728,-0.228257441624203,-0.00012014351084922,-4.66451276748067e-05,4.7736785564052e-05,0.0496271306818182,0.0918042732007576,0.0144930752840909,0,0,0,0.0112416077182569,-0.893299773385362,0.515651615353816,0.165955463629563,0.509803185188807,0.168878070441232,0.228883574841215,0.161122660246,4.98594393951963e-19,-6.73229486777238e-18,3.02714784356691e-17,-0.0441228693181818,-0.0703051017992424,-0.0499600497159091,0.0140779105691532,0.0181289436136868,0.0109445590655563
"Standing",4.224534e-07,1.945872e-05,2.072608e-05,0.002687739,1.388714,0.001834891,0.53036,0.34845,0.12118,0.008078891,0.004041029,-0.02431789,-0.9431226,-0.34557,0.00221207,0.00453213,0.00369398,0.1452193,0.2532393,0.1044443,6.255281,3.970454,2.742203,-0.01367188,-0.9257812,-0.3359375,-0.03515625,-0.9570312,-0.3535156,0.1149096,0.09072933,-0.05387296,7.197681e-06,-1.514309e-05,3.141988e-05,0.01064601,0.01734138,0.009632457,0,0,0,-0.07025355,-1.21877,0.08469418,0.06503171,0.3575259,0.2419694,0.2153867,0.1914763,7.355635e-19,-6.729347e-18,1.009352e-17,-0.01083836,-0.01390862,-0.007945668,0.00221207,0.00453213,0.00369398
"Standing",9.67641845943967e-07,2.17668915950715e-05,2.46698171329034e-05,0.00195194930925621,1.26246686024492,0.00277701499588526,0.57252,0.34026,0.08722,0.00711247327680212,0.00609129056473155,0.0323893229166667,-0.490182587594697,-0.86501982717803,0.00382400394676782,0.00496684521591372,0.00194871767592522,-1.46217938748946,-1.18190429894138,0.19319078903259,8.86615866822558,14.606210654893,6.13091801751445,0.04296875,-0.470703125,-0.85546875,0.009765625,-0.5234375,-0.873046875,-0.00235464722301434,-0.0874268019699601,-0.00414942796080657,1.7867777377404e-05,-5.1366516200479e-06,3.44120628680787e-06,0.0105794270833333,0.019479462594697,0.00955107717803028,0,0,0,0.0374246014712531,-0.515239583802009,0.188702264837163,0.0162796626555298,0.0415013632615157,0.195123054512785,0.228499265777179,0.219496556511743,2.31195136345144e-18,-8.41131986147606e-18,-2.69140483825318e-17,-0.0226236979166667,-0.033254912405303,-0.00802704782196972,0.00382400394676782,0.00496684521591372,0.00194871767592522
"Standing",1.57511207777502e-06,2.54635649051016e-05,3.01889011384266e-05,0.00615708742761035,0.252493372048984,0.00354304472920914,0.54962,0.30557,0.14481,0.0086381840421258,0.00650088522575513,0.0452030066287879,-0.973802971117424,-0.260971531723485,0.00386243079088555,0.00350710784600286,0.00526392576050157,-0.800404922392262,-1.14878940959836,0.817225263018507,15.3820920641146,7.00824261196325,3.59170994274332,0.0625,-0.962890625,-0.244140625,0.025390625,-0.990234375,-0.271484375,-0.385143107469232,0.128741902084936,-0.261396183737908,-5.29396754690879e-06,1.09095729199925e-05,-4.20148167910193e-05,0.0172969933712121,0.0109123461174242,0.0168309067234849,0,0,0,0.171574770287175,-1.30520827966669,0.0739727311564152,0.085229237129662,0.46344338223962,0.369979346456231,0.23661170597309,0.194195521606721,-1.05146316595519e-18,-4.37368309821351e-17,1.34632582254193e-17,-0.0198123816287879,-0.0164314038825758,-0.0105128432765151,0.00386243079088555,0.00350710784600286,0.00526392576050157
"Standing",2.45924565347476e-06,2.12293980737381e-05,2.86071350341624e-05,0.00501972400605514,0.252493372048984,0.00442712577551601,0.63753,0.23137,0.1311,0.00864104243787305,0.00458530256233683,0.0408750591856061,-0.952052260890151,-0.327777284564394,0.00258200789166165,0.00405090954460906,0.00466851291569768,-0.451233594268063,-1.27277108592023,0.113522767152019,3.62384293673219,6.78414574925982,2.53104266703953,0.046875,-0.94140625,-0.31640625,0.03125,-0.970703125,-0.33984375,0.201680989600617,-0.290734419306697,-0.440093199219969,-1.14840626610099e-05,-1.58048369437589e-05,3.76978639477843e-05,0.00599994081439394,0.0106460108901515,0.0113710345643939,0,0,0,0.124049414842251,-1.23682654873186,0.167792381176425,0.167074076790863,0.55063278062262,0.232222216881204,0.221760784305695,0.163694510825419,-2.94533764561979e-18,-2.35490888802695e-17,-1.68159445732063e-17,-0.00962505918560606,-0.0186508641098485,-0.0120664654356061,0.00258200789166165,0.00405090954460906,0.00466851291569768
"Standing",4.03500777374134e-07,7.74967462932254e-06,8.96017696144494e-06,0.00104932223040246,0.378740058073476,0.00179325930158162,0.50207,0.28246,0.21547,0.00531151581511137,0.00323798539353599,0.0225423177083333,-1.00212328361742,-0.127885298295455,0.00225808646958692,0.00206149918611729,0.00291507972072733,0.896778842902125,-0.622828155877689,0.279060411590738,15.2168869073163,5.56818388855863,3.15393130869371,0.0390625,-0.994140625,-0.119140625,0.013671875,-1.009765625,-0.134765625,-0.082700623540345,0.0820804260335021,-0.214758229826821,-9.6383073733606e-06,-1.37508132022622e-06,-5.87610016696131e-06,0.0165201822916667,0.00798265861742431,0.00874467329545456,0,0,0,0.174538719536553,-1.44191178540967,0.128555173639919,0.0480112027699,0.296510484627483,0.187795937570122,0.217574140575561,0.223546973409983,1.15603553952278e-18,6.72860498049591e-17,1.26158306378146e-17,-0.00887044270833333,-0.00764234138257569,-0.00688032670454544,0.00225808646958692,0.00206149918611729,0.00291507972072733
"Standing",1.974175e-06,1.029786e-05,1.622038e-05,0.002712817,1.262467,0.003966557,0.51312,0.32703,0.15984,0.007614206,0.003910962,-0.02402196,-0.9618697,-0.292806,0.002541603,0.003384763,0.003700637,0.1726789,0.260308,0.2967191,3.305117,4.495483,2.462175,-0.01757812,-0.9472656,-0.2832031,-0.03125,-0.9726562,-0.3007812,0.3124159,-0.2535514,-0.1708015,3.324015e-06,4.054547e-06,-6.072267e-06,0.006443833,0.01460405,0.009602865,0,0,0,-0.08189114,-1.274348,0.004135217,-0.006072185,-0.03880671,0.2803395,0.2452033,0.3997688,-7.362906e-19,4.037156e-17,-1.850364e-17,-0.007228042,-0.01078658,-0.00797526,0.002541603,0.003384763,0.003700637
"Standing",2.62874e-07,1.682531e-05,1.761393e-05,0.001790736,0.5049867,0.001447421,0.4481,0.31381,0.23809,0.007966013,0.00492208,0.002863104,-0.9383878,-0.3654785,0.003543514,0.004025938,0.003246998,-0.1592866,-0.9079541,-0.343174,6.225465,4.746818,3.987297,0.01367188,-0.9296875,-0.3574219,-0.01367188,-0.953125,-0.3789062,0.07616187,-0.01969737,-0.2163664,-1.873461e-05,2.152744e-07,4.006779e-06,0.01080877,0.008700284,0.008056641,0,0,0,0.007832078,-1.199366,0.1880618,0.05619649,0.1949751,0.2256253,0.2159951,0.2754796,1.656723e-19,-3.027852e-17,0,-0.01653498,-0.01473722,-0.01342773,0.003543514,0.004025938,0.003246998
"Standing",8.292359e-07,1.514672e-05,1.763442e-05,0.002837251,0.5049867,0.002570751,0.55354,0.26573,0.18073,0.007334587,0.004008803,0.0005844579,-0.8318833,-0.5510624,0.003679398,0.003479056,0.002493119,0.397739,0.160572,-0.1797996,4.320771,3.263038,3.105374,0.01367188,-0.8203125,-0.5449219,-0.01367188,-0.8417969,-0.5585938,0.3524096,-0.1907373,-0.06040353,-3.745074e-05,-5.459563e-06,5.192062e-06,0.01308742,0.01157079,0.006140507,0,0,0,0.001054843,-0.9857209,0.5420637,0.1282086,0.2353983,0.1330305,0.2139052,0.2013245,-7.265553e-20,2.35503e-17,-3.364266e-17,-0.01425633,-0.009913589,-0.007531368,0.003679398,0.003479056,0.002493119
"Standing",1.40897096742159e-06,7.14582908460279e-06,1.13727419868676e-05,0.00182932921264661,0.378740058073476,0.00335098069965359,0.63679,0.20042,0.16279,0.005575272881514,0.00277679731741429,0.0152254971590909,-0.998794093276515,-0.153327710700758,0.00190787403664445,0.00173007434042119,0.0033505922715659,0.565050787609269,-0.522741311201027,-0.0795717909076658,7.3428196849355,4.2910994236869,2.4364636162486,0.0234375,-0.994140625,-0.14453125,0.005859375,-1.005859375,-0.162109375,-0.0512335624913707,0.117523494878451,-0.132321550883632,6.27480369010419e-06,1.73875498119604e-07,4.26090506362483e-07,0.00821200284090909,0.00465346827651514,0.00879646070075757,0,0,0,0.0990376003028211,-1.41772333666616,0.121118374471028,0.0663690262636644,0.42898433721807,0.213330027210726,0.211824321503627,0.2229325665984,-7.88408601824175e-19,-1.34571557380494e-17,-6.72842065457614e-18,-0.00936612215909091,-0.00706528172348486,-0.00878166429924243,0.00190787403664445,0.00173007434042119,0.0033505922715659
"Standing",1.646844e-06,1.3538e-05,1.847854e-05,0.003093036,1.262467,0.003622823,0.49437,0.38986,0.11578,0.008001378,0.004212137,-0.03745709,-0.9525109,-0.3221768,0.002452358,0.003706,0.004198765,0.5579775,0.3031763,0.113586,8.713524,3.399297,2.561689,-0.02539062,-0.9414062,-0.3105469,-0.05078125,-0.9628906,-0.3320312,0.3092546,-0.3125252,0.02910794,1.087136e-05,6.248691e-06,-2.787995e-05,0.01206647,0.0111047,0.01162997,0,0,0,-0.1157851,-1.242585,0.1818477,0.02087671,0.1906782,0.2238414,0.2347008,0.2730299,2.944952e-18,3.364466e-18,2.52302e-17,-0.01332416,-0.01037968,-0.009854403,0.002452358,0.003706,0.004198765
"Standing",0.00152417376100227,0.00400827246566844,0.00858079374867524,1.92202551269507,0.252493372048984,0.110214350265069,0.70768,0.20885,0.08347,0.153674921713585,0.0770968286947041,0.0286976207386364,-0.562440814393939,-0.802053740530303,0.0584155127985231,0.0770602118377488,0.0526742341017307,-1.90122270547573,0.50489910057378,-0.522197615717391,13.1533137468797,2.0519232555783,2.46375088472605,0.2734375,-0.34375,-0.693359375,-0.32421875,-0.6875,-0.962890625,-0.433751662916976,0.305111235380576,-0.719819011496049,0.000298457610962375,-0.00085653363233635,0.000555261531168272,0.244739879261364,0.218690814393939,0.108694365530303,0,0,0,0.0374222659945898,-0.609466022185328,0.344316661018184,0.746428286089206,0.652899965448436,0.184980153077357,0.0897438365384223,0.0914497711176551,-1.56951354976462e-18,5.38760182957461e-17,-4.70538095972394e-17,-0.352916370738636,-0.125059185606061,-0.160836884469697,0.0584155127985231,0.0770602118377488,0.0526742341017307
"Standing",1.106283e-06,9.4007e-06,1.271955e-05,0.002286,0.3787401,0.0029693,0.51399,0.27765,0.20835,0.006418668,0.003305026,-0.09545159,-0.9533469,-0.3291386,0.00229023,0.00275317,0.003452733,0.1174739,-0.1896698,-0.1217404,4.199791,8.156873,2.464948,-0.0859375,-0.9414062,-0.3222656,-0.1035156,-0.9667969,-0.3378906,0.07099687,-0.06852093,-0.2038033,-1.288589e-05,-5.669742e-06,2.557753e-05,0.009514086,0.0119407,0.006872929,0,0,0,-0.2822805,-1.225701,0.4114989,0.09654439,0.4782966,0.162462,0.2199613,0.1841598,6.730423e-18,2.018543e-17,2.18645e-17,-0.008064039,-0.01344993,-0.008752071,0.00229023,0.00275317,0.003452733
"Standing",0.00456671119829552,0.0432189745070951,0.0569191081019817,12.3464287288788,0.252493372048984,0.190775534066968,0.81708,0.13923,0.0437,0.301650370448089,0.26594195454384,-0.051321318655303,-0.709768584280303,-0.642526337594697,0.110270372984115,0.202695011603642,0.128128347148131,2.60239060337381,2.05679996472796,-1.68014023981599,12.8023376223393,5.96702504520099,5.30193364780814,0.5703125,-0.076171875,-0.431640625,-0.2890625,-0.923828125,-1.1328125,0.403680040839561,-0.379426448036591,-0.86846674692143,0.000314973872563246,0.00178720191752702,-0.00122708779507627,0.621633818655303,0.633596709280303,0.210885712594697,0,0,3,-0.0908556281513277,-0.820301382616478,0.364494419065708,0.653088122949453,0.662790540180202,0.223337052507874,0.186331113879573,0.168045847341612,3.66539390708511e-18,-4.72321998694642e-17,4.71660799642482e-17,-0.237741181344697,-0.214059540719697,-0.490286162405303,0.110270372984115,0.202695011603642,0.128128347148131
"Standing",8.12261024080606e-06,0.000123287123725645,0.000147654954448064,0.0185178537941584,0.252493372048984,0.00804579034167444,0.737,0.15099,0.11201,0.0184216319803145,0.00972075800052766,0.101177793560606,-0.546616062973485,-0.829796993371212,0.00570733811003674,0.0115431381020753,0.00587609788712838,-0.0303730543282497,0.116789176105825,-0.132721181326197,3.26844870395731,3.02610849747565,2.85257062479176,0.12109375,-0.509765625,-0.814453125,0.083984375,-0.578125,-0.845703125,0.401336110578259,-0.329784457590893,-0.413149330054073,-1.96218181165988e-05,-7.34881926690311e-05,4.24663835608418e-05,0.0199159564393939,0.0368504379734849,0.0153438683712122,0,0,0,0.121316896294979,-0.579065079083317,0.167275352363195,0.21987134176693,0.293535250670471,0.199518621384507,0.206206245109433,0.176460770615708,-2.94530360588428e-18,1.34664891427598e-17,3.36474702212236e-17,-0.0171934185606061,-0.0315089370265151,-0.0159061316287878,0.00570733811003674,0.0115431381020753,0.00587609788712838
"Standing",8.88641637939334e-07,6.64869562250802e-06,9.31462053632603e-06,0.00129011160284782,0.504986744097967,0.00266124117077571,0.46391,0.28944,0.24665,0.00607935937858699,0.00307876047203179,0.0472671046401515,-1.00445371685606,-0.100911458333333,0.00233643555899073,0.00233301160495394,0.00302928156184484,0.142850659518466,-0.855233849072091,0.0710184774222004,4.43584379759158,5.07020407384215,2.42204927598348,0.056640625,-1,-0.091796875,0.041015625,-1.01171875,-0.107421875,-0.0669062893483305,-0.0607966476439056,-0.0889344219471294,1.60736115232606e-05,1.83429096915008e-07,1.15878784346077e-05,0.00937352035984849,0.00445371685606055,0.00911458333333333,0,0,0,0.43813886902055,-1.46028369100423,0.36660069225554,0.0415509640760983,0.355237091675449,0.15761175348279,0.226807194102517,0.225737857941162,2.73294488607815e-18,-5.38290398512262e-17,-4.62534212143305e-18,-0.00625147964015151,-0.00726503314393945,-0.00651041666666667,0.00233643555899073,0.00233301160495394,0.00302928156184484
"Standing",0.000293535557938503,0.00412007913324881,0.00500068580706432,0.933766411965633,0.252493372048984,0.0483672352590139,0.96834,0.02199,0.00968,0.0635586152720385,0.101118970233978,0.0829116358901515,-0.850719105113636,-0.500532670454545,0.0304910398449795,0.0375085959069307,0.0531752737182261,-3.56120587027967,4.40040334502915,-3.53412300053992,15.9344713629423,24.5445936844314,15.4470373221611,0.123046875,-0.58203125,-0.46875,-0.078125,-0.88671875,-0.771484375,-0.933074089776349,0.963071207051791,-0.939926804084306,-0.000219743599751188,0.000182796011762289,-0.000310458841771615,0.0401352391098485,0.268687855113636,0.0317826704545454,0,0,2,0.169574970323729,-1.03207575872566,0.447648494846046,0.341549832598588,0.478198377091219,0.261444783684564,0.281793430053898,0.267835601421972,-4.20826502327991e-18,-1.00810267909097e-17,-4.03976706917247e-17,-0.161036635890152,-0.0359996448863636,-0.270951704545455,0.0304910398449795,0.0375085959069307,0.0531752737182261
"Standing",0.00249780235704754,0.152842551737433,0.160335958808576,16.0986772137579,2.14619366241636,0.14109120410523,0.73941,0.1763,0.08429,0.233222225809229,0.641164998146689,0.0437973484848485,-0.489612926136364,-0.874134410511364,0.136354293646773,0.293872952941628,0.334500261768676,2.65414806488875,-5.68785840976522,-0.984484453909727,30.8618668060345,49.8398433792976,19.7223745037212,1.08984375,0.578125,0.888671875,-0.78125,-3.150390625,-2.935546875,-0.0490113426629279,-0.109274045976743,0.607076087897501,0.000114292886945718,-0.000201680292051731,3.53234761933494e-05,1.04604640151515,1.06773792613636,1.76280628551136,8,4,8,0.0382911333372374,-0.482882283692495,0.036712560989524,0.0290839053273026,0.0312454041044391,0.240980797952545,0.250983373799028,0.330845746411016,-2.88477123050787e-18,1.17803497440701e-17,1.38777878078145e-17,-0.825047348484849,-2.66077769886364,-2.06141246448864,0.136354293646773,0.293872952941628,0.334500261768676
"Standing",0.000136650658152817,0.00163318520826676,0.00204313718272521,0.225718054597556,0.252493372048984,0.0330009747763245,0.51196,0.36572,0.12233,0.0640300263824323,0.0677789445194164,-0.0167273319128788,-0.811175722064394,-0.568359375,0.0380903464483939,0.0410457847198314,0.0292441005181736,-6.37332547102462,2.68928179841479,0.498112046965977,82.3829791914676,26.5544955850005,2.88521065392934,0.12890625,-0.482421875,-0.4765625,-0.474609375,-0.9765625,-0.654296875,-0.119685992742551,-0.0901197520214935,-0.519572018250654,-7.50498876191065e-05,-0.000154179161924684,0.0002028037952703,0.145633581912879,0.328753847064394,0.091796875,0,0,2,-0.0293074090953099,-0.957884797192838,0.0896262002311514,0.1922930921951,0.679479664868899,0.205786756234187,0.17698150596329,0.113481028788339,-2.39947749974849e-19,-1.68314045287227e-17,0,-0.457882043087121,-0.165386777935606,-0.0859375,0.0380903464483939,0.0410457847198314,0.0292441005181736
"Standing",3.72701e-07,2.236018e-05,2.347829e-05,0.002710815,8.079788,0.00172346,0.54446,0.36523,0.09031,0.008643396,0.004321735,-0.03194543,-0.9435147,-0.3446156,0.002080877,0.004774037,0.004000083,-0.1045762,0.2050614,0.2495177,3.535163,3.758057,2.418918,-0.02539062,-0.9238281,-0.3339844,-0.0390625,-0.9550781,-0.3535156,0.265035,-0.08130649,0.0863543,-1.668695e-07,-1.371833e-05,3.431462e-05,0.006554806,0.01968661,0.01063121,0,0,0,-0.09244919,-1.219216,0.02396949,0.06311215,0.485293,0.2601043,0.2223364,0.133393,-1.051393e-18,-3.028012e-17,-1.009608e-17,-0.007117069,-0.01156339,-0.008900036,0.002080877,0.004774037,0.004000083
"Standing",0.000327628170508203,0.00255720948808727,0.00354009399961188,0.866009491946221,0.252493372048984,0.0510988966386417,0.65199,0.24671,0.1013,0.0985587744454488,0.05691402187756,-0.00914417613636364,-0.757575757575758,-0.640277284564394,0.0401344989614619,0.0465757727387806,0.040615057599865,-1.47176583255424,0.519552903153712,-0.58429564204125,5.19475561315406,3.53552576626234,3.12751001929446,0.056640625,-0.6171875,-0.5390625,-0.173828125,-0.884765625,-0.75390625,0.283836313445215,-0.306095735559871,-0.703956366529518,0.000237320310818567,-0.000184708005334935,0.000182162289708731,0.0657848011363636,0.140388257575758,0.101214784564394,0,0,13,-0.0154292186278622,-0.867572214864096,0.636999389616152,0.402873611142936,0.580100432149412,0.137349629330647,0.181826038350793,0.188090154907473,-1.44276661965729e-18,-6.73404026899703e-18,-1.68084833038167e-17,-0.164683948863636,-0.127189867424242,-0.113628965435606,0.0401344989614619,0.0465757727387806,0.040615057599865
"Standing",1.82659148309915e-05,0.000479680687626596,0.000534478432119571,0.0597088192283826,6.81732104532256,0.0120653970542745,0.61315,0.32621,0.06064,0.0352086539220328,0.0268111663811615,-0.101621685606061,-0.928378018465909,-0.390306877367424,0.00976024505425589,0.0210731144915648,0.0182306680457721,1.09349026779922,-1.09819781318896,0.882137314644438,5.74634508716345,6.41819602947356,4.98919729727165,-0.0546875,-0.861328125,-0.310546875,-0.125,-1.01953125,-0.431640625,0.027246525336414,0.575525228561723,0.326888130335236,7.13692044557779e-05,-6.86744526883373e-05,0.000132826231706005,0.0469341856060606,0.0670498934659091,0.0797600023674243,0,0,0,-0.25450396652341,-1.16095438728497,0.315817383192623,0.0893738294670507,0.351769836740555,0.17047774262295,0.268820530315277,0.174051761730206,1.68356781949566e-18,-3.02717511546105e-17,1.17653004711948e-17,-0.0233783143939394,-0.0911532315340909,-0.0413337476325757,0.00976024505425589,0.0210731144915648,0.0182306680457721
"Standing",3.954695e-07,2.376923e-05,2.495564e-05,0.002366797,10.35223,0.001775323,0.61444,0.25064,0.13491,0.008028897,0.004682524,-0.0234301,-0.9118356,-0.4170884,0.002399636,0.004777811,0.003468356,0.3748507,0.9052545,0.007687562,2.931697,5.440462,2.799006,-0.015625,-0.8925781,-0.4082031,-0.02929688,-0.9257812,-0.4257812,0.09850168,-0.0809521,0.3136355,-2.410373e-05,4.464715e-07,1.799261e-06,0.007805102,0.01925752,0.008885239,0,0,0,-0.05612215,-1.141189,0.5322365,0.03403797,0.2795566,0.119126,0.2228311,0.1685365,-2.062132e-19,2.6914e-17,2.355037e-17,-0.005866773,-0.01394561,-0.008692886,0.002399636,0.004777811,0.003468356
"Standing",0.0113725684544469,0.407743460725348,0.441861166088689,78.5869616138663,13.8871354626941,0.301058008279263,0.52601,0.26006,0.21393,0.620661908054264,1.28504914508382,-0.128787878787879,-0.681329900568182,-0.675877426609849,0.424536081486456,0.641019032665126,0.498890306901682,-2.01735266720008,0.150878031291282,0.444497645148603,18.7223949839088,13.5218778096331,20.1530435176486,1.822265625,2.328125,2.36328125,-2.8203125,-3.478515625,-3.759765625,0.0341397719395008,0.0267469586766568,0.239682425923291,0.00055878617221791,-0.00110384955512329,0.000359251618456066,1.95105350378788,3.00945490056818,3.03915867660985,30,20,30,-0.14636844379613,-0.709192309805549,0.0389989670611218,0.0441298943076058,0.0392438137221333,0.283655078692597,0.408741837261637,0.369338465884413,1.6384183966405e-18,-5.87867559766156e-17,2.98166121176192e-17,-2.69152462121212,-2.79718572443182,-3.08388819839015,0.424536081486456,0.641019032665126,0.498890306901682
"Standing",2.468278e-07,1.849065e-05,1.923114e-05,0.001507997,5.302361,0.001402549,0.60432,0.28627,0.10941,0.007222437,0.00351633,-0.01432292,-0.9490338,-0.3319647,0.001951887,0.004333367,0.003038906,0.1085655,0.388911,-0.4208549,3.426782,3.270082,3.996881,-0.0078125,-0.9335938,-0.3222656,-0.02148438,-0.9589844,-0.3417969,0.2269308,-0.08558555,0.1158141,4.543692e-06,-5.89457e-06,8.888031e-06,0.006510417,0.01544004,0.009699041,0,0,0,-0.04312587,-1.23401,0.04020305,0.02867618,0.1646985,0.2340824,0.2161497,0.2257722,-5.78193e-19,-5.382817e-17,5.046463e-18,-0.007161458,-0.00995058,-0.009832209,0.001951887,0.004333367,0.003038906
"Standing",2.821364e-05,0.0001047795,0.0001894204,0.0408101,0.2524934,0.01499514,0.7741,0.15624,0.06966,0.02167337,0.01122212,-0.06924716,-0.8835523,-0.4787598,0.01120074,0.007879165,0.007560465,-0.4697461,0.2946599,0.4964746,2.529009,7.042359,2.681582,-0.05273438,-0.8535156,-0.453125,-0.1113281,-0.9179688,-0.4960938,-0.517951,0.7527802,-0.5893601,0.0001372929,-6.188312e-05,8.147882e-05,0.01651278,0.0300367,0.02563477,0,0,0,-0.1433383,-1.069766,0.7851817,0.3663044,0.7183081,0.08416791,0.1435498,0.09741885,-2.527389e-18,-6.734117e-18,0,-0.04208097,-0.03441643,-0.01733398,0.01120074,0.007879165,0.007560465
"Standing",6.06381748247007e-06,7.55269729422702e-05,9.37184253896805e-05,0.0107025590438472,0.252493372048984,0.006951747105213,0.66764,0.18587,0.14649,0.0128466953806531,0.011801412309661,0.0193093039772727,-0.813432173295455,-0.565821792140151,0.00803453973717887,0.00684877685259053,0.00537706167496308,-4.36894127857922,-0.305611148435884,-0.63890721976187,47.5820446290628,27.6298319744947,3.42572067880534,0.04296875,-0.76171875,-0.55078125,-0.064453125,-0.859375,-0.58203125,-0.5992258439179,0.258845062121773,-0.308905750795695,5.85724773200111e-05,-2.81232472330707e-05,4.98920774527351e-05,0.0236594460227273,0.0517134232954546,0.0150405421401515,0,0,0,0.0341478734834047,-0.962697332298703,0.370523739535004,0.126968355279551,0.517255809879807,0.136797249812298,0.192161082543278,0.170762739510912,-6.61996354005905e-19,4.03714479633993e-17,-2.35469821264476e-17,-0.0837624289772727,-0.0459428267045454,-0.0162094578598485,0.00803453973717887,0.00684877685259053,0.00537706167496308
"Standing",3.94033411622307e-07,7.14063286631549e-06,8.32273310118241e-06,0.000815864557546634,0.378740058073476,0.00177209674864711,0.4896,0.33422,0.17618,0.00513760205033288,0.00309830368479349,0.0280835700757576,-0.991617838541667,-0.192072088068182,0.0024270571435203,0.00173919622797431,0.00284317617087824,2.0887975948493,-0.507285954309096,-0.0611986028166046,22.9447573692692,4.54274121482917,3.94400292536284,0.046875,-0.98828125,-0.18359375,0.015625,-0.998046875,-0.201171875,0.0200443758267597,-0.102804031931471,-0.0784649605082416,1.91708882533622e-06,-1.40055758369715e-06,1.65213568535642e-06,0.0187914299242424,0.00333658854166663,0.00847833806818182,0,0,0,0.145173072589944,-1.37747186757922,0.0488555303821683,0.040323676323676,0.269718471724834,0.231864210181852,0.210848744394649,0.184271767288822,-2.10420309771889e-19,-3.70075655004267e-17,5.04657296969732e-18,-0.0124585700757576,-0.00642903645833337,-0.00909978693181818,0.0024270571435203,0.00173919622797431,0.00284317617087824
"Standing",3.77581430534767e-06,7.63469513796838e-05,8.76743942957269e-05,0.0127702656210738,0.378740058073476,0.00548562629309251,0.61764,0.28395,0.09841,0.0150340967379764,0.0107535496273685,-0.0162760416666667,-0.800759055397727,-0.584561434659091,0.00766316498432833,0.0061751091998874,0.00671520617179024,-0.628669795709295,0.00402305424141079,0.314603522463862,10.9077139817819,6.4688645262336,3.38435466333544,0.021484375,-0.775390625,-0.56640625,-0.064453125,-0.828125,-0.603515625,0.190039203375203,-0.467891214672848,-0.602718130663386,2.57947167528648e-05,3.01326875134462e-05,-4.16715241409029e-05,0.0377604166666667,0.0253684303977273,0.0181551846590909,0,0,0,-0.0279047999015715,-0.939981222689135,0.107353861353532,0.206978995527812,0.333284128623399,0.259053692223063,0.205963373155287,0.215325758463649,1.18207137516191e-18,2.01868918604602e-17,3.02809181205553e-17,-0.0481770833333333,-0.0273659446022727,-0.0189541903409091,0.00766316498432833,0.0061751091998874,0.00671520617179024
"Standing",7.5471657299143e-07,6.90732118622204e-06,9.17147090519633e-06,0.00164602547517012,0.504986744097967,0.00245252163797792,0.59957,0.22211,0.17832,0.00509747241592056,0.00270254441978821,0.0275656960227273,-1.00142785274621,-0.131599195075758,0.00181289814960849,0.00181015338904267,0.00295524933579312,0.0874874554258525,-0.585724123427615,-0.311681955492263,2.96196903649766,5.5934440516936,2.97880643913673,0.033203125,-0.99609375,-0.123046875,0.0234375,-1.0078125,-0.140625,-0.163838827262739,0.233812494648379,-0.165683442624491,1.01612076808691e-05,1.08274119776852e-08,4.09913079065257e-06,0.00563742897727273,0.00533410274621215,0.00855232007575757,0,0,0,0.206604460760339,-1.43731630847942,0.331508707942009,0.0598136058009633,0.45735187811685,0.171209397402848,0.238341486564258,0.219218719570354,6.31232955571316e-19,3.36430626018626e-17,-6.72844471801214e-18,-0.00412819602272727,-0.00638464725378785,-0.00902580492424243,0.00181289814960849,0.00181015338904267,0.00295524933579312
"Standing",2.19713870634826e-06,1.54165829189013e-05,2.20079990379461e-05,0.00319426188993444,0.252493372048984,0.00418455848208478,0.55726,0.31176,0.13099,0.00718539039184459,0.006169984641285,-0.0134129379734848,-0.945785984848485,-0.358383641098485,0.00321892370405075,0.00356553226892545,0.00405202831725271,-4.01646582171363,-3.78250453967269,-0.196341984845958,48.318075978707,45.8621202167766,3.00778983694517,0,-0.9296875,-0.345703125,-0.046875,-0.982421875,-0.37109375,0.542771608709525,-0.263292783322855,-0.234435054589107,-9.89561763430262e-06,-1.30553112098789e-05,3.22045446393042e-05,0.0134129379734848,0.0160984848484849,0.0126805160984849,0,0,0,-0.0374357290076601,-1.20834082733209,0.167692616200233,0.140217372172842,0.543112186230338,0.180057065610449,0.200974751685135,0.149855156927464,-4.20891954873915e-19,1.34568942487115e-17,1.34619748421659e-17,-0.0334620620265152,-0.0366358901515151,-0.0127101089015151,0.00321892370405075,0.00356553226892545,0.00405202831725271
"Standing",0.000104446338306411,0.000763991597728292,0.00107733061264753,0.229248326784936,0.252493372048984,0.0288514413140237,0.77112,0.13947,0.08941,0.0475564191273531,0.0345879604121324,-0.119776870265152,-0.772105823863636,-0.635912346117424,0.0155188068903623,0.0246657131200579,0.0234065353282889,1.6086676167813,1.07510463134276,-1.3227492411944,6.22020026505013,3.90199398970482,3.60771301213859,-0.046875,-0.6953125,-0.60546875,-0.150390625,-0.828125,-0.69921875,0.431732436679655,-0.560848854131387,-0.722800068346773,8.34564176541946e-05,0.000218188910773565,-0.000242769046665991,0.0729018702651515,0.0767933238636364,0.0304435961174242,0,0,0,-0.186741694249169,-0.872953555210815,0.382989401545134,0.509375412038276,0.71196973573049,0.205870871832403,0.15342596737221,0.151606847393786,4.19413176520167e-18,-1.01017020951223e-17,-4.37416284291593e-17,-0.0306137547348485,-0.0560191761363636,-0.0633064038825758,0.0155188068903623,0.0246657131200579,0.0234065353282889
"Standing",3.72598219609845e-07,7.96043210888411e-06,9.07822676771365e-06,0.00109200240083843,0.252493372048984,0.0017232222438615,0.59679,0.2606,0.1426,0.0049233905102158,0.00289249256203276,0.022897431344697,-0.993785511363636,-0.181966145833333,0.00156479302553753,0.00195413741907447,0.00299073133923471,-0.262080845552449,-0.41531378809407,0.389986204435716,3.32455278113806,4.88636641128172,3.77248093498905,0.02734375,-0.98828125,-0.171875,0.017578125,-1.001953125,-0.189453125,-0.212160604653755,0.132755309374125,-0.0967913247636366,-6.70853707550438e-06,3.01002052775748e-06,-1.64143565470337e-05,0.00444631865530303,0.00550426136363635,0.0100911458333333,0,0,0,0.125217317099442,-1.38829492088048,0.154519997470611,0.0478716725263688,0.347448648648649,0.216046812597877,0.220102933726803,0.187341659499083,1.47274765562888e-18,-1.00927131986039e-17,9.25148635739948e-18,-0.00531930634469697,-0.00816761363636365,-0.00748697916666666,0.00156479302553753,0.00195413741907447,0.00299073133923471
"Standing",1.712646e-06,1.285315e-05,1.799109e-05,0.003578306,0.5049867,0.003694492,0.6808,0.20104,0.11816,0.00663075,0.00428698,0.01483339,-0.9254853,-0.3979936,0.002626564,0.002548953,0.003609759,-0.0894352,-1.279436,0.830543,3.009057,6.211018,3.636734,0.02148438,-0.9179688,-0.3867188,0.0078125,-0.9355469,-0.40625,-0.2183549,0.6139415,-0.42104,-1.429537e-05,1.762957e-06,-3.348855e-06,0.006650982,0.007516572,0.01127486,0,0,0,0.0372914,-1.164406,0.4568786,0.1588952,0.5114715,0.231821,0.2085887,0.2049843,-5.127116e-20,4.709962e-17,1.514038e-17,-0.007020893,-0.01006155,-0.008256392,0.002626564,0.002548953,0.003609759
"Standing",5.2622977929634e-07,4.46028695349982e-06,6.03897629138884e-06,0.000819369775123663,0.504986744097967,0.00204789938166462,0.58091,0.26019,0.1589,0.00421949654571279,0.00221557569417886,0.0480513139204545,-0.998002485795455,-0.147386955492424,0.00131510571521058,0.00164191011991642,0.00244343639487244,-0.151206808915826,-0.658381550157801,-0.197069633495604,2.85847972293665,4.23953946911585,3.37386006224336,0.05078125,-0.994140625,-0.138671875,0.044921875,-1.00390625,-0.154296875,-0.131750540028918,0.0427785445494675,-0.112898446956983,-4.70100751488624e-06,-1.21139632749704e-06,5.16658622961064e-06,0.00272993607954546,0.00386186079545459,0.00871508049242425,0,0,0,0.315211653478066,-1.41668862612111,0.181308924564429,0.0163227283843568,0.313794811218159,0.182419778906097,0.239848483062122,0.253748757927291,1.26224071748738e-18,4.03717656007545e-17,1.17755466822442e-17,-0.00312943892045454,-0.00590376420454541,-0.00690991950757575,0.00131510571521058,0.00164191011991642,0.00244343639487244
"Standing",0.0108157278878845,0.0647228061882391,0.0971699898518927,22.1423147464304,0.378740058073476,0.293595084722378,0.91716,0.05054,0.0323,0.360847690326561,0.244513962890006,-0.144509055397727,-0.443855054450758,-0.811368075284091,0.0716563014585242,0.297106493914638,0.111981893693735,1.65113206036202,1.1357526082072,-0.0870379144827044,35.2873935478239,3.30968128602043,2.20688768115933,0.525390625,0.423828125,-0.517578125,-0.462890625,-0.857421875,-1.083984375,0.0824227177569527,0.0140762471961149,-0.823298826968007,2.77659426380528e-05,0.00324229972294054,-0.00124637587414155,0.669899680397727,0.867683179450758,0.293789950284091,9,0,13,-0.177988818227554,-0.485210054352315,0.162204395103453,0.782974081725067,0.750006502684644,0.191941163803351,0.130180608916553,0.102981027347718,-6.93889390390723e-18,-6.53724628091828e-18,3.02113551387047e-17,-0.318381569602273,-0.413566820549242,-0.272616299715909,0.0716563014585242,0.297106493914638,0.111981893693735
"Standing",2.1144804588908e-06,2.69163672292865e-05,3.32598086059589e-05,0.00635485616826943,0.252493372048984,0.00410509055998835,0.41099,0.33894,0.25007,0.0115178776400367,0.00664923466775586,0.171334931344697,-0.884521484375,-0.408062559185606,0.00534656717257489,0.00543810345192207,0.00477145867118937,0.351261812522164,-0.867280336543025,0.237765090306351,4.95151835731912,8.78233203383827,3.83699216915101,0.19921875,-0.861328125,-0.392578125,0.15625,-0.91015625,-0.42578125,-0.0777603673111406,0.0285724142384445,-0.186354003233294,2.86601594854856e-05,-5.45000966059483e-06,1.8483666046542e-05,0.027883818655303,0.023193359375,0.0154844341856061,0,0,0,0.397512848701034,-1.1068330503271,0.324206714896881,0.0904996628042425,0.405528583240846,0.181368349020009,0.2108799107007,0.165937051818693,8.41255637116143e-18,0,1.68216880641904e-17,-0.015084931344697,-0.025634765625,-0.0177186908143939,0.00534656717257489,0.00543810345192207,0.00477145867118937
"Standing",3.13919e-07,2.317576e-05,2.411752e-05,0.001756926,9.594748,0.00158172,0.61427,0.27617,0.10956,0.007952225,0.004385199,-0.02175811,-0.940807,-0.3511112,0.002160503,0.004829644,0.003356883,0.363163,-0.1654934,-0.1041402,4.010578,4.577027,2.786017,-0.01171875,-0.9238281,-0.34375,-0.02734375,-0.9589844,-0.3613281,0.1798077,-0.1108972,0.1773948,-2.648894e-06,1.501189e-06,-1.02542e-07,0.01003936,0.01697887,0.00736121,0,0,0,-0.0618999,-1.212966,0.1628222,0.03089234,0.0912606,0.2016186,0.216894,0.2355866,8.417229e-19,-1.009273e-17,2.186835e-17,-0.005585642,-0.01817738,-0.01021692,0.002160503,0.004829644,0.003356883
"Standing",5.131335e-07,2.114371e-05,2.268311e-05,0.003801357,1.388714,0.002022256,0.5169,0.3497,0.1334,0.008880083,0.004373555,-0.02084073,-0.9428711,-0.3466057,0.00256707,0.004719294,0.003875722,0.2019845,-0.3137183,0.02135447,2.426414,4.211095,2.942479,-0.01367188,-0.9277344,-0.3339844,-0.02734375,-0.9609375,-0.3574219,0.2122149,-0.1702707,0.01863556,-2.039948e-05,-5.569111e-06,1.103759e-05,0.007168857,0.01513672,0.01262133,0,0,0,-0.06007394,-1.217927,0.3334894,0.0757408,0.2827075,0.1707834,0.214386,0.1992499,-9.443551e-19,0,1.1774e-17,-0.006503018,-0.01806641,-0.01081617,0.00256707,0.004719294,0.003875722
"Standing",7.41333176824429e-07,6.22184208898903e-06,8.44584161946231e-06,0.00121647465968659,0.378740058073476,0.00243067907648737,0.4743,0.30648,0.21922,0.00516910045052801,0.00341861469832231,0.0278024384469697,-0.993090080492424,-0.185850201231061,0.00223840205726341,0.00212601180187441,0.00287693761879356,0.519310685101694,2.03824884161851,-0.488886391335847,12.088716340367,25.2404561653917,3.50204842915159,0.041015625,-0.974609375,-0.177734375,0.015625,-1.001953125,-0.197265625,-0.165648689105422,-0.11345357618943,0.00961143125943397,-6.64930476296221e-07,2.50049525856198e-06,-3.03613369779973e-06,0.0132131865530303,0.0184807054924242,0.00811582623106061,0,0,0,0.148487867672512,-1.38377003796715,0.0211683925531026,0.0428036970080048,0.363208500063667,0.232267872562561,0.219140358445171,0.213923938771339,8.41081257416585e-19,-4.37363076024021e-17,1.68290046020388e-18,-0.0121774384469697,-0.0088630445075758,-0.0114154237689394,0.00223840205726341,0.00212601180187441,0.00287693761879356
"Standing",0.004668841,0.207064,0.2210706,33.76212,11.99344,0.192897,0.449,0.36437,0.18663,0.5122322,0.9303533,0.00464607,-0.7176403,-0.6939438,0.4678984,0.3251179,0.4095444,0.6523363,-0.009568696,0.7609974,14.29212,13.17535,16.3488,2.503906,0.8261719,1.757812,-2.474609,-2.333984,-2.486328,0.05539257,-0.05504709,0.2314802,-0.0001479088,-0.0006806824,0.0006430139,2.49926,1.543812,2.451756,22,24,34,0.01809441,-0.7448743,0.01970392,0.07061973,0.0364687,0.3121853,0.3554232,0.3793251,-1.879644e-18,1.387779e-17,2.898413e-17,-2.479255,-1.616344,-1.792384,0.4678984,0.3251179,0.4095444
"Standing",0.0005152142,0.02497866,0.0265243,2.244568,1.009973,0.06407886,0.62291,0.2578,0.11929,0.150028,0.2675883,0.06106475,-0.5181552,-0.8429362,0.1589901,0.1082033,0.07480392,1.589824,0.1242466,-0.9824456,22.3596,19.55756,25.56606,1.322266,0.109375,-0.4765625,-0.6660156,-1.271484,-1.464844,0.1966367,-0.2631304,-0.01109342,9.266099e-05,-0.0002454345,-1.889702e-05,1.261201,0.6275302,0.3663737,3,2,6,0.06795046,-0.5405789,0.01298932,0.1437651,0.1087461,0.3193813,0.2818548,0.2405898,1.569963e-18,3.025333e-17,-3.700576e-17,-0.7270804,-0.7533292,-0.6219076,0.1589901,0.1082033,0.07480392
"Standing",3.8120627942826e-06,0.000128255736390438,0.000139691924773286,0.0149483437900124,0.378740058073476,0.00551189489194855,0.48721,0.35838,0.15441,0.0198140069910755,0.013781402600011,-0.125643643465909,-0.798036517518939,-0.585382634943182,0.0113095500551652,0.00990032501460594,0.00779734782808682,-0.237560626673917,-0.316334395835214,-0.0509814287247869,20.8900108357955,6.2988898717781,3.52646915366442,-0.052734375,-0.75390625,-0.5625,-0.203125,-0.84375,-0.609375,-0.183526713767413,-0.0393573564025614,-0.354814564558968,-1.24699940568974e-05,2.25280228707531e-05,-2.75761444752816e-05,0.0729092684659091,0.0441302675189394,0.0228826349431818,0,0,0,-0.211396409276358,-0.927034359315795,0.0624797241564486,0.174494603974233,0.322382777428498,0.202624839267758,0.220380842468127,0.252837218609465,-2.52425443656182e-18,5.38276347470923e-17,-5.04629688187493e-17,-0.0774813565340909,-0.0457134824810606,-0.0239923650568182,0.0113095500551652,0.00990032501460594,0.00779734782808682
"Standing",3.492829e-07,1.699122e-05,1.803907e-05,0.001972002,9.594748,0.001668436,0.53695,0.34624,0.11682,0.007667338,0.003654629,-0.01052764,-0.9420203,-0.3481593,0.002032512,0.0041909,0.003449749,0.4869053,0.05294588,-0.0411196,3.851827,3.799143,2.637252,-0.001953125,-0.9257812,-0.3398438,-0.015625,-0.9550781,-0.3574219,0.1832511,0.08785428,0.08890932,-8.235839e-06,1.035419e-05,-2.551066e-05,0.008574515,0.01623905,0.008315578,0,0,0,-0.03022567,-1.216624,0.07354301,0.04385682,0.2912198,0.2320651,0.2203104,0.2080775,8.418064e-19,-3.36579e-18,-1.345726e-17,-0.00509736,-0.01305782,-0.009262547,0.002032512,0.0041909,0.003449749
"Standing",2.87975936996804e-05,0.000208629588352228,0.000295022369451269,0.0452885990091601,0.252493372048984,0.0151495245880162,0.6719,0.18282,0.14527,0.0267936489360939,0.0160306302685013,-0.0250281131628788,-0.792413884943182,-0.607199928977273,0.00907499171645861,0.015136362129474,0.011296885516195,-0.0207448525229644,-1.48899000833397,-0.0678006243723773,9.84833436056672,11.1092266099231,2.06534884547946,0.025390625,-0.75,-0.58203125,-0.068359375,-0.896484375,-0.6328125,0.209083239461919,-0.107181810917903,-0.586270217997438,-1.21298859397112e-05,-0.000113902463208199,0.000124014629081907,0.0504187381628788,0.0424138849431818,0.0251686789772727,0,0,0,-0.0412288957248701,-0.916427977831968,0.164053820822182,0.33235156355715,0.707968171086748,0.184119678112811,0.153889801079847,0.106550873307547,5.12904117227547e-20,-5.04710741861091e-17,-2.01992011100896e-17,-0.0433312618371212,-0.104070490056818,-0.0256125710227273,0.00907499171645861,0.015136362129474,0.011296885516195
"Standing",3.4086291560272e-06,5.76098315792598e-05,6.78357190473414e-05,0.0103115296505957,0.252493372048984,0.00521207650131986,0.66052,0.24968,0.08979,0.0106777895252238,0.0107942219412525,0.0359848484848485,-0.996545040246212,-0.163685191761364,0.00795826036455638,0.00332213648036617,0.00532254952438225,-0.88081051372348,0.711956387629759,-0.594603024316873,10.8803759399861,27.3150740571097,9.66524057594729,0.076171875,-0.96875,-0.13671875,-0.001953125,-1.015625,-0.19140625,0.30167247228965,0.25523173704966,0.27626045086944,6.0458994629196e-05,4.05008898350147e-06,-2.69347795426942e-06,0.0401870265151515,0.0277950402462122,0.0269664417613636,0,0,0,0.216477985496614,-1.40399151836335,0.317422288733239,0.0448105757016086,0.215237587979141,0.236292605157702,0.237015439987054,0.218022082418073,-2.73777411689071e-18,3.36427439618642e-17,1.00925106646842e-17,-0.0379379734848485,-0.0190799597537878,-0.0277210582386364,0.00795826036455638,0.00332213648036617,0.00532254952438225
"Standing",2.064132e-07,2.050506e-05,2.11243e-05,0.002001746,9.973488,0.001282595,0.55501,0.35411,0.09087,0.007946004,0.004410558,-0.03257428,-0.9511201,-0.3263124,0.002283924,0.004238921,0.003856986,-0.4030625,0.5337931,0.4118322,3.932098,4.702792,3.384768,-0.02539062,-0.9335938,-0.3125,-0.04101562,-0.9628906,-0.3378906,0.3936442,-0.1940994,0.2506255,-1.029432e-05,-5.472938e-06,1.937279e-05,0.007183653,0.01752634,0.01381244,0,0,0,-0.09952023,-1.238767,0.1355903,0.03459152,0.1626114,0.2149173,0.2232227,0.2219283,2.945063e-18,4.70997e-17,-1.68236e-17,-0.008441347,-0.01177054,-0.01157818,0.002283924,0.004238921,0.003856986
"Standing",1.70535677740398e-05,0.000158773985353043,0.000209934688675162,0.0291632557621183,0.252493372048984,0.0116581202348958,0.64564,0.2003,0.15406,0.0234816089696683,0.0134595936021178,0.0231045809659091,-0.718927556818182,-0.699499881628788,0.0076010796524322,0.0133165318205243,0.00948957073526608,0.19629594954358,0.117388234204053,0.209172086699458,3.28666905972482,5.26267783995122,2.66064000034014,0.046875,-0.654296875,-0.671875,-0.001953125,-0.767578125,-0.720703125,-0.244048276822545,0.242816274860127,-0.436905265774582,-3.41681276454553e-05,5.09601697982739e-05,-5.81113569513918e-05,0.0237704190340909,0.0646306818181818,0.0276248816287878,0,0,40,0.0330561620244807,-0.798745525321716,0.223712113215641,0.234570871560253,0.529736825699468,0.255097460984882,0.17805350141533,0.139124294694598,-9.44053512754387e-19,-5.04616349022803e-17,-3.36371614452405e-17,-0.0250577059659091,-0.0486505681818182,-0.0212032433712122,0.0076010796524322,0.0133165318205243,0.00948957073526608
"Standing",4.103282e-07,2.757501e-05,2.8806e-05,0.001967703,8.963515,0.001808367,0.57777,0.2431,0.17913,0.008655166,0.005575215,-0.02635979,-0.9443729,-0.3425811,0.003452924,0.005177165,0.00333637,0.7300556,0.4636447,0.6339493,20.8997,5.442676,4.696284,0,-0.9179688,-0.328125,-0.046875,-0.9589844,-0.3496094,0.211786,-0.04356123,0.2678665,-5.137925e-06,4.073018e-06,-7.44289e-06,0.02635979,0.02640418,0.01445608,0,0,0,-0.07679734,-1.221834,0.0274354,0.04511764,0.1881048,0.2167334,0.217217,0.1874132,-2.1047e-19,-3.364272e-17,8.410272e-18,-0.02051521,-0.01461145,-0.007028291,0.003452924,0.005177165,0.00333637
"Standing",1.7154222449441e-05,8.34691151979287e-05,0.000134931782546252,0.025800755379264,0.252493372048984,0.0116924742750548,0.68515,0.20829,0.10656,0.0191134758450987,0.0101200350088201,-0.0141749526515152,-0.757686730587121,-0.640935724431818,0.00704979636796243,0.00805015318621013,0.00907931638602188,0.922379083681316,0.924454847045831,-0.753995545010472,3.99827431512285,6.09335929412861,2.38539404150165,0.01171875,-0.72265625,-0.623046875,-0.03125,-0.78125,-0.6640625,0.293244873744726,-0.59707001092674,-0.563254456336471,-4.38178993373725e-05,-5.56866535766197e-05,8.39137165832966e-05,0.0258937026515152,0.0350304805871212,0.0178888494318182,0,0,0,-0.0222063052102974,-0.868531066109752,0.318019945104331,0.389406315952381,0.634732736012237,0.235304170482748,0.137835976103654,0.115586188095945,4.15145606356747e-19,3.36725114348413e-18,5.04603515190268e-17,-0.0170750473484848,-0.0235632694128788,-0.0231267755681818,0.00704979636796243,0.00805015318621013,0.00907931638602188
"Standing",1.4830325898038e-06,8.70101176127153e-06,1.31501095306829e-05,0.00227645194571745,0.252493372048984,0.00343792384105891,0.66073,0.18988,0.14939,0.00578180598599633,0.00311908840048352,0.00911458333333333,-1.00682114109848,-0.09814453125,0.00205328757858868,0.00175349517544266,0.0035512967012498,-0.601833906513229,-0.859762814914745,-0.519492173817043,4.26908509384732,5.23079553970184,3.2485912435382,0.015625,-1.001953125,-0.08984375,0.001953125,-1.013671875,-0.109375,-0.0980283245066271,0.284448487733498,-0.108309300046418,1.09573409139823e-05,-1.62029035602723e-06,2.3555353194764e-05,0.00651041666666667,0.00486801609848486,0.00830078125,0,0,0,0.0928881525987172,-1.47318562777172,0.191559633027523,0.0419837427956929,0.555618171362852,0.233028264969616,0.213597344495862,0.176879877345727,-5.79134112663226e-19,1.34570370250984e-17,0,-0.00716145833333333,-0.00685073390151514,-0.01123046875,0.00205328757858868,0.00175349517544266,0.0035512967012498
"Standing",5.80942761691667e-07,4.86287267590314e-06,6.60570096097814e-06,0.000946629619447249,0.378740058073476,0.00215172901812042,0.56432,0.27199,0.16368,0.00468541505251377,0.00221317181564533,0.0542362097537879,-0.999208392518939,-0.135890151515152,0.00146962742272409,0.0018010248194234,0.00251038009594645,-0.129881572391109,-0.915791280679914,0.0553674851637419,3.49007205381942,5.05204336950738,2.5506525486228,0.05859375,-0.99609375,-0.12890625,0.048828125,-1.005859375,-0.140625,-0.11111449100061,-0.169530779829562,-0.19695665057741,-5.32390215647404e-06,-1.93046386364515e-06,4.56407259879124e-06,0.00435754024621212,0.00311464251893945,0.00698390151515152,0,0,0,0.379791055020292,-1.42539209865235,0.188477109113572,0.0679420537117991,0.368046259780113,0.18051182052452,0.219981013109849,0.215881985057868,-1.05187495150377e-18,5.38290460676138e-17,4.20488892320889e-18,-0.00540808475378788,-0.00665098248106055,-0.00473484848484848,0.00146962742272409,0.0018010248194234,0.00251038009594645
"Standing",2.262189e-07,9.858468e-06,1.053712e-05,0.001251191,0.2524934,0.00134272,0.39251,0.37034,0.23716,0.006728103,0.004017002,-0.04643851,-0.9543087,-0.3369141,0.002782578,0.003091753,0.003089336,1.594254,0.1200539,-0.06353413,13.87508,5.662092,2.917351,-0.02734375,-0.9433594,-0.3261719,-0.05664062,-0.9667969,-0.34375,0.1917929,-0.1155799,0.05618703,-1.691815e-05,-2.235542e-06,1.288717e-05,0.01909476,0.01094934,0.01074219,0,0,0,-0.1369823,-1.228436,0.2511102,0.03249519,0.2568085,0.2195203,0.2162379,0.1820137,1.470335e-18,3.364312e-17,0,-0.01020212,-0.01248816,-0.006835938,0.002782578,0.003091753,0.003089336
"Standing",1.04288312648464e-06,2.92035514436018e-05,3.23322008230557e-05,0.00487086976869108,0.252493372048984,0.00288296071650182,0.48454,0.35692,0.15854,0.00887974650625575,0.00783694371961232,-0.0314201586174242,-0.940007990056818,-0.372018525094697,0.0038444874682808,0.00540709970859001,0.00476565177418995,-0.882380662245741,0.220651968311482,0.0763608010189638,5.81186699502053,57.680757536232,6.14890216102139,-0.015625,-0.888671875,-0.34765625,-0.048828125,-0.98828125,-0.392578125,0.301754239119659,-0.288080509507373,-0.0284319560568283,-2.44845999044537e-05,-1.10267637319057e-05,3.62024072827067e-05,0.0157951586174242,0.0513361150568182,0.024362275094697,0,0,0,-0.0843000202581848,-1.19271027162978,0.292587530604072,0.0553586501782755,0.447433087940181,0.209404228123789,0.231572097877777,0.168728877587979,-2.10289725525854e-18,5.04648822629687e-17,-8.41289325926545e-18,-0.0174079663825758,-0.0482732599431818,-0.020559599905303,0.0038444874682808,0.00540709970859001,0.00476565177418995
"Standing",9.24069947327625e-06,4.09983095078764e-05,6.87204079277052e-05,0.0152429845736354,0.252493372048984,0.00858169998252387,0.74445,0.21262,0.04293,0.0128302736168503,0.00427528500880717,0.0210996685606061,-0.992587002840909,-0.186604817708333,0.0079703464791376,0.00215761488768421,0.004912120435742,0.237458953203017,-0.0644030136982238,0.00962952827340216,1.94383846378259,5.26996356291536,1.82179208871989,0.0390625,-0.984375,-0.17578125,0.005859375,-1,-0.19921875,-0.0840371019908099,0.384490609622705,-0.343848760815979,8.59530914732371e-05,-5.24683645950759e-06,4.17473160246915e-05,0.0179628314393939,0.00821200284090906,0.0108235677083333,0,0,0,0.112873067433706,-1.38363909696534,0.672130575676227,0.101721363185745,0.595921853475265,0.115494208023074,0.197554791954703,0.150166879528128,5.1882693094206e-19,-3.02789878319307e-17,9.25364564972335e-18,-0.0152402935606061,-0.00741299715909094,-0.0126139322916667,0.0079703464791376,0.00215761488768421,0.004912120435742
"Standing",9.18573124580364e-07,1.71641326221353e-05,1.99198519958764e-05,0.00292820320332509,0.631233430122459,0.00270568835001617,0.48565,0.30288,0.21147,0.00800502136062327,0.00484268737298118,0.0408380681818182,-0.951593572443182,-0.328709457859849,0.00300319735692314,0.0040853750726047,0.00391248286395041,-0.469670307549514,-1.48313057832552,-0.190751334739397,4.70988611880579,7.53810272034929,3.52512545165219,0.048828125,-0.943359375,-0.314453125,0.029296875,-0.97265625,-0.341796875,0.0104247961391457,-0.115026839796302,-0.235987060734733,1.64971544032767e-05,1.22477136582451e-06,-1.94192818221112e-06,0.00799005681818182,0.00823419744318177,0.0142563328598485,0,0,0,0.12359926091391,-1.23581186724936,0.250805422647528,0.0771552001982281,0.343293642416301,0.193344640156382,0.228637861349238,0.228304377201154,-1.89130625932518e-18,-5.04646187683444e-17,2.3550133233392e-17,-0.0115411931818182,-0.0210626775568182,-0.0130874171401515,0.00300319735692314,0.0040853750726047,0.00391248286395041
"Standing",4.21380396554409e-07,5.96836062233936e-06,7.23250181200259e-06,0.000912402443838791,0.378740058073476,0.0018325594313717,0.51482,0.3149,0.17029,0.0047305328677399,0.00273069583433012,0.0487541429924242,-0.998771898674242,-0.142911044034091,0.00157774803248178,0.0020985446773855,0.00267498116129785,0.0254148798598938,-0.824216325651907,-0.135564440186644,4.22214817322172,5.59429166272133,3.24605236198045,0.0546875,-0.9921875,-0.134765625,0.04296875,-1.005859375,-0.150390625,0.0801146237121368,-0.133017238043854,-0.0250749791530723,1.13114609760721e-06,-2.31451853529884e-06,9.17209175205016e-06,0.00593335700757576,0.00658439867424243,0.00814541903409091,0,0,0,0.328811821539061,-1.42074017345306,0.0790715667311411,0.0402027863847318,0.327642830069753,0.226361941369684,0.225739363007201,0.220486401433455,2.10295741384855e-18,6.72845755184467e-18,2.52424160272929e-18,-0.00578539299242424,-0.00708747632575757,-0.00747958096590909,0.00157774803248178,0.0020985446773855,0.00267498116129785
"Standing",7.85136766180166e-06,0.000101313224893413,0.000124867327878818,0.0176741848027113,0.252493372048984,0.00791031105976481,0.6638,0.17248,0.16372,0.01727294921875,0.0108431686975866,0.0933726917613636,-0.551417495265151,-0.82791045217803,0.00588918732634335,0.0106310513155289,0.00635664932874158,-0.253647665584861,0.213502582778626,-0.190440972706906,5.69532882585568,3.19942991297019,3.28758361896147,0.12109375,-0.5234375,-0.810546875,0.072265625,-0.583984375,-0.84765625,-0.238068866936047,0.112982612181313,-0.405778212975123,-1.59844446011517e-05,7.59969677132156e-05,-5.07378893995902e-05,0.0277210582386364,0.0279799952651515,0.0173635771780303,0,0,0,0.112313320384123,-0.584617803355775,0.215928785192975,0.312432228427141,0.391673144825003,0.191661061584089,0.181301473683013,0.168246297249351,3.78572071246722e-18,-2.35594257302612e-17,-2.69137852889648e-17,-0.0211070667613636,-0.0325668797348485,-0.0197457978219697,0.00588918732634335,0.0106310513155289,0.00635664932874158
"Standing",3.24256351410332e-06,2.87060496102497e-05,3.84337401525596e-05,0.0086150573194265,0.252493372048984,0.00508352718222291,0.63568,0.2374,0.12692,0.0108623522153352,0.00514213988148012,-0.0284386837121212,-0.893939393939394,-0.467699455492424,0.00444962397029829,0.00412259858442228,0.00486476466764202,0.11348402078086,-0.701030762937069,0.248522336380475,2.73531459045424,5.47180335545017,2.58911137398148,-0.017578125,-0.880859375,-0.45703125,-0.041015625,-0.912109375,-0.482421875,0.362810018200564,-0.353390049699733,-0.60608169353743,-4.01735198494738e-05,-2.52775486046331e-05,4.49617835667095e-05,0.0108605587121212,0.0130800189393939,0.0106682054924243,0,0,0,-0.0607666241248707,-1.0879880844754,0.467864082372365,0.282145349219932,0.571857918192201,0.170228456607688,0.182909982537022,0.191277213438575,-1.02298479129758e-19,-1.682391438321e-17,1.17811454416872e-17,-0.0125769412878788,-0.0181699810606061,-0.0147224195075757,0.00444962397029829,0.00412259858442228,0.00486476466764202
"Standing",3.34859800389399e-07,6.80476516428319e-06,7.80934456545139e-06,0.00094257231807848,0.252493372048984,0.00163362515175199,0.43912,0.34228,0.2186,0.00511563163596186,0.00345986952794151,0.00730202414772727,-1.00033291903409,-0.14083954782197,0.00222386102866851,0.00238852862223178,0.00267087019880088,-0.0798420386586707,-2.18403508894558,0.502663715728303,3.66435564299801,20.0903894278086,4.88051919280905,0.013671875,-0.9921875,-0.130859375,-0.001953125,-1.01953125,-0.1484375,-0.174110046684335,-0.223636345435687,-0.0157862739605776,7.11615729085819e-06,3.28452726653868e-06,-1.72276862579805e-05,0.00636985085227273,0.00814541903409083,0.0099801728219697,0,0,0,0.0517395852294449,-1.43072112039345,0.257663177349229,0.0337202259792042,0.314968019834355,0.172841373556404,0.220639451645531,0.1578424446915,-2.34339766214689e-19,-8.07434471800116e-17,-8.41751825166495e-19,-0.00925514914772727,-0.0191983309659092,-0.0075979521780303,0.00222386102866851,0.00238852862223178,0.00267087019880088
"Standing",3.58040649904859e-05,0.000228793280904281,0.000336205475875738,0.0623007849957418,0.252493372048984,0.0168922333709166,0.61938,0.26343,0.11719,0.0309194909858528,0.0152896596376853,0.0361402107007576,-0.802327473958333,-0.580018939393939,0.0098727167886328,0.0166154446625594,0.0130101733102132,0.33744896010841,-0.217700662120746,-0.374093239998585,3.76393564310776,5.19334356228287,2.40542488087579,0.078125,-0.748046875,-0.55078125,0.01171875,-0.869140625,-0.615234375,0.109137368802862,-0.420756613857467,-0.422426354111206,7.54167458129252e-05,8.49843565551815e-05,-0.000118966507477387,0.0419847892992424,0.0542805989583334,0.0292376893939394,0,0,0,0.0620824651699074,-0.943791788877967,0.400579993644846,0.204804019220455,0.569241178606285,0.169235832707765,0.225166080792808,0.11901192619777,-2.04801497465529e-19,3.69998637972058e-17,5.38448128319393e-17,-0.0244214607007576,-0.0668131510416666,-0.0352154356060606,0.0098727167886328,0.0166154446625594,0.0130101733102132
"Standing",1.74200225901733e-06,1.20465202514966e-05,1.72725270285486e-05,0.00358326715093007,0.378740058073476,0.00372602068229575,0.66469,0.21941,0.1159,0.00653703897999887,0.00335165898065481,0.0321007930871212,-0.994473544034091,-0.178045099431818,0.00241742860415373,0.00187866605018123,0.00407582231151312,-0.0629757130797026,-0.245121370526373,-0.0018058157159986,4.65020928283378,7.55008826082355,2.26598842601429,0.041015625,-0.984375,-0.16796875,0.021484375,-1.001953125,-0.1875,-0.266351594693245,0.24627457136679,-0.149947868948707,-1.18458256021367e-05,4.83348408488185e-06,-4.12626301123738e-05,0.00891483191287878,0.0100985440340909,0.0100763494318182,0,0,0,0.178505875125687,-1.39082551012193,0.184206225956956,0.0715190856871146,0.71120364256928,0.197846710744449,0.220012230399583,0.115121926496591,-3.36635277520674e-18,3.02784383834753e-17,-5.05008984086894e-18,-0.0106164180871212,-0.00747958096590906,-0.00945490056818182,0.00241742860415373,0.00187866605018123,0.00407582231151312
"Standing",3.41173218006884e-07,2.7121621911426e-05,2.81451415654467e-05,0.00248138874324087,1.76745360434289,0.00164895335340064,0.49871,0.30449,0.1968,0.00799039310003443,0.0078872218438069,0.00376568418560606,-0.948005445075758,-0.355846058238636,0.00479571586818076,0.00454172121074652,0.00357905887557996,1.2752088016819,-1.90676220060001,-0.541870113290213,9.07852860084853,15.7873674911685,6.65543930571833,0.025390625,-0.931640625,-0.341796875,-0.015625,-0.978515625,-0.373046875,-0.224550525706513,-0.260841749189739,0.0907315475212077,1.7330228218406e-06,-1.97441041807892e-07,2.5495370657203e-06,0.0216249408143939,0.0163648200757576,0.0140491832386364,0,0,0,0.0105454202906097,-1.21165837828168,0.0696949427723161,0.0324875733684599,0.191478710051738,0.251665415543894,0.214648770574614,0.227895762968724,1.67129386290581e-19,-6.72846316664641e-18,-1.00930063714658e-17,-0.0193906841856061,-0.0305101799242424,-0.0172008167613636,0.00479571586818076,0.00454172121074652,0.00357905887557996
"Standing",3.40214492780175e-06,2.15712028178705e-05,3.17776376012758e-05,0.00634737079368253,0.252493372048984,0.00520711668023404,0.51265,0.30459,0.18276,0.00936612215909091,0.00710800999319163,0.0350452769886364,-0.985129616477273,-0.220947265625,0.00435925524423387,0.00380960932545808,0.00533578702497649,-1.12917208511188,2.68535697199247,-1.03664784727564,20.4213748337501,23.0870167803632,4.05480036639329,0.056640625,-0.953125,-0.208984375,0,-0.998046875,-0.240234375,-0.0190360799615916,-0.0978244203196533,-0.350889013416525,-6.69452513060172e-06,-1.40017543974119e-05,4.28835573749922e-05,0.0215953480113636,0.0320046164772727,0.011962890625,0,0,0,0.157290729413156,-1.34745470546525,0.133425888033887,0.166375819247305,0.656889766286697,0.214932747946563,0.207358783243793,0.14043644724287,3.154358290597e-18,-2.01870474706797e-17,0,-0.0350452769886364,-0.0129172585227273,-0.019287109375,0.00435925524423387,0.00380960932545808,0.00533578702497649
"Standing",4.44020775496618e-07,7.07544561554558e-06,8.40750794203543e-06,0.000987790473123393,0.378740058073476,0.00188114620084615,0.51348,0.27057,0.21595,0.00522228903021695,0.00327290544357466,0.0402388139204545,-0.982325698390151,-0.229921283143939,0.00201251867487093,0.00251001895552235,0.00245420562351262,-1.69649672250212,-0.619578195468189,0.301441500352989,13.9568745564797,5.44693833913572,3.421105063487,0.046875,-0.9765625,-0.220703125,0.025390625,-0.994140625,-0.236328125,0.233069469280017,-0.17786807320459,-0.284067723705964,1.81327305173852e-06,-2.04638086239741e-06,4.57935835686624e-06,0.00663618607954546,0.00576319839015149,0.00921815814393939,0,0,0,0.173247115395085,-1.3374975574808,0.056282690166221,0.0660149312539192,0.399079531771913,0.213382852810908,0.215368825692131,0.193575909549862,1.26147750550887e-18,-2.35498765567413e-17,-1.68313828716303e-18,-0.0148481889204545,-0.0118149266098485,-0.00640684185606061,0.00201251867487093,0.00251001895552235,0.00245420562351262
"Standing",6.90801382545854e-05,0.00033593000178041,0.000543170416544166,0.103905061581119,0.252493372048984,0.0234637543567481,0.74303,0.16842,0.08855,0.0372297639032369,0.0189254309097305,-0.0206853693181818,-0.718572443181818,-0.684629498106061,0.0120626295595681,0.0193281300931513,0.0145580562764525,-0.156207874597838,-0.0344521791730615,0.114725961711193,3.58354287558493,4.62286777125387,2.01951988387981,0.013671875,-0.640625,-0.650390625,-0.060546875,-0.783203125,-0.720703125,-0.326849283797111,0.320329761907193,-0.757201367791812,-6.91655076665209e-05,0.000160801079704426,-0.000150047548898119,0.0343572443181818,0.0779474431818182,0.0342388731060606,0,0,31,-0.0300897571796615,-0.809189910030912,0.172247658277382,0.423154764998938,0.645423561688878,0.224631604517145,0.173321857599226,0.110045737068032,1.6326303381676e-18,5.04881175157145e-17,-5.38534628350673e-17,-0.0398615056818182,-0.0646306818181818,-0.0360736268939394,0.0120626295595681,0.0193281300931513,0.0145580562764525
"Standing",6.79523885671593e-07,7.46219104787497e-06,9.50076270488975e-06,0.00138634115801,0.378740058073476,0.00232714405494666,0.5343,0.25947,0.20623,0.00533264552485079,0.00313793843651186,0.0408306699810606,-0.978855942234849,-0.241521661931818,0.00192933683617579,0.00242066506971335,0.00286350958744267,-1.23255486601886,-1.03539378066186,0.282107700971325,9.55237623201606,5.55411676038279,2.71611940340771,0.046875,-0.97265625,-0.234375,0.029296875,-0.98828125,-0.25,0.0237398956153772,-0.0826408411066857,-0.30826721218013,6.65376310906625e-06,-1.14515804251267e-06,-1.82664809005489e-06,0.00604433001893939,0.00619969223484851,0.00714666193181818,0,0,0,0.167477661030881,-1.32558347608703,0.130328864652786,0.0783998254305422,0.413414664454304,0.200514644681904,0.220187802050959,0.226749547214345,-1.68310600205306e-18,2.35499960718068e-17,-5.04605821269552e-18,-0.0115337949810606,-0.00942530776515149,-0.00847833806818182,0.00192933683617579,0.00242066506971335,0.00286350958744267
"Standing",1.15145984843407e-05,8.67475783449585e-05,0.00012129137379798,0.0229328916190432,0.252493372048984,0.00957955430319841,0.57604,0.28236,0.1416,0.0189114825456267,0.0106722452934828,-0.0278098366477273,-0.786532315340909,-0.605764678030303,0.00754038133667524,0.00843985765565595,0.00908140988756117,1.5141269666222,-0.173820717407702,0.131934101067045,15.890066624432,3.71677939084436,1.91696264467855,0.025390625,-0.763671875,-0.5859375,-0.0546875,-0.822265625,-0.623046875,-0.071198028074521,-0.114284091429309,-0.573435555573303,-2.89219280925315e-06,-6.48052451754124e-05,9.13884522823443e-05,0.0532004616477273,0.0228604403409091,0.019827178030303,0,0,0,-0.0459019807705001,-0.913957698717467,0.0862684439984218,0.340016054511292,0.593011730642889,0.207857287280692,0.181227234203472,0.161173053562781,-6.30962542709249e-19,-3.02720399158425e-17,-4.70939538254062e-17,-0.0268776633522727,-0.0357333096590909,-0.017282196969697,0.00754038133667524,0.00843985765565595,0.00908140988756117
"Feeding",0.000784324633637478,0.0154487245497916,0.017801698450704,3.28293490756713,1.00997348819593,0.0790621885350975,0.60496,0.28444,0.11061,0.20784656535167,0.131988327955901,0.0692101680871212,-0.105661103219697,-0.951149680397727,0.0910134437125396,0.131284448316184,0.062508234087541,1.80099396496309,-0.513507236326366,0.71960347244524,7.67124949242149,2.94702489208055,6.75500948638322,0.451171875,0.197265625,-0.689453125,-0.078125,-0.517578125,-1.181640625,0.154606048322216,0.196550779330698,-0.232401517698688,0.000131798264475409,0.000409143695908797,-5.55006768533666e-05,0.381961706912879,0.302926728219697,0.261696555397727,10,0,0,0.0731485499501867,-0.109892727524327,0.196975848571077,0.1405036814656,0.0411477384126444,0.272203898946531,0.363003083012902,0.237859909639878,-3.34000491701412e-18,9.17157008220929e-19,2.01894185212404e-17,-0.147335168087121,-0.411917021780303,-0.230490944602273,0.0910134437125396,0.131284448316184,0.062508234087541
"Feeding",0.00154452180233607,0.0440093664111169,0.0486429318181251,4.25341476603219,0.378740058073476,0.110947603523955,0.57507,0.2778,0.14713,0.286502386256026,0.342561530432611,0.0921889796401515,-0.23654267282197,-0.945134943181818,0.206395826614802,0.151732699694048,0.137708166730193,-0.559201849994473,-0.611797106449647,0.362904486112994,12.528088884486,5.7961192149388,11.0329575949096,1.173828125,0.22265625,-0.193359375,-0.927734375,-0.83984375,-1.53125,0.281026176287321,0.217526601177397,0.396723096952087,-0.00014477205164222,0.000671125666662862,-0.000182966702727467,1.08163914535985,0.45919892282197,0.751775568181818,16,2,2,0.100353130303257,-0.230941879025599,0.107920121730461,0.339046895473523,0.0229883667533729,0.238449072524751,0.173591346571399,0.24119951887194,-1.81630814939644e-18,1.22768442021737e-18,5.04822011189162e-17,-1.01992335464015,-0.60330107717803,-0.586115056818182,0.206395826614802,0.151732699694048,0.137708166730193
"Feeding",0.00163465884123049,0.0243558318780736,0.0292598084017651,3.6762629292721,0.757480116146951,0.114139106416,0.81945,0.11498,0.06557,0.201256449885933,0.161949384754906,-0.00370649857954545,-0.00368430397727273,-0.960271661931818,0.0558134944932033,0.170156095016578,0.0603184218932626,-0.762645485859538,-0.684756623221916,1.13459664171062,9.34412316050706,5.55435047401391,8.75877524305854,0.236328125,0.6171875,-0.61328125,-0.330078125,-0.7734375,-1.171875,0.131907692984228,-0.294100290957215,-0.240148590914087,-0.00010875371036301,0.000472363043683843,-1.66665715552824e-05,0.240034623579545,0.620871803977273,0.346990411931818,34,0,0,-0.00501917511602179,-0.00534837531846055,0.0716233164048543,0.115842730151778,0.0230796350401458,0.202517510970298,0.296472888435318,0.241463217660312,-4.86145576393832e-20,-2.50742286519328e-18,5.04624883521438e-17,-0.326371626420455,-0.769753196022727,-0.211603338068182,0.0558134944932033,0.170156095016578,0.0603184218932626
"Feeding",0.00719544,0.0262456,0.04783192,9.073473,0.2524934,0.2394692,0.90133,0.05297,0.0457,0.2611429,0.1629367,0.2639382,-0.2325698,-0.8814956,0.05044727,0.2128568,0.07221814,0.04290979,0.3287288,-0.1743416,6.206151,4.132389,3.267475,0.4511719,0.6640625,-0.6992188,0.07617188,-0.5957031,-1.117188,0.1837183,-0.157018,-0.6614064,-0.0001987824,-0.0002595229,5.597645e-05,0.1872337,0.8966323,0.1822769,8,0,0,0.2913416,-0.247578,0.1152216,0.6207422,0.5102559,0.2054699,0.1179882,0.1378798,2.020048e-17,-3.028476e-18,-2.351376e-17,-0.1877663,-0.3631333,-0.2356919,0.05044727,0.2128568,0.07221814
"Feeding",0.005028808,0.02819711,0.04328353,6.723385,0.2524934,0.2001951,0.86334,0.08142,0.05523,0.2464749,0.179229,0.2674302,-0.1825358,-0.8926743,0.05845899,0.2044483,0.07012994,-0.03589354,0.6058644,-0.5460058,3.830354,4.831645,4.956014,0.4726562,0.7050781,-0.671875,0.09179688,-0.5742188,-1.177734,0.2130516,-0.2707155,-0.4915208,-0.0001950119,-0.001448366,0.000334704,0.2052261,0.8876139,0.2207993,14,0,0,0.2903887,-0.1946399,0.3976211,0.5320817,0.2376467,0.1576287,0.1356031,0.2005381,-2.354807e-17,-1.699015e-17,2.350917e-17,-0.1756333,-0.3916829,-0.2850601,0.05845899,0.2044483,0.07012994
"Feeding",0.00318327849945722,0.0448003218261469,0.0543501573245186,8.47814491002294,0.631233430122459,0.159278890662968,0.57243,0.31439,0.11318,0.385222015520977,0.241514324694065,-0.0341944839015152,-0.144435073390152,-0.936316287878788,0.174202334073679,0.221639333328018,0.124404301814307,-0.228465889710644,-0.228058109251458,0.0152340323040958,5.89572317093511,2.90123444412189,5.53157035704007,0.720703125,0.603515625,-0.513671875,-0.6015625,-0.87890625,-1.439453125,0.202809913026248,-0.433037135337891,-0.240700324887321,-0.000329213193117414,-0.000328767995413457,0.00018424943259266,0.754897608901515,0.747950698390151,0.422644412878788,40,0,0,-0.045911490221765,-0.150378889688256,0.0912260174438475,0.277737111524724,0.0948989018271802,0.264469728392065,0.317954372584243,0.237476367165677,-4.03131214029897e-18,-3.0423370052169e-18,-3.36546210722887e-17,-0.567368016098485,-0.734471176609849,-0.503136837121212,0.174202334073679,0.221639333328018,0.124404301814307
"Feeding",0.00105644563617604,0.0227983478502669,0.025967684758795,3.26060773748432,0.378740058073476,0.0917581145473347,0.78164,0.11786,0.1005,0.195671649018595,0.146504937617883,0.0901988636363636,-0.146010890151515,-0.948819247159091,0.0622930280855576,0.160640696027974,0.0594644485571318,-2.67219313672535,0.206226419287834,-0.189917045854631,32.1367302400204,4.03991083281617,11.0272496909742,0.380859375,0.4296875,-0.662109375,-0.40234375,-0.759765625,-1.298828125,-0.0117996103277213,-0.0348723580903642,-0.199395758986422,0.000105530326128782,-0.000294871189973847,5.47484901747223e-05,0.290660511363636,0.575698390151515,0.286709872159091,25,0,0,0.0948681537051655,-0.150576748367664,0.0517158355535109,0.205229131464357,0.0528757121848854,0.206897294311208,0.277930541639461,0.232435390555536,3.26505533501464e-18,-1.34657704481379e-17,3.02745136370635e-17,-0.492542613636364,-0.613754734848485,-0.350008877840909,0.0622930280855576,0.160640696027974,0.0594644485571318
"Feeding",0.00198477621132564,0.0288422739821266,0.0347966026161035,5.45470864924286,0.252493372048984,0.125769888911967,0.75816,0.1441,0.09774,0.257180234070104,0.163489070649026,0.0287124171401515,-0.215376420454545,-0.934903231534091,0.0814577145832152,0.184710558465738,0.0717128918525537,-0.41786929557467,-0.664283860838224,0.176468298317234,4.95273884426328,3.86712725056167,3.51159850143206,0.283203125,0.341796875,-0.73046875,-0.3515625,-0.837890625,-1.13671875,0.24098591079075,0.0931618484187264,-0.194435629624124,8.4932130215093e-05,-0.000780204199384982,0.000207247492524245,0.254490707859849,0.557173295454545,0.204434481534091,36,0,0,0.0312517464412995,-0.220727706921539,0.197108513017374,0.301827383721116,0.187275435084529,0.245426895605694,0.275801547980124,0.193512397155624,-2.8936185538111e-18,-1.67811087390214e-17,3.0264435870066e-17,-0.380274917140151,-0.622514204545455,-0.201815518465909,0.0814577145832152,0.184710558465738,0.0717128918525537
"Feeding",0.00122464292555922,0.0395465885856058,0.0432205173622834,4.26939996781959,0.504986744097967,0.0987928793627866,0.7595,0.13737,0.10313,0.285840751711002,0.167830795377641,-0.0638316761363636,-0.222907788825758,-0.939371744791667,0.0853551993471368,0.205313391341869,0.0864126985193644,0.28932627259934,0.137082712400933,0.113555324050763,6.10952380828335,4.94201082711067,4.25982829467885,0.26953125,0.763671875,-0.611328125,-0.392578125,-0.84765625,-1.23046875,0.222760535820489,0.0614604082758251,-0.272973293487294,-4.09467244454733e-05,0.000377131497058612,-8.70033504343605e-05,0.333362926136364,0.986579663825758,0.328043619791667,64,0,2,-0.0672927508789432,-0.228532519640886,0.0580770621978186,0.184476352758305,0.10191234561896,0.208333043855761,0.225810889326778,0.20990127279509,-2.46296406295136e-18,-6.68919885812269e-18,-3.70066512903873e-17,-0.328746448863636,-0.624748461174242,-0.291097005208333,0.0853551993471368,0.205313391341869,0.0864126985193644
"Feeding",0.00334914596649515,0.0291056837291392,0.0391531216286246,7.55605182067795,0.378740058073476,0.163375880901219,0.88196,0.07735,0.04069,0.260548881481721,0.146435998548488,0.10330107717803,-0.238022312973485,-0.917228929924242,0.0666597699941601,0.188465657785526,0.0665613797229192,0.435179600944288,-0.634594558213848,0.83743740626328,3.58383383531063,2.5946775370756,3.7708819028909,0.330078125,0.078125,-0.6875,-0.1015625,-0.810546875,-1.091796875,0.454034654406067,-0.395293786220752,-0.747379587151565,0.000174851875908993,0.000600530940616257,-0.000215944451962773,0.22677704782197,0.316147312973485,0.229728929924242,2,0,2,0.110153644137899,-0.251449694246954,0.163405998571731,0.46527465555446,0.304852967296767,0.251086311961299,0.304399511718626,0.261198525584129,-8.20746049766215e-19,1.34053487645671e-17,6.7341429396573e-18,-0.20486357717803,-0.572524562026515,-0.174567945075758,0.0666597699941601,0.188465657785526,0.0665613797229192
"Feeding",0.0135659486028784,0.0403482690589951,0.0810461148676305,15.1729182573581,0.252493372048984,0.328810735030694,0.89281,0.08253,0.02466,0.385112107402146,0.181046076390221,-0.0493459990530303,-0.62548828125,-0.73904326467803,0.0483268649662657,0.252215457412477,0.157570429851831,0.080939070752578,1.51611893819142,-0.454080890319872,9.12165840439419,6.49481908344612,1.76274890391681,0.15625,0.611328125,-0.55078125,-0.326171875,-1.083984375,-1.189453125,0.197877209052034,-0.145606403296815,-0.785102817322762,-0.000221547956110716,-0.0025566665980506,0.00181186739890203,0.20559599905303,1.23681640625,0.18826201467803,12,0,5,-0.0708900047074734,-0.692695944242716,0.288095804621749,0.622876983305864,0.831182106764748,0.173604232715676,0.0970116461022326,0.0654775807990621,7.27524298696239e-19,0,-2.6726408125508e-17,-0.27682587594697,-0.45849609375,-0.45040986032197,0.0483268649662657,0.252215457412477,0.157570429851831
"Feeding",0.00357891216511225,0.0525996620968892,0.0633363985922259,10.7636196571699,0.252493372048984,0.168887078952496,0.7464,0.17802,0.07558,0.355196922169135,0.248591131438735,-0.0463275331439394,-0.294359611742424,-0.901677911931818,0.131090509812427,0.223667391596811,0.132830044540519,-0.51137873438977,-0.786497804163583,1.10323261984296,12.845393478477,3.27917880749111,4.22629465950849,0.443359375,0.349609375,-0.51953125,-0.962890625,-0.865234375,-1.248046875,-0.328949125341603,0.46462589736787,-0.695741497921646,-0.00063644164468235,0.00148782652417351,-0.000857964124529605,0.489686908143939,0.643968986742424,0.382146661931818,46,0,1,-0.0395703653993046,-0.314078336920786,0.210363069995765,0.458207781753742,0.443613861664121,0.178287414471117,0.200085514505362,0.193735652049264,-1.5344130177837e-18,1.32450798638806e-17,5.05435532553458e-17,-0.916563091856061,-0.570874763257576,-0.346368963068182,0.131090509812427,0.223667391596811,0.132830044540519
"Feeding",0.02130546,0.08624405,0.1501604,34.85112,0.2524934,0.4120656,0.97619,0.01903,0.00477,0.489011,0.3238898,0.2530333,-0.2345969,-0.8638509,0.07900115,0.3405372,0.1778084,-0.8334317,-1.030565,1.441793,3.597743,2.509177,3.53391,0.5429688,0.2871094,-0.4335938,0.046875,-0.9160156,-1.111328,0.9356729,-0.8960461,-0.9405377,-0.0008138354,-0.003771931,0.001723137,0.2899355,0.5217063,0.4302572,0,0,1,0.2778862,-0.2674856,0.7288981,0.8443471,0.8021895,0.1026782,0.09444972,0.1227864,-1.677094e-17,3.067799e-18,3.704049e-17,-0.2061583,-0.6814187,-0.2474772,0.07900115,0.3405372,0.1778084
"Feeding",0.00565591705147066,0.0581773696393956,0.0751451207938076,12.4443381249847,0.252493372048984,0.212310962943422,0.75372,0.15459,0.09169,0.395623045081497,0.220573825751286,-0.0229418205492424,-0.51413056344697,-0.802682587594697,0.119835395777266,0.244332696529022,0.160126488224284,0.480705229850311,0.704611799282083,0.243601786563962,11.2136113098933,4.39328938322937,2.57604923928421,0.619140625,0.453125,-0.34375,-0.548828125,-1.115234375,-1.306640625,0.132210094436513,0.0352871734677649,-0.70218387856744,2.3778907406623e-05,-0.000853076503384878,0.000632846307001611,0.642082445549242,0.96725556344697,0.458932587594697,18,0,12,-0.0277789852946227,-0.563517859346601,0.0710346569678579,0.437808517660552,0.54775938479095,0.206936395864042,0.180907160715745,0.170000432726783,2.11400814577499e-18,2.69367770999498e-17,4.70926768590691e-17,-0.525886304450758,-0.60110381155303,-0.503958037405303,0.119835395777266,0.244332696529022,0.160126488224284
"Feeding",0.004425193,0.1479861,0.1612617,12.10273,0.3787401,0.1877963,0.81569,0.11037,0.07394,0.4689536,0.4633773,0.07376746,-0.17533,-0.9351622,0.161752,0.3653991,0.1949856,1.188843,-0.533156,0.8994073,23.74495,8.661179,6.034993,1.390625,1.544922,-0.06640625,-0.7832031,-2.111328,-1.632812,0.4778421,-0.2690097,-0.701723,-0.000359179,-0.001341819,0.0005905118,1.316858,1.720252,0.8687559,42,2,15,0.07348955,-0.2017618,0.06272871,0.1940084,0.1260698,0.2016677,0.1980932,0.2145662,7.923403e-18,-1.501907e-17,1.675852e-17,-0.8569706,-1.935998,-0.6976503,0.161752,0.3653991,0.1949856
"Feeding",0.00351135600914162,0.0275687376137654,0.0381028056411902,6.82057891271015,0.631233430122459,0.167285514452337,0.77397,0.16757,0.05846,0.227741223940398,0.208227741619202,0.0852198745265152,-0.112711588541667,-0.967396129261364,0.0782579444398172,0.192251988888433,0.0783926457958789,5.57029113212349,-1.46865440451566,3.1410179691599,66.6251039795912,6.73583566349295,22.072878325892,0.970703125,0.216796875,-0.423828125,-0.181640625,-1.1640625,-1.291015625,-0.168502365199355,-0.366724310355594,-0.374791919598013,-6.36632716658297e-05,0.000106798407142484,4.63903650402073e-05,0.885483250473485,0.329508463541667,0.543568004261364,24,0,2,0.0849090590233818,-0.115911361521633,0.0393056126786364,0.227145794647939,0.0590621567773781,0.2129307780391,0.414314617485263,0.245096284944568,3.61991080458406e-19,1.15835413179298e-17,1.00985473786624e-17,-0.266860499526515,-1.05135091145833,-0.323619495738636,0.0782579444398172,0.192251988888433,0.0783926457958789
"Feeding",0.00141316198129306,0.0655416420107822,0.0697811279546614,6.44832148250182,0.757480116146951,0.106124798044577,0.60296,0.30393,0.09311,0.362682836443268,0.352592167424971,-0.0276100852272727,-0.267918442234849,-0.914232658617424,0.166726945476228,0.258546043899943,0.145212215729644,0.513771358569522,-3.43757925048016,4.34252449388847,9.84903736722508,31.6364954211842,43.4344973458903,0.8203125,0.455078125,0.556640625,-0.828125,-2.67578125,-1.466796875,-0.193621731496719,-0.545940585478505,0.130776479419494,5.44465964527257e-05,0.000163081205284062,4.76285114443441e-05,0.847922585227273,0.722996567234849,1.47087328361742,46,4,10,-0.0460095163177904,-0.266730994430705,0.0561506521312102,0.0541373216247847,0.0348530665723597,0.218273715887338,0.2432870484489,0.222332135991509,2.14402006315611e-18,2.44200112046716e-17,-4.33073058685384e-17,-0.800514914772727,-2.40786280776515,-0.552564216382576,0.166726945476228,0.258546043899943,0.145212215729644
"Feeding",0.00051921806741725,0.0181720838421115,0.0197297380443633,1.77641820535034,0.883726802171443,0.0643273709901716,0.64092,0.25092,0.10816,0.182142581712006,0.171662887802422,0.0835108901515152,0.0415482954545455,-0.982666015625,0.0726103764131557,0.139775853308633,0.0772905467017283,2.68275604557454,-2.57796817464095,1.72274420403059,21.2061884932413,21.773149201315,18.7069009666751,0.625,0.431640625,-0.431640625,-0.189453125,-1.140625,-1.380859375,-0.0902892900296575,0.403789307223301,-0.110913312862962,-0.000105853874674719,-0.000302126829807147,-2.57482225720512e-05,0.541489109848485,0.390092329545455,0.551025390625,51,0,0,0.087116391467621,0.0415296908831126,0.0485063130553146,0.13837254226086,0.0249073605613088,0.206163776128539,0.238972765619111,0.231507749908749,2.71422724264867e-19,-4.54574348359808e-18,0,-0.272964015151515,-1.18217329545455,-0.398193359375,0.0726103764131557,0.139775853308633,0.0772905467017283
"Feeding",0.000894567432885469,0.023062500943303,0.0257462032419594,3.71420538518088,0.504986744097967,0.0844359601062067,0.77467,0.15892,0.06641,0.179495202827278,0.172802164729174,0.0068655303030303,-0.0440562855113636,-0.959176728219697,0.0619086587761663,0.158022229284527,0.0665678424938918,-0.875725686367146,-0.824854649419053,1.67692493101367,14.0889880108792,5.72914099626599,15.5137419044412,0.328125,0.4375,-0.529296875,-0.33203125,-0.720703125,-1.208984375,0.138153167218958,-0.437216034590168,-0.353217542427104,-1.91632453743258e-05,-0.000587715106282895,-3.28312607204117e-05,0.32125946969697,0.481556285511364,0.429879853219697,42,0,0,0.00490521130516789,-0.0472089655391287,0.0412877906754294,0.269852141439647,0.0465185010740291,0.20974933058487,0.280362556993874,0.269308541958512,3.99569344232948e-20,7.19104983708019e-18,4.70951906860167e-17,-0.33889678030303,-0.676646839488636,-0.249807646780303,0.0619086587761663,0.158022229284527,0.0665678424938918
"Feeding",0.0159537176104339,0.0608133912800695,0.108674544111371,20.067648603332,0.252493372048984,0.356575791235575,0.72997,0.1731,0.09693,0.51725109089833,0.252357563529102,-0.11428740530303,-0.469822739109849,-0.80123993844697,0.152847049347665,0.300843291073902,0.187101394989092,-0.0181411256563184,0.340648828845048,0.35860068452356,4.94067738738868,2.48708621213109,2.94516032503615,0.509765625,0.474609375,-0.16015625,-0.716796875,-1.09765625,-1.240234375,0.0944164067632231,-0.270582011400409,-0.635894620742512,-0.00019308587457363,-0.00172951792489516,0.00116471616996785,0.62405303030303,0.944432114109849,0.64108368844697,38,6,19,-0.157731702789863,-0.509835036421433,0.0668329459904826,0.563768054813415,0.563417536250179,0.21855781884132,0.125194611868503,0.124389786014564,-2.01814583366111e-18,2.32768760731893e-17,2.69371877825908e-17,-0.60250946969697,-0.627833510890151,-0.43899443655303,0.152847049347665,0.300843291073902,0.187101394989092
"Feeding",0.00213344295368887,0.0311754020420656,0.0375757309031322,5.63548403662632,0.883726802171443,0.130395145013285,0.82864,0.12186,0.0495,0.211219528380395,0.200045560569389,0.0714444247159091,-0.015869140625,-0.97683623342803,0.0493333724306178,0.18933755575752,0.0840465962085646,-0.790348963688027,-1.66603526672074,3.16631561887499,6.93034174137336,6.75981035762549,18.0615462079847,0.26171875,0.390625,-0.458984375,-0.14453125,-0.9765625,-1.208984375,0.246159524219984,-0.192927126814257,-0.432429757311375,-0.000133163792196845,0.000217725879685187,-4.29720873905065e-06,0.190274325284091,0.406494140625,0.51785185842803,45,0,0,0.0723730831925098,-0.0210291269818155,0.0871651406969218,0.0700905671954393,0.0215829230225023,0.206074315303931,0.3897508943434,0.236601696402908,2.52258603833238e-18,0,-2.69175776864787e-17,-0.215975674715909,-0.960693359375,-0.23214814157197,0.0493333724306178,0.18933755575752,0.0840465962085646
"Feeding",0.00335680410191524,0.0502600275212895,0.0603304398270352,8.39029830002473,0.252493372048984,0.163562561360784,0.76825,0.12814,0.10361,0.354979628045368,0.223454466519616,-0.0544581557765152,-0.319343335700758,-0.915793678977273,0.117279139738096,0.230276529144914,0.108386316576057,0.296298134734701,-0.759708092790818,0.37811873543039,8.52669630080656,4.52010002106975,2.9776564893085,0.537109375,0.24609375,-0.580078125,-0.666015625,-1.482421875,-1.23046875,0.46736776999638,-0.279714738305697,-0.510129184592728,0.000484752787510842,0.00106940118857979,-0.000518383365997299,0.591567530776515,0.565437085700758,0.335715553977273,30,0,8,-0.0642545448027737,-0.326572495893129,0.235139633124652,0.378154384378422,0.381721826454499,0.178724844935571,0.178197760177045,0.168427458964417,-2.84567135546349e-18,-6.60459823405753e-18,-2.01239884345231e-17,-0.611557469223485,-1.16307853929924,-0.314675071022727,0.117279139738096,0.230276529144914,0.108386316576057
"Feeding",0.001236305,0.05414518,0.0578541,5.696912,0.3787401,0.09926215,0.61971,0.27654,0.10375,0.3308591,0.2866034,0.2991093,-0.1069706,-0.8949751,0.1546421,0.2389213,0.1111735,-2.698256,0.3620419,0.8526893,29.48565,4.581875,12.75781,1.015625,0.8476562,-0.1660156,-1.076172,-0.8242188,-1.457031,0.003346388,-0.3074551,-0.2201121,-0.0003872672,0.001158972,-0.0003635628,0.7165157,0.9546268,0.7289595,18,2,2,0.3178466,-0.1126561,0.1057097,0.1767036,0.08574302,0.2069773,0.2040737,0.2073019,-2.081668e-17,-1.267562e-17,4.040203e-17,-1.375281,-0.7172482,-0.5620561,0.1546421,0.2389213,0.1111735
"Feeding",0.0057641107008705,0.0458062278759089,0.0630985599785204,8.09944647066386,0.378740058073476,0.214332021839308,0.74744,0.14836,0.10419,0.327644957655389,0.227256706783751,0.00941790956439394,-0.184910629734848,-0.956136067708333,0.108177354478553,0.250003016489157,0.101070997333352,0.284089594663023,-1.13626590430108,0.810575553011664,7.87599468493091,5.75706562182916,5.45043192656991,0.609375,0.474609375,-0.494140625,-0.40234375,-1.330078125,-1.220703125,0.0717761988973988,0.128052531523817,-0.210295705929205,0.000201661821760724,0.000941363220591016,-0.000306232966570251,0.599957090435606,0.659520004734849,0.461995442708333,58,0,2,0.0111608801661757,-0.183017408254165,0.0992284278450493,0.317123497883873,0.136487151606891,0.207498080298692,0.198148291161039,0.204911422939064,7.85974384743986e-19,1.48672249608678e-18,3.69813558064625e-17,-0.411761659564394,-1.14516749526515,-0.264567057291667,0.108177354478553,0.250003016489157,0.101070997333352
"Feeding",0.00307848954184005,0.0851029875651529,0.0943384561906731,9.76555116300173,0.504986744097967,0.156635336922568,0.65008,0.25906,0.09086,0.387381897813361,0.432587190603367,0.0668279474431818,-0.338356711647727,-0.903342507102273,0.166313446116223,0.262727782494905,0.220074045182965,0.539452508739919,-0.243576552705884,-2.68244216957663,17.2161688625229,6.9415486552048,31.2486995084263,0.947265625,0.98828125,-0.12109375,-0.984375,-1.59765625,-2.806640625,-0.0124389135577418,-0.404167521787479,-0.57012957089646,-7.30856677063698e-05,0.000787224820687867,-0.000443927075316801,0.880437677556818,1.32663796164773,0.782248757102273,30,6,17,0.0662471447451079,-0.359979952197979,0.0668577076164588,0.174114793240892,0.0752609794161792,0.208571649937005,0.313807879594314,0.215889552328622,-6.52867328078546e-18,2.01691121897132e-17,-2.01417247910853e-17,-1.05120294744318,-1.25929953835227,-1.90329811789773,0.166313446116223,0.262727782494905,0.220074045182965
"Feeding",0.00708013071283179,0.0410836805666167,0.0623240727051121,11.4955985930458,0.504986744097967,0.237542619938221,0.85814,0.08748,0.05438,0.303598843549128,0.201663376897216,0.0465346827651515,-0.119584517045455,-0.936323686079545,0.0703267307978061,0.245531310177787,0.0859983438782476,0.997670930865881,-0.634920925511613,1.59643809030914,15.4972408179855,2.95952349906025,11.2451035141219,0.51171875,0.466796875,-0.41015625,-0.353515625,-0.98046875,-1.21484375,-0.113907987200943,-0.135719874086512,-0.494053368282982,3.0930731466324e-05,0.000908212232764186,-0.000142605295434979,0.465184067234849,0.586381392045455,0.526167436079545,29,0,2,0.048479803913676,-0.127344971371497,0.062581967602661,0.406404064487621,0.143266088438268,0.203115514663464,0.320707227207273,0.247580982764225,1.7059756911003e-18,-9.58995302282278e-18,-4.03866400126616e-17,-0.400050307765151,-0.860884232954545,-0.278520063920455,0.0703267307978061,0.245531310177787,0.0859983438782476
"Feeding",0.000822078407448107,0.0271718273849808,0.0296380626073251,2.88662218026781,0.252493372048984,0.0809426697897499,0.46643,0.33676,0.19681,0.264859734597394,0.262168430567423,0.00568921638257576,-0.252567175662879,-0.929783676609849,0.141829456902336,0.171339254233929,0.118617647159326,2.21325459660136,-0.391364976519796,1.07027935143192,26.6429490978253,5.16208859984656,18.4810954012453,1.203125,0.189453125,-0.037109375,-0.548828125,-0.96875,-1.490234375,-0.00165347263525564,-0.189060905259982,0.0986335753021665,-5.25874661267601e-05,-0.000793793875220929,0.000163401569297066,1.19743578361742,0.442020300662879,0.892674301609849,24,2,4,-0.00161860986906264,-0.258344864076268,0.0704996618147548,0.18972893319756,0.045895428219555,0.209947909045922,0.232273585973592,0.252880903816641,-2.71005624707507e-19,-3.2883359072316e-18,2.35665356734852e-17,-0.554517341382576,-0.716182824337121,-0.560450698390151,0.141829456902336,0.171339254233929,0.118617647159326
"Feeding",0.00396667931134253,0.0420034516775756,0.0539034896116032,6.54059388364974,0.378740058073476,0.177801102604473,0.67648,0.20784,0.11568,0.311775368654586,0.249928038289116,-0.185036399147727,-0.259151574337121,-0.91091826467803,0.121390258507602,0.231125136986161,0.10736864975,1.45743254239775,0.815127726688782,-1.17360467496352,23.4715286565786,5.16048343590512,18.1488069181411,0.759765625,0.837890625,-0.314453125,-0.873046875,-0.91796875,-1.72265625,0.114510598129396,0.234924880229211,-0.133128098392063,0.000275234723005759,-0.000704395119114779,0.000297247488448043,0.944802024147727,1.09704219933712,0.59646513967803,66,0,0,-0.198634333814687,-0.265517977782056,0.0762587947092217,0.331963222991708,0.158243949020498,0.20634195535356,0.191862194127194,0.189828185587808,-6.40227446838563e-18,2.93391678796835e-18,-2.69359557346676e-17,-0.688010475852273,-0.658817175662879,-0.81173798532197,0.121390258507602,0.231125136986161,0.10736864975
"Feeding",0.000635810385820288,0.0191762438218739,0.0210836749793348,1.91193796866803,0.378740058073476,0.0711843810479083,0.6533,0.219,0.12771,0.188727372715077,0.175117727287129,0.131858132102273,-0.107725201231061,-0.971368963068182,0.0731930796147343,0.144326913199735,0.0780082560873686,-0.811431430360449,-0.0427646856571291,0.310814905075899,29.7631690050493,4.61393207448043,14.9641873851018,0.576171875,0.47265625,-0.587890625,-0.498046875,-0.603515625,-1.431640625,-0.0621196654899507,0.268969889100514,-0.157028075169266,2.53558881147727e-05,-0.000341441162671445,4.88723900077622e-05,0.444313742897727,0.580381451231061,0.383478338068182,22,0,0,0.1366619099251,-0.108362634326905,0.0473390962420035,0.173257768767539,0.0282011986606885,0.215385837324537,0.223854902388815,0.218522362381908,-7.14415741934399e-18,1.49211270575112e-18,-5.04611664673928e-17,-0.629905007102273,-0.495790423768939,-0.460271661931818,0.0731930796147343,0.144326913199735,0.0780082560873686
"Feeding",0.001750499,0.05520875,0.06046024,5.520439,1.13622,0.1181141,0.60087,0.27226,0.12687,0.3165222,0.3261021,0.1543487,-0.180235,-0.9696674,0.1264509,0.2339086,0.1729688,-1.476821,-2.257933,1.826495,11.7044,11.80839,10.7075,0.5566406,0.4785156,-0.05664062,-0.515625,-1.529297,-1.558594,0.3930892,-0.1018331,-0.2099427,-8.98223e-05,-0.0003913804,6.778597e-05,0.402292,0.6587506,0.9130268,12,0,12,0.1612937,-0.1828973,0.02720099,0.05956406,0.01325883,0.2131403,0.2453367,0.2451953,-7.560873e-18,-1.478458e-18,5.383249e-17,-0.6699737,-1.349062,-0.5889264,0.1264509,0.2339086,0.1729688
"Feeding",0.00206627396537731,0.187272620167685,0.193471442063817,10.602650873048,4.03989395278374,0.128326058773856,0.6948,0.18971,0.11549,0.477490077443469,0.585542706313247,0.0171268347537879,-0.349646366003788,-0.909460819128788,0.189052057788139,0.393581575340728,0.296326472306466,-0.589150016927484,-3.24700479945696,-4.13093156129055,18.9163816670548,33.8232850285576,52.8675944494973,1.095703125,0.876953125,0.544921875,-1.3828125,-4,-4,-0.208453169990891,-0.0294842141037697,0.534963029114848,0.000181745752801166,-0.00116996491714711,0.000398004199711077,1.07857629024621,1.22659949100379,1.45438269412879,38,10,12,0.0379014697219533,-0.333609102252781,0.0733919669529539,0.118901169607796,0.0465632885387862,0.207865165668409,0.216090493871579,0.224638502125377,8.64807805314106e-20,1.83582327514787e-17,-3.2780021052751e-17,-1.39993933475379,-3.65035363399621,-3.09053918087121,0.189052057788139,0.393581575340728,0.296326472306466
"Feeding",0.00424675692733404,0.0244732863679475,0.0372135571499496,6.42178144256537,0.504986744097967,0.18397110048813,0.87292,0.07002,0.05706,0.220255197572314,0.163448197335697,0.0203080610795455,-0.0601325757575758,-0.953813032670455,0.0531841209181967,0.190527399465063,0.0591765708879172,1.74985437874155,-0.917627240967055,1.94777010933694,12.1245477437655,3.47572429698898,15.299800432237,0.3671875,0.42578125,-0.55078125,-0.130859375,-0.708984375,-1.20703125,0.239590920006644,-0.0273200554477486,-0.442889471729293,-1.65143508811119e-05,-0.000555453876957392,5.33186348880504e-05,0.346879438920455,0.485913825757576,0.403031782670455,35,0,2,0.0211056146907409,-0.0638204953595301,0.0588365387650709,0.346892618029301,0.135102661947988,0.212807680649724,0.32366489146311,0.234860858920391,-1.94088535969096e-18,-4.93917745376517e-18,4.03736393403045e-17,-0.151167436079545,-0.648851799242424,-0.253218217329545,0.0531841209181967,0.190527399465063,0.0591765708879172
"Feeding",0.00500547155169081,0.0191372847073945,0.0341536993624669,5.87526064187159,0.252493372048984,0.199730046456247,0.81544,0.12882,0.05574,0.247827395044192,0.136867521696694,-0.103855942234848,-0.216693300189394,-0.935879794034091,0.0735465529944599,0.181802185944744,0.0585044830481741,0.405049880724485,1.03100717144413,-0.778826518895808,4.11909561980838,5.12591524002152,4.46658237468254,0.14453125,0.662109375,-0.76171875,-0.369140625,-0.583984375,-1.15625,0.0546442551495316,-0.0670072926117613,-0.541701311494075,-0.000183161596142935,-0.00176514456862368,0.000377306646369897,0.248387192234848,0.878802675189394,0.174161044034091,45,0,0,-0.110709690511284,-0.226411573078793,0.435861345800526,0.602062302228078,0.292380718350756,0.166571746525427,0.0958560085811161,0.179357859120523,-4.10736543189638e-18,8.22956677420224e-18,3.02406996967941e-17,-0.265284682765151,-0.367291074810606,-0.220370205965909,0.0735465529944599,0.181802185944744,0.0585044830481741
"Feeding",0.000362871572782891,0.031800836930136,0.0328894516484847,2.22080149247606,14.5183688928166,0.0537770999031835,0.52401,0.34345,0.13254,0.273727991473686,0.239174783572027,-0.000614050662878788,-0.228663589015152,-0.940422289299242,0.173124365799196,0.152034504806906,0.0983780947251859,0.99816987719011,0.577644610611781,-0.211535867384807,11.3824670787498,8.16786782373703,9.07515719192738,1.12109375,0.47265625,-0.5078125,-0.591796875,-0.8203125,-1.474609375,-0.142292679579322,-0.263343489240894,0.216907008507237,-2.66666418697702e-05,-0.000594551024675697,0.00017135525874916,1.12170780066288,0.701319839015151,0.432609789299242,52,0,0,-0.00595844209371277,-0.230062998201007,0.0629543019788236,0.118165276973805,0.0433005716006484,0.236330430854602,0.192201500262089,0.219523645236616,-1.82231438302242e-18,2.37425901881887e-18,6.73432261331278e-18,-0.591182824337121,-0.591648910984849,-0.534187085700758,0.173124365799196,0.152034504806906,0.0983780947251859
"Feeding",0.0021034726907026,0.0434842598742931,0.0497946779464009,5.45515841416345,0.631233430122459,0.129476020671524,0.7193,0.21522,0.06548,0.270203925799185,0.255061351513959,0.0474372632575758,-0.0170602509469697,-0.950639204545455,0.118808113992687,0.21941396190651,0.0834771067746322,0.64111007661337,-0.0410394313704763,0.584819886939873,50.5255127457796,4.12080623019577,8.26628078829128,1.005859375,0.81640625,-0.634765625,-1.0234375,-0.796875,-1.33984375,0.282032394135013,0.378116614745606,-0.173934716518723,-6.91413052162343e-05,0.000117221383430401,1.05204229956498e-05,0.958422111742424,0.83346650094697,0.315873579545455,18,0,0,0.0516768871058711,-0.0224650158808282,0.0254206393257717,0.104546531801111,0.0351685707962183,0.206674526890919,0.333846514440615,0.221640108382126,-1.63246349834465e-18,4.71083790531746e-18,4.03697956074605e-17,-1.07087476325758,-0.77981474905303,-0.389204545454545,0.118808113992687,0.21941396190651,0.0834771067746322
"Feeding",0.00831161,0.2055543,0.2304891,19.9398,0.2524934,0.2573733,0.7397,0.17079,0.08951,0.6100756,0.4900448,0.2067279,-0.3744599,-0.8456513,0.1913029,0.4629996,0.2462403,-0.7619956,-0.06264137,1.038093,8.624981,27.09518,4.86802,0.8359375,3.125,0.1796875,-0.859375,-3.845703,-1.396484,0.4475675,-0.2142385,-0.3050391,0.0007494754,0.002034033,-0.001017845,0.6292096,3.49946,1.025339,14,4,13,0.2330257,-0.4017088,0.131195,0.2050134,0.2134786,0.1931943,0.1793303,0.2129493,3.305995e-19,-7.716573e-18,4.714886e-17,-1.066103,-3.471243,-0.550833,0.1913029,0.4629996,0.2462403
"Feeding",0.00192871691911718,0.0735679542649847,0.0793541050223363,5.54492300375023,0.631233430122459,0.123981004132454,0.56217,0.27081,0.16702,0.383062693698347,0.381781209782543,0.0261378432765152,-0.226370146780303,-0.921571673768939,0.208858692013418,0.271074239647261,0.15509336752328,0.224737791975747,0.0626495887790803,1.80863029811149,10.1474830138984,23.3267882029397,10.6525224441073,1.033203125,1.86328125,0.0078125,-0.880859375,-2.05859375,-1.34375,-0.243863396122637,0.0683998072988056,-0.109226233803484,-0.000275292044598543,-0.000384384589265566,0.000207642374607869,1.00706528172348,2.0896513967803,0.929384173768939,42,6,12,0.0364806447945207,-0.2314213571571,0.0567498162085941,0.12881739303226,0.0725400009785266,0.216650540293864,0.215383640893446,0.261895421160235,3.6189867686416e-18,7.22318896220385e-18,5.38571333111721e-17,-0.906997218276515,-1.8322236032197,-0.422178326231061,0.208858692013418,0.271074239647261,0.15509336752328
"Feeding",0.000357890277481955,0.0448640576298352,0.0459377284622811,3.89241454136449,6.81732104532256,0.0534067136222774,0.47676,0.41632,0.10691,0.327164354841024,0.278634206921101,-0.0324337121212121,-0.177468039772727,-0.965124881628788,0.21295282098389,0.201480087252907,0.102030318968077,1.24906063461683,-0.127969347012099,0.294415927401266,16.9306836094462,5.43052153449554,8.89416680325542,1.255859375,0.59375,-0.46875,-1.109375,-1.029296875,-1.455078125,0.0375103074817891,0.0894739987857983,-0.00340356371515845,-2.11019890236028e-05,-0.000393600627572083,0.000116741155864187,1.28829308712121,0.771218039772727,0.496374881628788,72,2,2,-0.0338771478447209,-0.173431213377043,0.0528066806881007,0.233234406361243,0.0570971660539139,0.209822219447116,0.200857911366192,0.215957229298984,1.48854490030663e-18,-3.63864820008393e-18,-3.36443540062614e-17,-1.07694128787879,-0.851828835227273,-0.489953243371212,0.21295282098389,0.201480087252907,0.102030318968077
"Feeding",0.000541768799533881,0.0402680363653075,0.0418933427639091,2.86131981214866,0.378740058073476,0.0657094602011121,0.72977,0.14469,0.12554,0.271676840313648,0.196738318961637,-0.0276988636363636,-0.153246330492424,-0.953960996685606,0.0893431178861684,0.204170124486783,0.087971092278379,-0.135427777239296,0.640979172630513,0.472891498101687,6.61722162706514,5.88724653793165,4.16262510800004,0.3359375,0.62890625,-0.65234375,-0.455078125,-0.798828125,-1.181640625,-0.100996579564588,-0.0813633856463593,0.104886691044012,-4.13849161769789e-05,0.000278497595448349,-7.29926793447433e-05,0.363636363636364,0.782152580492424,0.301617246685606,52,0,0,-0.0296134492989882,-0.153863735033075,0.141978036771054,0.0853530002666231,0.0351807776650339,0.194635393403754,0.215333484558034,0.282484649762654,-5.94142277168755e-19,1.46989477486799e-17,1.68278238894457e-17,-0.427379261363636,-0.645581794507576,-0.227679628314394,0.0893431178861684,0.204170124486783,0.087971092278379
"Feeding",0.00105285087215069,0.0329535637148648,0.0361121163313169,5.38263470301288,0.883726802171443,0.0916018690056168,0.50589,0.34754,0.14657,0.308657083082243,0.228081178107772,0.0504113399621212,-0.0586381392045455,-0.950757575757576,0.183702131785381,0.164220934271641,0.103286213923067,0.323551152779322,-0.319049207718569,1.35700234978868,7.31290769983701,4.96739311243688,8.11046142051085,1.025390625,0.490234375,-0.46484375,-0.4609375,-0.703125,-1.23046875,0.153083247914977,-0.000395520604181196,-0.10555989779994,-0.00107798860008544,-0.000185667186654188,-0.000108965800256312,0.974979285037879,0.548872514204545,0.485913825757576,58,0,0,0.0510577965870428,-0.0608954856550814,0.196508540609043,0.115836708180507,0.00764484108348641,0.271364317681845,0.247719125473809,0.263988376844246,-3.26780177517695e-18,4.98897272399769e-18,4.3741115075858e-17,-0.511348839962121,-0.644486860795455,-0.279711174242424,0.183702131785381,0.164220934271641,0.103286213923067
"Feeding",0.003142445,0.0977248,0.1071521,10.46474,0.2524934,0.158254,0.69439,0.2133,0.09231,0.4465265,0.3551315,0.03553356,-0.2840835,-0.9244274,0.1667119,0.3154366,0.1643715,-1.202547,0.01294856,0.6737512,12.86453,7.34302,6.038261,0.7871094,1.273438,-0.3144531,-0.8574219,-1.699219,-1.589844,0.04612923,-0.3511216,-0.4661257,0.0001566032,0.001646674,-0.0005050306,0.7515758,1.557521,0.6099743,43,6,14,0.03142601,-0.2985158,0.03994229,0.1571676,0.04964481,0.2123721,0.2239651,0.2275165,5.515545e-18,-2.525452e-17,1.009654e-17,-0.8929554,-1.415135,-0.6654164,0.1667119,0.3154366,0.1643715
"Feeding",0.00313639613523593,0.0339008712734163,0.0433100596791241,6.32117422973906,0.883726802171443,0.158101634320329,0.70024,0.19995,0.09981,0.275582810078771,0.225654949281625,-0.0415778882575758,-0.0280317826704545,-0.956261837121212,0.0849616520647008,0.204573051440526,0.1130580500685,2.67316950550494,-0.796586109970161,0.107501136664583,36.4401481976846,4.4393684749813,8.16110265836427,0.771484375,0.427734375,-0.505859375,-0.423828125,-1.03515625,-1.494140625,-0.133869836411087,-0.186045432175063,-0.277999289399508,0.00013131357856309,-0.000200154900777087,-3.16020310084855e-05,0.813062263257576,0.455766157670455,0.450402462121212,28,0,0,-0.0453197526820637,-0.0339836179486842,0.0378677491867975,0.119895439928864,0.0115873160970956,0.208616967316594,0.372990658979312,0.242646205131686,1.21945793356298e-18,-8.9377697380183e-18,3.3642003008564e-17,-0.382250236742424,-1.00712446732955,-0.537878787878788,0.0849616520647008,0.204573051440526,0.1130580500685
"Feeding",0.0004884819,0.02211095,0.02357639,1.961754,1.13622,0.06239433,0.66684,0.18966,0.1435,0.1737173,0.2303737,0.3347908,-0.02496153,-0.946548,0.09028678,0.1394719,0.08804252,0.8647748,-0.2411192,1.583126,11.49903,9.62593,16.4456,0.8300781,0.6503906,-0.3574219,-0.08984375,-0.6230469,-1.324219,0.4236491,-0.361116,-0.3998723,-6.945148e-05,0.0003781709,-4.568467e-05,0.4952873,0.6753522,0.5891261,4,0,2,0.3364513,-0.03032922,0.04578885,0.05930075,0.01786547,0.2077462,0.2361533,0.2353647,1.17746e-17,6.270097e-19,-1.346413e-17,-0.4246345,-0.5980853,-0.3776708,0.09028678,0.1394719,0.08804252
"Feeding",0.00187501621465896,0.021436642171668,0.0270616908156449,3.80111860845963,0.252493372048984,0.122242836371299,0.75006,0.18038,0.06956,0.173524406440111,0.208937288325678,0.0218986742424242,-0.0892444957386364,-0.956217447916667,0.0708584970593962,0.161657938968894,0.0701780959169433,9.17730283969194,-2.25457970539998,2.6779849964333,123.243268457219,14.7769366571382,34.2136188040319,0.970703125,0.365234375,-0.3515625,-0.109375,-1.2421875,-1.412109375,-0.333871746067897,-0.314341686407144,-0.236781873445939,-1.09305908373497e-05,-0.000856897305997234,5.18836843486871e-05,0.948804450757576,0.454478870738636,0.604654947916667,39,0,2,0.021417858566672,-0.0928068228592433,0.0285219503751686,0.371413159994069,0.0677423639495268,0.214782850812606,0.222338121614723,0.220685461679183,-2.49874719440019e-19,1.04295423472073e-18,-3.70105174824382e-17,-0.131273674242424,-1.15294300426136,-0.455891927083333,0.0708584970593962,0.161657938968894,0.0701780959169433
"Feeding",0.00111369224010262,0.0215891515728533,0.0249302282931612,3.38930451824415,0.252493372048984,0.0942114094530005,0.81401,0.10617,0.07982,0.17894095428719,0.156110835980009,0.0298887310606061,-0.0459428267045455,-0.956587357954545,0.0573469411056874,0.15643823060718,0.0535251758776506,-1.8291288794887,-0.988532109094183,1.47636702425491,25.842996045712,6.05664250171559,10.7839127338419,0.328125,0.43359375,-0.666015625,-0.462890625,-0.814453125,-1.13671875,-0.0987581232332772,0.0428724375868936,-0.36336046716303,-0.000117943635499481,-0.000467032135554917,8.00884556248332e-05,0.298236268939394,0.479536576704545,0.290571732954545,37,0,2,0.0315815350716852,-0.048571191552561,0.081744755812068,0.262065565707876,0.0657220345603868,0.24203935461367,0.295708573690243,0.243125627101256,-4.72798390558309e-19,5.02015933811296e-18,-4.03703731299245e-17,-0.492779356060606,-0.768510298295455,-0.180131392045455,0.0573469411056874,0.15643823060718,0.0535251758776506
"Feeding",0.00884846335321574,0.0768832328390916,0.103428622898739,19.3208140217394,0.378740058073476,0.26555521379291,0.79655,0.15922,0.04423,0.387434638017246,0.311074800949737,-0.012747099905303,-0.139530066287879,-0.918434836647727,0.113544311340373,0.314874299445466,0.13344778661025,3.51414243022129,-0.998877511428716,0.889766029202409,48.5675358792456,4.0638039938214,7.92724637019515,1.142578125,0.419921875,-0.345703125,-0.583984375,-1.5390625,-1.578125,-0.0665371691835369,-0.469309668000199,-0.455356764725796,5.34893258532306e-05,-0.000251412505951255,-1.7088203715543e-06,1.1553252249053,0.559451941287879,0.572731711647727,24,2,12,-0.0219925386834854,-0.149690382222052,0.0353903279818479,0.363345108372623,0.158918578556063,0.220992004758906,0.34802194831892,0.2473584590223,-1.02516654282839e-19,-2.92303369797939e-18,2.01995027051541e-17,-0.571237275094697,-1.39953243371212,-0.659690163352273,0.113544311340373,0.314874299445466,0.13344778661025
"Feeding",0.00559565102245577,0.0234462563957085,0.0402332094630758,7.47439168349056,0.252493372048984,0.211176805064258,0.85513,0.09189,0.05298,0.254814883565771,0.147192840904875,0.0732865767045455,-0.303237452651515,-0.922526041666667,0.0541185296267928,0.194770535076128,0.078643370966119,-3.83142965442388,0.59372153334057,-0.499375816284425,23.7577228650722,2.67169678935387,4.49712145259104,0.177734375,0.263671875,-0.65234375,-0.31640625,-0.78515625,-1.263671875,-0.191380666375382,-0.0520670204693658,-0.564334431749911,-0.000133425560803892,0.000530178875979103,2.57093712702742e-05,0.104447798295455,0.566909327651515,0.270182291666667,16,0,0,0.0795002732537266,-0.314603867060843,0.0969371677300431,0.582913614153377,0.313092757393637,0.24247124992914,0.158509123504371,0.176725154996901,-1.56575965374838e-18,-1.3363613141166e-17,-3.69894154532939e-17,-0.389692826704545,-0.481918797348485,-0.341145833333333,0.0541185296267928,0.194770535076128,0.078643370966119
"Feeding",0.000316559208354463,0.0347780025705211,0.0357276801955845,2.2766782257518,11.9934351723267,0.0502282884792249,0.48659,0.41613,0.09728,0.273088831765812,0.263092817108335,-0.0479329427083333,-0.0545839251893939,-0.984841086647727,0.176264927447645,0.18198455603895,0.0961097217675123,-1.61864180931518,0.129941957831005,0.300502466139377,23.7181818806684,7.8544977586546,8.05271736633506,0.658203125,0.931640625,-0.51171875,-1.443359375,-0.775390625,-1.39453125,-0.103321543599048,0.373892035947418,0.13647446668886,-0.000221036520121764,0.000253881155880492,-9.70072421883641e-06,0.706136067708333,0.986224550189394,0.473122336647727,112,2,0,-0.0411205069017852,-0.0527915287346054,0.0287646779162904,0.0572490176603605,0.0226964931202543,0.219258743014657,0.21402965934041,0.229848819022921,3.67322254493094e-18,-7.76097788071513e-18,2.01846186678726e-17,-1.39542643229167,-0.720806699810606,-0.409690163352273,0.176264927447645,0.18198455603895,0.0961097217675123
"Feeding",0.00456488094383419,0.154775999889689,0.168470642721191,21.7671287715729,0.252493372048984,0.19073730056049,0.65777,0.25757,0.08466,0.467028180867625,0.570029488594547,-0.0435014204545455,-0.0410304214015152,-0.948264382102273,0.156424160102811,0.392029060529543,0.279230626503023,1.78880778412868,-2.62287390785527,-3.03982885289401,12.5194676520213,13.2067002492619,37.0744755504393,0.970703125,0.80078125,0.21875,-0.669921875,-2.2265625,-3.28125,-0.185910998494221,-0.279266862503797,0.313111786230712,-0.000254777920354271,0.002681082478282,-0.000259669999845104,1.01420454545455,0.841811671401515,1.16701438210227,54,3,9,-0.061072345190206,-0.0144763548741193,0.0707984955899643,0.302002675873372,0.0346128672045554,0.217620475032148,0.194985731476444,0.27414753057264,3.32889081803954e-18,-7.69429328686765e-18,-2.18521666559075e-17,-0.626420454545455,-2.18553207859848,-2.33298561789773,0.156424160102811,0.392029060529543,0.279230626503023
"Feeding",0.00271092797628249,0.0413044419890171,0.0494372259178646,6.14530226170311,0.757480116146951,0.146987327609033,0.72633,0.1707,0.10296,0.267746097785382,0.244266065067853,0.0463793205492424,-0.04541015625,-0.969593394886364,0.0944748234418879,0.218488446735907,0.106776666726975,-4.6447731457504,-1.12247799849825,1.87522471706828,51.7434011061184,5.57881897049603,11.7460947868915,0.580078125,0.478515625,-0.365234375,-0.9140625,-1.140625,-1.33203125,0.23965530630139,-0.285588864329505,-0.260925935312117,-8.372582914028e-05,-2.22509685056316e-05,1.91479596162487e-05,0.533698804450758,0.52392578125,0.604359019886364,50,0,2,0.0453795251050025,-0.0488618093936391,0.061108791706901,0.151555306405363,0.036257708972053,0.20836476185467,0.313295527802824,0.219270060036654,-5.94379703070637e-19,0,1.00981471235103e-17,-0.960441820549242,-1.09521484375,-0.362437855113636,0.0944748234418879,0.218488446735907,0.106776666726975
"Feeding",0.00214641637254117,0.0831600493076563,0.0895992984252798,6.78647608816804,0.757480116146951,0.130791009094468,0.70955,0.22322,0.06724,0.296070837996442,0.428077670962499,0.00275213068181818,-0.11819365530303,-0.943507339015151,0.1347902059679,0.291575374415184,0.151961885758299,2.75312562236885,-1.23356859930658,1.62040760769508,33.9140438862266,21.2976255147378,18.5725384684749,1.16015625,1.73046875,0.107421875,-0.728515625,-2.150390625,-1.84765625,-0.4501159958578,-0.372493933812337,-0.124863724011656,1.45813393911132e-05,-0.000470256156695733,0.000129360822968909,1.15740411931818,1.84866240530303,1.05092921401515,51,4,13,-0.0104229520179319,-0.120396042722519,0.0199899778693673,0.0615806041213065,0.0396294984643826,0.223159764567039,0.217646634769467,0.217542618487652,-9.90771871636848e-21,-4.04705925281838e-18,-2.39763841154634e-17,-0.731267755681818,-2.03219696969697,-0.904148910984849,0.1347902059679,0.291575374415184,0.151961885758299
"Feeding",0.00095674739309329,0.0483488500016506,0.0512190921809305,3.86008351470407,0.883726802171443,0.0873211703969952,0.58753,0.21924,0.19323,0.266874287082472,0.346293205926884,0.105616714015152,-0.0349195075757576,-0.967233368844697,0.134019932492721,0.223407521358327,0.138939530175989,2.51476413704681,0.0713194647093481,0.67069824451611,34.0189682064879,17.4563279945105,26.4814297578101,1.32421875,1.33984375,-0.033203125,-0.48046875,-1.40234375,-2.009765625,0.189651965091266,-0.000805067552899288,-0.105830828678692,-0.000220509798374736,-0.000807871421502129,0.000188978463997351,1.21860203598485,1.37476325757576,0.934030243844697,44,2,6,0.105416151333349,-0.0397224539190776,0.0897453388697339,0.128865807267353,0.0347254757805778,0.232503134044513,0.211530904177248,0.212078244311346,-3.32075416821288e-18,-4.23639678419478e-18,4.71226374411201e-17,-0.586085464015151,-1.36742424242424,-1.0425322561553,0.134019932492721,0.223407521358327,0.138939530175989
"Feeding",0.00195158867104203,0.176556129779433,0.18241089579256,11.072697618929,7.44855447544502,0.124713953981496,0.64536,0.23116,0.12349,0.557244979536128,0.5592826244321,0.13668915719697,-0.181041370738636,-0.913315281723485,0.411751610896314,0.264586564210774,0.207619838391445,0.343335905564019,-1.20025007906816,1.03609355577535,12.1944649274727,5.54979195699279,6.16024601100488,2.478515625,0.541015625,-0.095703125,-1.638671875,-1.166015625,-1.517578125,-0.237205386940047,-0.323442094642208,0.255373808649469,0.000844054084680654,0.000139444964952814,0.000104751389373504,2.34182646780303,0.722056995738636,0.817612156723485,45,14,8,0.128025238159819,-0.160940576147345,0.056247226988377,0.238531196281295,0.0671017050012651,0.218763209443476,0.177779893492041,0.238344828029741,-5.58380802812329e-18,-1.01022796175863e-17,1.34693639212475e-17,-1.77536103219697,-0.984974254261364,-0.604262843276515,0.411751610896314,0.264586564210774,0.207619838391445
"Feeding",0.0105480314366143,0.0316106386182814,0.0632547329281241,12.733702736581,0.252493372048984,0.289938983540767,0.6528,0.23338,0.11383,0.384158243927198,0.237050704444231,-0.060302734375,-0.237741181344697,-0.935036399147727,0.15051286263824,0.246033884558866,0.117095932588902,0.076964185361826,0.0804565236325756,-0.225432053682519,13.8585958433284,2.05272531142204,4.55124481066789,0.666015625,0.4453125,-0.48046875,-0.93359375,-0.7109375,-1.369140625,0.0496521602802538,-0.0752446874359479,-0.394620917911185,0.00011359929567303,0.00225016485690084,-0.000613518739727971,0.726318359375,0.683053681344697,0.454567649147727,61,0,0,-0.065147494934617,-0.245142690812642,0.0362522302093902,0.725012420836417,0.279664433642474,0.219953651447726,0.094503048645264,0.201567939565702,0,-8.10225515546341e-18,2.01080488145157e-17,-0.873291015625,-0.473196318655303,-0.434104225852273,0.15051286263824,0.246033884558866,0.117095932588902
"Feeding",0.00429205149525422,0.0420704327940816,0.0549465872798443,7.57688410837232,0.378740058073476,0.184949587173129,0.87073,0.10288,0.02639,0.273287238058856,0.198856774218201,0.107673413825758,-0.228567412405303,-0.941968513257576,0.041196397489845,0.228014713132296,0.0970376170335619,0.0168748260211939,0.307012554592705,0.520513710081823,4.49913032070353,4.89687283264331,6.06343996753954,0.255859375,0.720703125,-0.478515625,-0.056640625,-1.064453125,-1.3359375,-0.0527041978848013,-0.0642545973899914,-0.524005211029827,4.12740944309296e-05,-0.00110733407105799,0.000429792207442819,0.148185961174242,0.949270537405303,0.463452888257576,20,0,4,0.114569975182613,-0.237307737866294,0.181516086641386,0.380513884551513,0.261517259285431,0.190175706214321,0.181363567791162,0.186406674043441,6.73427127798264e-18,6.93889390390723e-18,4.36987890961603e-17,-0.164314038825758,-0.835885712594697,-0.393968986742424,0.041196397489845,0.228014713132296,0.0970376170335619
"Feeding",0.02675382,0.1208265,0.201088,31.52911,0.2524934,0.4617573,0.86825,0.08149,0.05026,0.6166284,0.3091153,0.1136364,-0.3937914,-0.8403912,0.1246729,0.4121665,0.2148885,1.870097,0.8106519,-0.2734482,11.25335,5.640939,2.977445,0.9355469,1.9375,-0.1113281,-0.1855469,-1.365234,-1.529297,0.4755666,-0.3339306,-0.7290956,0.0005488275,0.002682021,-0.001236927,0.8219105,2.331291,0.7290631,26,0,14,0.1261746,-0.4381755,0.1882789,0.4895207,0.4565307,0.1784223,0.1285159,0.1523771,1.734723e-18,5.975946e-18,-5.387232e-17,-0.2991832,-0.9714429,-0.6889057,0.1246729,0.4121665,0.2148885
"Feeding",0.0037988989971766,0.0351536798794594,0.0465503768709892,6.22798787594845,0.252493372048984,0.174000212143501,0.85353,0.10686,0.03961,0.263865012877353,0.167931323705621,-0.0613162878787879,-0.471879438920455,-0.860603101325758,0.0482514109484076,0.209776251113107,0.0905765831716588,0.0545780211643561,1.83547971446562,-0.326216543412386,4.5700515425012,9.94737121746152,2.56331633278932,0.103515625,0.86328125,-0.646484375,-0.224609375,-0.806640625,-1.126953125,0.00538849937234759,0.177759151870842,-0.519795621029765,9.24546339081322e-05,-0.00194362808588884,0.000937437328391889,0.164831912878788,1.33516068892045,0.214118726325758,14,0,8,-0.0707380953559616,-0.495131086160115,0.131111412101226,0.46016069444915,0.575180516726962,0.198436830239076,0.128327633493572,0.110237990676864,-3.85014976024682e-20,-1.42663192539535e-17,-6.580727305544e-18,-0.163293087121212,-0.334761186079545,-0.266350023674242,0.0482514109484076,0.209776251113107,0.0905765831716588
"Feeding",0.00168525730289901,0.0969992023699432,0.10205497427864,7.19048074531028,0.631233430122459,0.115892148224433,0.68693,0.15757,0.1555,0.400980071040662,0.371773926179029,-0.0179850260416667,-0.196429628314394,-0.943603515625,0.159092178155689,0.316208900930605,0.152542078882196,-0.614207098807376,-2.42873387609267,1.48364006362422,8.90777531803545,17.1703930628385,9.86106989994298,0.615234375,0.83984375,-0.126953125,-0.828125,-2.50390625,-1.50390625,0.247241797078716,-0.00700946980685485,-0.0410395726624201,0.000110165095358673,-0.00028022170157798,0.000174612399032472,0.633219401041667,1.03627337831439,0.816650390625,68,4,10,-0.0240680989915895,-0.18786185985783,0.0371588921503129,0.113529713582517,0.0490383975112526,0.207297913138624,0.209559302973126,0.208949908217,1.50597324488801e-18,4.44995175756314e-18,0,-0.810139973958333,-2.30747662168561,-0.560302734375,0.159092178155689,0.316208900930605,0.152542078882196
"Feeding",0.0078268780471909,0.0649801832610305,0.0884608174026032,14.5151947035118,0.504986744097967,0.249755573020674,0.61789,0.27147,0.11064,0.414533518781566,0.379965481364159,-0.020456025094697,-0.202621922348485,-0.916851621685606,0.166462386659959,0.293310470979138,0.171539924454794,2.27894177613856,-1.20188838217735,-1.99529480809939,33.3214643404597,4.80020825654789,27.2756331491613,1.484375,0.556640625,-0.349609375,-0.9296875,-1.509765625,-2.4296875,-0.0904584386830592,-0.380424078238352,-0.233769814163805,-0.000219365277238813,-0.000243721222012796,-6.94005261969356e-05,1.5048310250947,0.759262547348485,0.567242246685606,35,4,14,-0.0283119074035664,-0.208707679888047,0.0276422883161339,0.422055159457337,0.182400857028475,0.224467168293112,0.233384239132161,0.200961151912762,-2.28892686629927e-18,1.34029360040507e-17,1.63704004302633e-17,-0.909231474905303,-1.30714370265152,-1.51283587831439,0.166462386659959,0.293310470979138,0.171539924454794
"Feeding",0.00152559718309217,0.0307290115908274,0.0353058031401039,4.99416736360407,0.378740058073476,0.110265802709036,0.81431,0.13355,0.05214,0.191627355318096,0.195805711878687,0.0893924597537879,0.0220096472537879,-0.975275213068182,0.0561576346391255,0.185961851828698,0.0749744713351966,-0.647996179953092,-2.78111625080333,3.20388091567245,16.0860602995524,16.5220750017741,30.236333563515,0.36328125,0.349609375,-0.3359375,-0.279296875,-1.39453125,-1.353515625,-0.0101467564168651,-0.364825707706269,-0.332374827117019,-5.06614606092128e-05,0.00017580341434921,-7.1730967396905e-05,0.273888790246212,0.327599727746212,0.639337713068182,60,0,2,0.0899344980046619,0.020301268342051,0.0585873581310731,0.324597441177897,0.0526916157936507,0.206408082109167,0.27233538704076,0.223210969985851,6.21065091058908e-18,1.53364298783165e-18,-5.04658123147701e-17,-0.368689334753788,-1.41654089725379,-0.378240411931818,0.0561576346391255,0.185961851828698,0.0749744713351966
"Feeding",0.00256433032855165,0.0444071965586289,0.0521001875442838,7.62981304116849,0.378740058073476,0.14295781073016,0.79532,0.13591,0.06877,0.260317687708046,0.24153169633872,0.0822901870265152,-0.249045632102273,-0.913736979166667,0.0749441927801341,0.21994740024174,0.107309048040022,-1.98160063860171,-1.19609725074372,3.30841833058435,14.1319536955066,11.7729461820309,18.6722313821893,0.283203125,0.802734375,-0.16796875,-0.37109375,-1.62109375,-1.1171875,0.242791612050355,-0.345319646364859,-0.484996000225984,0.000109860654010331,0.000309460809150585,-0.000191398072119427,0.200912937973485,1.05178000710227,0.745768229166667,6,2,10,0.0872286784357019,-0.263833993841121,0.0872626584148332,0.30353651787085,0.267367677227408,0.230666959854803,0.255241467559267,0.267924484297552,5.15932901705608e-19,3.64729820321195e-18,-3.69907469634194e-17,-0.453383937026515,-1.37204811789773,-0.203450520833333,0.0749441927801341,0.21994740024174,0.107309048040022
"Feeding",0.000688819271229637,0.0177869419574081,0.0198533997710971,2.54542020709528,0.252493372048984,0.0740923805703914,0.47107,0.42453,0.10441,0.214420034865702,0.209799228801982,0.058297821969697,-0.0194942589962121,-0.985151811079545,0.137558736661397,0.134731282201685,0.0712085979266483,-0.828789665439485,-0.0456443165127971,-0.493274606497385,11.2713279180954,5.31102195702372,9.45522447554217,0.818359375,0.50390625,-0.71484375,-0.53515625,-0.498046875,-1.32421875,0.0371661573041896,-0.31802346980042,0.00271220891854375,3.39216447964844e-06,0.000534309215192494,-4.38057981122291e-05,0.760061553030303,0.523400508996212,0.270308061079545,68,0,0,0.0562272044414883,-0.0187599991831041,0.0897167175112583,0.322983338418786,0.0290937027313767,0.233869260002745,0.175482828288575,0.224443587777,2.55619142882307e-18,9.55254240098571e-19,-4.03661572159371e-17,-0.593454071969697,-0.478552616003788,-0.339066938920455,0.137558736661397,0.134731282201685,0.0712085979266483
"Feeding",0.0010751493594714,0.031966134543709,0.0351915826221232,4.11637737434988,0.757480116146951,0.0925668115047225,0.62908,0.24827,0.12264,0.257692335284665,0.228135385836879,0.0387073863636364,-0.0782211766098485,-0.980172821969697,0.113652806916972,0.185713672021339,0.092381766008974,-0.441801831095862,-1.44918422422193,1.36617561266724,11.6693759288258,8.03863840814453,10.9155776024297,0.64453125,0.43359375,-0.470703125,-0.404296875,-1.056640625,-1.322265625,0.161052941432004,-0.303192506766632,-0.0994023562399768,0.000159453385367413,0.000727648578587547,-2.21414205727556e-05,0.605823863636364,0.511814926609849,0.509469696969697,45,0,2,0.0360871293715603,-0.0776423072679966,0.143941115174139,0.149031246373104,0.0212761965849982,0.216736528132871,0.270110984563326,0.225503461417997,5.35119481344171e-18,-1.24678116302819e-18,4.7097528047767e-17,-0.443004261363636,-0.978419448390151,-0.342092803030303,0.113652806916972,0.185713672021339,0.092381766008974
"Feeding",0.00201974004135801,0.209936580212844,0.215995800336919,13.6646217290525,9.08976139376341,0.126872834315257,0.65552,0.27073,0.07375,0.466475277454947,0.732201308487981,-0.0156176017992424,-0.224897904829545,-0.928992069128788,0.282083376487649,0.437021489885486,0.24278238897028,1.95060481876871,-1.20376881621398,2.3755740858732,28.5896355681639,35.3302265653365,21.014901281129,2.435546875,3.126953125,0.93359375,-1.49609375,-3.546875,-1.994140625,-0.403321767170779,-0.605202637795511,0.154924737937917,0.000194055883304854,-0.000319490814074637,0.00027488251366343,2.45116447679924,3.35185102982955,1.86258581912879,56,18,8,-0.055767328433077,-0.209168233309413,0.0264810709880002,0.0623542737949839,0.0384625882790577,0.210924734881699,0.208861037879598,0.210743299685605,2.34869402441083e-18,-1.85854429226634e-17,-3.36559557908722e-17,-1.48047614820076,-3.32197709517045,-1.06514855587121,0.282083376487649,0.437021489885486,0.24278238897028
"Feeding",0.000400348157093348,0.028667223041783,0.029868267513063,2.49165731011339,16.159575811135,0.0564858698650434,0.60746,0.27345,0.11909,0.233621728650138,0.233379048219653,0.00810842803030303,-0.123416785037879,-0.956676136363636,0.150723618517997,0.136397477072374,0.0885825334943764,0.641241925943842,-0.321925066390162,-0.276386150580652,10.8264432323042,6.3569259870155,10.4584739781383,0.720703125,0.451171875,-0.607421875,-0.625,-0.705078125,-1.490234375,-0.359554898389154,-0.259237985601998,0.41444541897518,0.000104455227810786,0.000426356733315289,2.13389182737769e-05,0.712594696969697,0.574588660037879,0.349254261363636,56,0,0,0.00493919224249916,-0.120544082851804,0.0662856267560327,0.128627932570134,0.027961469587025,0.24699689452046,0.206117718630145,0.218955010553837,2.95235900531993e-19,-3.30681662608079e-18,-1.00954520186781e-17,-0.633108428030303,-0.581661339962121,-0.533558238636364,0.150723618517997,0.136397477072374,0.0885825334943764
"Feeding",0.00133717428398373,0.0230213423997289,0.02703286525168,3.07218228304656,1.00997348819593,0.103232135689531,0.61729,0.30872,0.07399,0.183199459527806,0.207342650242732,0.104166666666667,-0.0608945904356061,-0.97903349905303,0.102005021180272,0.162121437085595,0.0842888586719541,7.79000298801888,0.0395480526396041,-1.7768772373915,115.794419996646,14.1201646513919,49.1641564448211,1.439453125,0.951171875,-0.427734375,-0.427734375,-1.10546875,-1.8203125,-0.195598434186104,-0.533904900986112,-0.174976051276164,0.00012099823948829,-0.00077905585680954,7.39792476472143e-05,1.33528645833333,1.01206646543561,0.55129912405303,30,0,2,0.103415405528796,-0.0634181106930974,0.0668099631613576,0.11638436638486,0.0300060284484489,0.197605991287389,0.293043628869977,0.229208566381352,-5.26291729635552e-18,6.45947325576129e-18,-2.69227176364086e-17,-0.531901041666667,-1.04457415956439,-0.84127900094697,0.102005021180272,0.162121437085595,0.0842888586719541
"Feeding",0.00150027348271378,0.037790839413652,0.0422916598617934,4.19152138325111,0.252493372048984,0.109346810785229,0.5478,0.3438,0.1084,0.319330556990358,0.232272681902538,-0.0738340435606061,-0.266460996685606,-0.922940340909091,0.164525451328799,0.196598909106177,0.107161668963216,1.40030694061571,-0.109423112414195,0.801792273874757,26.51847595008,3.12246241786073,9.94731565039832,1.33203125,0.35546875,-0.3984375,-0.818359375,-0.87890625,-1.443359375,0.138605245592504,-0.383606246275328,-0.286688150567444,-8.84790629952592e-06,0.00100858425244898,-0.000288216789958195,1.40586529356061,0.621929746685606,0.524502840909091,54,4,0,-0.0856142347954797,-0.272820580099556,0.023293433484641,0.224871333812569,0.0847764775292546,0.215363491252575,0.21045733881816,0.213006317869999,4.83776450908027e-18,1.68554936323893e-17,3.02551698429764e-17,-0.744525331439394,-0.612445253314394,-0.520419034090909,0.164525451328799,0.196598909106177,0.107161668963216
"Feeding",0.000578125024249909,0.0110324019902892,0.0127667770630389,2.19733024503252,0.252493372048984,0.0678784299602642,0.61647,0.30259,0.08094,0.149417089036674,0.13222963187753,0.107865767045455,-0.342188979640151,-0.912161162405303,0.0791388333165995,0.109798565470694,0.0488963719815649,-3.37477628751518,0.742968428910982,0.454694484120779,18.436377406791,6.58802350425749,8.82395020403641,0.328125,0.17578125,-0.6484375,-0.41796875,-0.81640625,-1.115234375,0.0409364456992697,-0.134836531801144,-0.492638368478101,-0.000260646377642194,-0.000196738533847152,1.19419984966819e-06,0.220259232954545,0.517970229640151,0.263723662405303,4,0,0,0.116982375702904,-0.35475877417707,0.178095844429053,0.365216721048852,0.20064052767444,0.342823818836373,0.211319791184961,0.202521021254507,2.02872091166925e-18,-2.35366713451782e-17,-4.71014327413155e-17,-0.525834517045455,-0.474217270359849,-0.203073212594697,0.0791388333165995,0.109798565470694,0.0488963719815649
"Feeding",0.000499946128347114,0.0585101137936326,0.0600099521786739,3.84963997733415,14.7708622648655,0.0631222555371695,0.58515,0.30327,0.11158,0.303380932908632,0.345688461860368,0.0338245738636364,-0.126213304924242,-0.980934836647727,0.216467533777294,0.176207669291982,0.156993646738075,2.46212157055714,-0.675116482681682,-4.2072688700086,28.2190331022996,4.92978273033102,49.0434672654288,1.6171875,0.34765625,-0.322265625,-1.1328125,-0.875,-2.599609375,-0.0758803603005196,-0.629286798142101,-0.0225731492119795,0.0001910222972334,-0.000599339288392933,7.11106203816536e-06,1.58336292613636,0.473869554924242,0.658669211647727,61,2,2,0.0194862089472477,-0.125989418296616,0.029709037139953,0.238286423559772,0.0393704975170198,0.236382533422213,0.247337918536487,0.221675945524724,3.87889754512333e-18,6.62923919252311e-18,2.0197529503402e-17,-1.16663707386364,-0.748786695075758,-1.61867453835227,0.216467533777294,0.176207669291982,0.156993646738075
"Feeding",0.00390681351710618,0.0245892874120783,0.0363097279633968,5.28296184783191,0.252493372048984,0.17645429960319,0.87939,0.07936,0.04126,0.227423773871528,0.147627851818409,-0.0258863044507576,-0.196215080492424,-0.960530598958333,0.0447463669953706,0.188374100198182,0.0616670567960756,-1.2923570890153,0.595477657533498,-0.440394658928012,8.16415798053386,4.71940596078537,3.98657430650368,0.080078125,0.73046875,-0.78125,-0.30078125,-0.6328125,-1.1796875,-0.352973218606024,0.222253404368452,-0.364905867009751,9.29342245677595e-05,-0.0011283080418577,0.000278419255938212,0.105964429450758,0.926683830492424,0.179280598958333,34,0,0,-0.0262772559403758,-0.200315944519428,0.243307572559522,0.475215545851316,0.276479281134239,0.179344737147821,0.153069838117999,0.179461431572267,-6.62328429422726e-19,1.22377266806096e-17,3.69817151537734e-17,-0.274894945549242,-0.436597419507576,-0.219156901041667,0.0447463669953706,0.188374100198182,0.0616670567960756
"Feeding",0.000908204214378217,0.0311551034485413,0.0338797160916759,3.56464273710545,0.378740058073476,0.0850770966547172,0.53595,0.25342,0.21063,0.258931085535755,0.264528961298668,0.0588082978219697,-0.213193951231061,-0.929029060132576,0.128775086837384,0.181014681937497,0.117748515780154,-2.06666208865959,-1.88017200209012,0.448707299537111,22.2878865094147,13.7524358070919,22.6412819984288,0.5390625,0.537109375,-0.177734375,-0.87890625,-1.486328125,-1.814453125,0.187135583558177,0.0609921129014092,-0.0351001929127159,0.000355998299612271,0.000157026134366297,-8.22787773757731e-05,0.48025420217803,0.750303326231061,0.751294685132576,18,2,4,0.063980642265637,-0.216946318755472,0.146404125378382,0.207656611238249,0.0938157775478519,0.190867199419808,0.217793873067621,0.226416708038168,-4.13044066279279e-19,4.09193916519032e-19,4.37542697542055e-17,-0.93771454782197,-1.27313417376894,-0.885424064867424,0.128775086837384,0.181014681937497,0.117748515780154
"Feeding",0.00200329754691387,0.109331261619338,0.11534115426008,8.3606180101278,0.631233430122459,0.126355349665303,0.7932,0.14656,0.06024,0.327144346070793,0.388364537280674,0.013916015625,-0.0981149384469697,-0.940318714488636,0.107162712553257,0.338674812100965,0.138662887160664,4.13523519978103,0.816864205494317,2.46106308106263,48.5028391057605,19.9491370466787,12.498726992964,1.08203125,2.521484375,-0.17578125,-0.51953125,-1.51171875,-1.2734375,-0.160732963365058,-0.311207853165448,-0.122174837496942,9.26043069559573e-05,2.63641112411871e-05,8.09399997309717e-05,1.068115234375,2.61959931344697,0.764537464488636,43,2,11,0.00573118640706599,-0.105656181949854,0.0427999785914805,0.108249476753817,0.0473458785781585,0.205218106182832,0.221227009553287,0.231699806011183,0,5.46125776125464e-18,-1.00985834738165e-17,-0.533447265625,-1.41360381155303,-0.333118785511364,0.107162712553257,0.338674812100965,0.138662887160664
"Feeding",0.00320327218834528,0.0313991127976953,0.0410089293627311,5.63542855233087,0.252493372048984,0.159778310957933,0.48833,0.385,0.12667,0.343774828810118,0.222578757322605,-0.00787908380681818,-0.320438269412879,-0.90676787405303,0.178659511614106,0.196966392841307,0.115166538749021,0.668459344463602,0.422669305683302,-1.15773033671118,9.77619550189883,3.37865136201211,7.81849773218637,0.890625,0.3515625,-0.63671875,-0.71875,-0.70703125,-1.53515625,-0.0495610761941566,-0.141875699796923,-0.33753325905001,-3.77513641010507e-05,-0.00148066323579525,0.000563550233484859,0.898504083806818,0.672000769412879,0.27004912405303,46,0,0,-0.011265290766148,-0.33318191693863,0.0743789200769845,0.468626077890286,0.221396673976746,0.254214152115808,0.126615921052127,0.179702228032218,9.21340837627064e-20,-3.26903382310023e-18,-2.69369824412703e-17,-0.710870916193182,-0.386592980587121,-0.62838837594697,0.178659511614106,0.196966392841307,0.115166538749021
"Feeding",0.00273963772933479,0.0388088264941014,0.0470277396821058,8.86648993507625,0.631233430122459,0.14776360346698,0.60559,0.26666,0.12775,0.31096195890008,0.244363885744329,0.0457948626893939,-0.0408824573863636,-0.939009232954545,0.157101857126988,0.207353161412966,0.0998991166294843,1.59775740808697,-0.344102896848878,0.356001385797549,12.3595731705374,2.62294560979682,14.5501697479617,0.845703125,0.451171875,-0.40625,-0.548828125,-0.681640625,-1.517578125,-0.290274809805534,-0.0101973467186422,-0.0551903873121206,-0.000296036729027125,0.000114983293685474,-4.1247344354298e-05,0.799908262310606,0.492054332386364,0.532759232954545,21,2,0,0.0460146005501181,-0.040087253587703,0.117512302392599,0.430527671283309,0.0809885750391465,0.289244404875836,0.299160203947135,0.218235628611743,4.85575593806409e-18,8.80708923823926e-18,-4.03779450911197e-17,-0.594622987689394,-0.640758167613636,-0.578568892045455,0.157101857126988,0.207353161412966,0.0998991166294843
"Feeding",0.00167597346745709,0.0912948325572319,0.0963227529596032,7.75583616953245,1.38871354626941,0.115572490952152,0.53687,0.32006,0.14308,0.459772283380682,0.461892907701736,0.102317116477273,-0.277565696022727,-0.897934422348485,0.297553309075602,0.232791387295961,0.191538835500181,0.630460837711767,-0.801962353290072,1.48029175812449,7.83194900377969,7.8254369260968,8.28956367843231,1.462890625,0.521484375,-0.02734375,-1.10546875,-1.61328125,-1.537109375,0.0817436787972236,0.308907141741496,0.328403891075392,0.000551438817836156,-0.000247675138101728,6.6281594642892e-05,1.36057350852273,0.799050071022727,0.870590672348485,28,2,7,0.116128834151386,-0.268407430229111,0.0799760095495462,0.214050476212045,0.0664183381761034,0.215887350348699,0.187053975249196,0.246252160650783,1.10583488060508e-17,2.01558933422031e-17,1.3468439885305e-17,-1.20778586647727,-1.33571555397727,-0.639174952651515,0.297553309075602,0.232791387295961,0.191538835500181
"Feeding",0.000395326888126444,0.038750027027068,0.0399360076914473,2.38098397009757,7.19606110339604,0.0561305220209206,0.67878,0.23551,0.0857,0.236255039744031,0.224180359180733,-0.0854196259469697,-0.23507782907197,-0.946081912878788,0.118995323591803,0.198555786602461,0.0724612578026473,-0.951655107531865,1.32529431105034,1.3785863174718,36.2664360641764,8.35489400558658,11.6102488662925,0.6953125,0.685546875,-0.529296875,-1.150390625,-0.76171875,-1.220703125,-0.12024595512219,0.071207008749682,-0.177614531360435,-0.000182532332435482,9.67747712842974e-05,-7.74109003352271e-05,0.78073212594697,0.92062470407197,0.416785037878788,44,2,2,-0.0882857776679349,-0.239862753644079,0.0591868033064332,0.0771646833385904,0.063007560831784,0.209465429656296,0.206004969034042,0.218710639894075,-1.06777486684178e-19,2.43519405569105e-18,-3.36507709225284e-17,-1.06497099905303,-0.52664092092803,-0.274621212121212,0.118995323591803,0.198555786602461,0.0724612578026473
"Feeding",0.00134994738562151,0.0641349554619074,0.068184797618772,5.08487622495196,0.631233430122459,0.103724016449606,0.5738,0.32632,0.09988,0.299274258924472,0.4130313982342,0.0675529711174242,-0.105298591382576,-0.979329427083333,0.178861683067738,0.249113621855796,0.157420284995504,8.3784126106012,0.334098105550248,-1.86443667674308,119.849617166207,15.189611118835,26.4958354148525,2.4375,1.390625,-0.19921875,-0.724609375,-1.373046875,-2.16015625,-0.0113093632473003,-0.446187227169723,-0.398640745007333,0.000285378097302206,-0.000305280154316861,7.12558350833821e-05,2.36994702888258,1.49592359138258,0.780110677083333,68,2,4,0.0571913992871504,-0.10844714469672,0.0397681161729948,0.15623923445204,0.024868627591186,0.207967685784786,0.206679482014601,0.223333255752414,6.15914071948417e-19,-3.29341810491513e-18,3.78538394468038e-17,-0.792162346117424,-1.26774828361742,-1.18082682291667,0.178861683067738,0.249113621855796,0.157420284995504
"Feeding",0.0010443377243853,0.00762747305764469,0.0107604862308006,1.68881116820624,0.252493372048984,0.0912307798792368,0.81583,0.14903,0.03514,0.133472509182736,0.0783095657060735,0.23291015625,-0.139744614109848,-0.940289121685606,0.0450270926656162,0.102849762808211,0.0241683159941146,0.711198554005263,0.180995719264076,0.0547214050797419,5.25412843570573,5.98639396426973,3.28585824599357,0.443359375,0.3984375,-0.865234375,0.0703125,-0.5859375,-1.021484375,0.206615116424152,0.143232302247274,-0.364267647094213,-0.000151207992698707,-0.000748233399462919,8.53091789142947e-05,0.21044921875,0.538182114109849,0.0750547466856061,2,0,0,0.242580803218488,-0.142853555984113,0.156317056506855,0.526459645207421,0.182686359712755,0.243499030656046,0.146211601300385,0.194891617711273,0,-3.93952457001468e-18,1.682754154513e-17,-0.16259765625,-0.446192885890151,-0.0811952533143939,0.0450270926656162,0.102849762808211,0.0241683159941146
"Feeding",0.0108231656766178,0.0640584095070515,0.0965279065369049,16.575553937355,0.252493372048984,0.293696017500185,0.81757,0.098,0.08443,0.447943064792097,0.218534807560119,-0.0212328361742424,-0.530769116950758,-0.780480587121212,0.106675747475413,0.283168500720083,0.162797134605571,1.22656485257977,0.886148774724136,-0.403174143136311,10.6090754394181,3.85974944844022,2.30824338482202,0.607421875,0.71875,-0.482421875,-0.3671875,-1.138671875,-1.3671875,-0.0963253466154204,0.12248130854577,-0.729760175040209,-0.000208890074610804,0.00051524023199297,-0.000325545884992402,0.628654711174242,1.24951911695076,0.298058712121212,24,0,27,-0.0254195192783636,-0.588867959794806,0.107026714293785,0.485287387570133,0.541157429280103,0.200131519535202,0.186160932329265,0.176046215807001,2.77167147707155e-18,-6.57995727559195e-18,3.35502050107908e-17,-0.345954663825758,-0.607902758049242,-0.586706912878788,0.106675747475413,0.283168500720083,0.162797134605571
"Feeding",0.00244470192483631,0.0513216562969649,0.0586557620714739,5.79687425172506,0.631233430122459,0.139583428537131,0.69691,0.23803,0.06506,0.271076521159751,0.318845904865769,-0.00351414535984848,-0.106075402462121,-0.944469105113636,0.119842316710099,0.237596817247214,0.115549234927708,-0.758029037353956,-1.25209593481061,2.94876731315698,18.7389275803472,13.8921270302539,17.1915338324984,0.79296875,1.22265625,-0.150390625,-0.63671875,-1.443359375,-1.28515625,-0.23290166650388,-0.44543730328669,-0.300820677840297,8.23246346500009e-05,4.06180806468445e-05,6.27887989225777e-05,0.796482895359849,1.32873165246212,0.794078480113636,69,6,10,-0.0130501492809093,-0.110430664238353,0.0295084615543675,0.116322133818573,0.0538760551852139,0.229729208323749,0.258308364753364,0.236958588775471,7.2758846785891e-19,1.65012285191165e-18,-1.00982497941706e-17,-0.633204604640151,-1.33728397253788,-0.340687144886364,0.119842316710099,0.237596817247214,0.115549234927708
"Feeding",0.00137708258173864,0.0276188017875723,0.0317500495327882,3.07018143853711,0.252493372048984,0.104761304300323,0.85138,0.07736,0.07126,0.206656239687357,0.164793917461854,-0.0434866240530303,-0.412042791193182,-0.89206025094697,0.0541232968268182,0.175794232940929,0.0588177750826119,-0.983929074558204,0.92485424693932,-0.316918371355839,11.2577301184755,10.0692802116419,2.73593886033828,0.22265625,0.484375,-0.73828125,-0.328125,-1.2109375,-1.087890625,0.284494940426821,-0.105949446518891,-0.392771925568043,0.000161497855510047,-0.00103878891040671,0.000478547406638665,0.26614287405303,0.896417791193182,0.15377900094697,12,0,4,-0.0490284677402853,-0.426516362366353,0.073408545819005,0.237471375339421,0.443683887337129,0.20909455593947,0.17641399857042,0.126827907542474,5.14071995988155e-19,6.58160000615632e-18,2.69366744292895e-17,-0.28463837594697,-0.798894708806818,-0.19583037405303,0.0541232968268182,0.175794232940929,0.0588177750826119
"Feeding",0.00175181058365301,0.0524044796885151,0.0576599114394741,4.77070075692148,0.504986744097967,0.118158366187175,0.71623,0.16972,0.11406,0.2967497350099,0.264685668212393,-0.01123046875,-0.279274680397727,-0.91720673532197,0.118884842040271,0.236156396707241,0.102963892568819,-0.402588381287446,-3.44906894548377,1.19255473878405,10.4910066252887,28.1427454792465,5.83992213442644,0.595703125,0.34375,-0.494140625,-0.60546875,-2.357421875,-1.177734375,0.190228325145125,-0.154058447466979,-0.303701397689773,0.000232768976351505,0.000474600496522184,-0.000151701595303237,0.60693359375,0.623024680397727,0.42306611032197,28,0,10,-0.013810752334632,-0.284931933570068,0.0781649289760992,0.102985709962054,0.0778762559098658,0.210940898585289,0.236653117744376,0.25499761187862,0,2.10754887786055e-17,2.69311334220929e-17,-0.59423828125,-2.07814719460227,-0.26052763967803,0.118884842040271,0.236156396707241,0.102963892568819
"Feeding",0.000429920107827945,0.0487042186530827,0.0499939789765666,3.60190195042831,0.504986744097967,0.0585348868673048,0.57688,0.3281,0.09502,0.276771678521723,0.35791219438189,0.0413263494318182,-0.10403349905303,-0.968224727746212,0.191793063416062,0.178585647879115,0.134108617788512,-0.629409881959696,0.117309165658522,1.63299753048572,28.0106422206239,10.7204944796884,25.9443120668514,1.509765625,0.986328125,0.06640625,-1.18359375,-0.91796875,-1.8203125,-0.193820616097398,-0.648362516591915,0.181080641645583,-2.51871078693527e-05,-0.000982432231101096,-3.01594375900857e-05,1.46843927556818,1.09036162405303,1.03463097774621,30,4,2,0.0320074818625613,-0.104643734802767,0.0655361118443923,0.199551784409358,0.0194479281003887,0.210458989223188,0.231814492630979,0.217906436027675,3.27673412262073e-19,-1.99014241107158e-18,3.36438278191275e-17,-1.22492009943182,-0.81393525094697,-0.852087772253788,0.191793063416062,0.178585647879115,0.134108617788512
"Feeding",0.000615653376728928,0.0184268344179964,0.0202737945481831,1.70867797341679,0.631233430122459,0.0700469189251051,0.61367,0.30335,0.08297,0.178767713086117,0.18700256324251,0.0730054450757576,-0.11550810842803,-0.98263642282197,0.0807524513528549,0.141195146388601,0.0811156914808986,7.53746092708616,-0.66598539413957,-2.94444429141013,96.9449455138451,10.9954798643619,31.5016926731401,1.087890625,0.587890625,-0.607421875,-0.177734375,-0.99609375,-1.72265625,-0.146598076030339,-0.529999408413912,-0.151513975959298,0.000197676697249053,-0.000164359476803149,4.44497106711752e-06,1.01488517992424,0.70339873342803,0.37521454782197,35,0,2,0.071929263954951,-0.116359589176426,0.0804933115921618,0.16385400676088,0.0313141643884428,0.197417780374901,0.226510400966072,0.215804623221533,6.73429694564771e-18,-6.16280638290174e-19,2.6916961662517e-17,-0.250739820075758,-0.88058564157197,-0.74001982717803,0.0807524513528549,0.141195146388601,0.0811156914808986
"Feeding",0.00100487273571424,0.11220825623142,0.115222874438563,5.43912161327503,8.20603459159197,0.0894903972320656,0.61053,0.28662,0.10285,0.357507514778466,0.494597413911226,-0.0196200284090909,-0.274665601325758,-0.914402817234849,0.233399111913814,0.322791309504558,0.173365616320783,3.52185780373232,1.35164158984286,2.42478946792079,37.6403529544688,44.074345451436,12.4611520354628,2.25,2.837890625,0.009765625,-0.66015625,-2.16015625,-1.435546875,-0.323926139996677,-0.444271475294412,0.0476532790345184,-0.00022187023084348,0.000126930387434862,-0.000227365460871719,2.26962002840909,3.11255622632576,0.924168442234849,32,10,6,-0.0572647769375346,-0.270452856329217,0.0344369529784528,0.0456427186335165,0.0580844605513752,0.213098731576655,0.209837652363804,0.236176048641726,-1.580743153232e-18,-5.9073617801419e-18,2.35409450114121e-17,-0.640536221590909,-1.88549064867424,-0.521144057765151,0.233399111913814,0.322791309504558,0.173365616320783
"Feeding",0.00191749530781922,0.0413379954776636,0.0470904814011213,8.41333278000955,0.252493372048984,0.123619806439482,0.4556,0.42895,0.11545,0.361263054461519,0.325986909470984,-0.0838955965909091,-0.267622514204545,-0.928555575284091,0.214440237918248,0.207294712329055,0.120015988556669,0.119312955811317,-0.621245165709889,2.08310486564356,16.5781508340117,6.57939196928787,13.4847368218706,1.130859375,0.431640625,-0.09375,-1.525390625,-1.306640625,-1.28515625,-0.0326561225356522,-0.230557269071652,-0.257984569603649,0.000917660105068186,-0.000899998685424805,0.000166435792275107,1.21475497159091,0.699263139204545,0.834805575284091,56,4,4,-0.0916171438535777,-0.266270568966873,0.216564189184997,0.372197624787743,0.206980210991439,0.201969409608183,0.190533064642133,0.20027668296344,-4.47667821381552e-18,1.35761927432618e-17,3.02627353872552e-17,-1.44149502840909,-1.03901811079545,-0.356600674715909,0.214440237918248,0.207294712329055,0.120015988556669
"Feeding",0.000317645167741338,0.0364641360852837,0.0374170715885077,2.29723535437225,16.2858224971594,0.0503143690290063,0.44454,0.33191,0.22355,0.302585962609045,0.310709181017858,0.158069957386364,-0.201038707386364,-0.938195430871212,0.192681933572396,0.163830119930112,0.142139986512032,0.840101477547057,-0.303508569741643,-0.674937962806396,19.7868136625625,5.28116838191833,9.57865989064365,1.546875,0.29296875,-0.451171875,-0.912109375,-1.029296875,-1.6171875,-0.0179574158264809,-0.0690037740543073,0.135184502098395,0.000119014912377959,-0.000251231624480692,0.000179573264434647,1.38880504261364,0.494007457386364,0.487023555871212,30,0,0,0.163801364369876,-0.200618861184888,0.0549483970317275,0.177123119453184,0.0345726132122796,0.211176114329567,0.196171666972467,0.243247402809983,-1.09354776933688e-17,1.01009834005003e-17,3.36565076456712e-17,-1.07017933238636,-0.828258167613636,-0.678992069128788,0.192681933572396,0.163830119930112,0.142139986512032
"Feeding",0.00032975064414115,0.0314535161591605,0.0324427680915839,2.37771092273524,1.26246686024492,0.0512641464316665,0.56674,0.28437,0.14888,0.242761757310319,0.266923171960535,0.0818167021780303,-0.403682824337121,-0.895174893465909,0.116638013269614,0.172698065314531,0.117538754509584,-0.0713290951437111,-0.472368418190956,0.0859221057750368,13.1908750397124,8.41532982007274,20.4924437799244,0.5,0.25390625,-0.109375,-0.669921875,-1.3359375,-1.703125,0.233982882215865,0.375766018524417,0.181725210923616,-0.000522029656204958,0.00061797963345975,-0.000221858129618338,0.41818329782197,0.657589074337121,0.785799893465909,2,0,4,0.0969427128288211,-0.412695535529061,0.122826533853112,0.113585377262155,0.0560400090354841,0.22943789706006,0.216307251057066,0.206701359802872,1.00260466523334e-18,3.29326409892472e-18,-3.02629728131571e-17,-0.75173857717803,-0.932254675662879,-0.807950106534091,0.116638013269614,0.172698065314531,0.117538754509584
"Feeding",0.00248931200934665,0.0201811956268032,0.0276491316548431,4.87500845381997,0.252493372048984,0.140851206517801,0.83607,0.11921,0.04472,0.192770321288166,0.136579423391347,0.0704456676136364,-0.108568596117424,-0.970473780776515,0.0425939034939024,0.164648399012227,0.0643980070426083,0.480206832903419,0.119276756411992,3.7821047347442,17.4696930307719,2.39939030242054,29.7958321304966,0.376953125,0.228515625,-0.46484375,-0.109375,-0.568359375,-1.216796875,-0.0201578878138878,-0.30372785863936,-0.335993355932563,6.12895208179797e-05,-0.00104018246201795,6.75624137883225e-05,0.306507457386364,0.337084221117424,0.505630030776515,23,0,2,0.0717584810445502,-0.112328766092284,0.0783719511890944,0.428118309262898,0.0344415809778821,0.202363039578366,0.263215375784897,0.226248573582766,-3.31492760824238e-18,3.79932778341156e-18,-1.34644357295544e-17,-0.179820667613636,-0.459790778882576,-0.246323094223485,0.0425939034939024,0.164648399012227,0.0643980070426083
"Feeding",0.00261149879471263,0.0369970102791245,0.0448315066632624,6.7224200850273,0.631233430122459,0.14426660746891,0.82272,0.14634,0.03094,0.242728185172033,0.193999616945904,0.0928770123106061,-0.0773259943181818,-0.965339429450758,0.0452487772198669,0.206922832849419,0.0981190019468274,0.0436094958024007,-0.95814935007589,2.57268982635093,7.53493131559606,4.31862287100764,13.7429754805499,0.3359375,0.47265625,-0.466796875,-0.087890625,-0.828125,-1.296875,0.0528444913251781,-0.357859805582169,-0.412934189405745,0.000120193189562966,-4.31822665640551e-05,-2.70526072611846e-05,0.243060487689394,0.549982244318182,0.498542554450758,39,0,4,0.094781417395393,-0.0844058200977295,0.138136290798913,0.182224785348272,0.0459033945924416,0.192178765286566,0.353286893232718,0.233406921710564,-3.30305631314828e-18,6.93889390390723e-18,-6.7335012480306e-18,-0.180767637310606,-0.750799005681818,-0.331535570549242,0.0452487772198669,0.206922832849419,0.0981190019468274
"Feeding",0.001129815,0.03885636,0.04224581,3.128176,0.8837268,0.09489092,0.56095,0.288,0.15105,0.3145631,0.239492,0.2302098,-0.07865027,-0.9299612,0.1456446,0.2023647,0.1146626,0.421729,0.1672219,0.1672115,12.72325,4.476107,6.091203,1.080078,0.6503906,-0.3886719,-0.5585938,-0.8222656,-1.369141,0.09717474,-0.2173721,-0.197384,-4.277146e-05,0.0004240327,-2.15319e-05,0.8498683,0.7290409,0.5412894,37,0,0,0.2379852,-0.08453584,0.04751253,0.070162,0.01370566,0.2146696,0.2308154,0.2353698,-1.346562e-17,-1.111971e-17,-2.691706e-17,-0.7888036,-0.7436154,-0.4391794,0.1456446,0.2023647,0.1146626
"Feeding",0.00254683331018629,0.0461508087924621,0.053791308723021,5.99340648368502,0.252493372048984,0.142469258840337,0.70081,0.21934,0.07985,0.266046921631084,0.285403836596829,0.09375,-0.0579796993371212,-0.970473780776515,0.0896630762077039,0.231881680789798,0.122258831963621,-0.974124755932796,-1.93345841331719,1.31503758050177,15.2834743758355,10.7394999066191,16.2711116486557,0.615234375,0.74609375,-0.357421875,-0.43359375,-1.423828125,-1.73046875,0.0126759110329735,-0.374403675663549,-0.0306282045331781,0.000194646295710531,0.000831526769030971,-6.20761004522955e-05,0.521484375,0.804073449337121,0.613051905776515,53,2,4,0.092413454762534,-0.0558663017503922,0.0513875497950465,0.215121719109274,0.0330368470250418,0.223470809172391,0.219739707830517,0.210128478971135,0,2.47672433777157e-18,-1.346654047809e-17,-0.52734375,-1.36584842566288,-0.759994969223485,0.0896630762077039,0.231881680789798,0.122258831963621
"Feeding",0.00139219851792427,0.0848919174503665,0.0890685130041393,10.590624035615,1.13622017422043,0.105334706101634,0.49451,0.31315,0.19234,0.440013426613436,0.454924851672929,0.0101873224431818,-0.207482540246212,-0.913344874526515,0.291525742966617,0.24257847136164,0.190480165000922,0.581077377820571,-2.71778123348495,-0.329477374278573,8.9579208353221,16.8403395329882,13.0867741971279,1.60546875,0.150390625,-0.125,-0.99609375,-2.04296875,-2.177734375,-0.153968212388303,-0.0118729538402732,0.132237934729935,-0.000528233126357375,0.000666152700035544,-0.000363964727196096,1.59528142755682,0.357873165246212,0.788344874526515,30,10,10,0.00700296654645163,-0.200052049772479,0.0510438553513384,0.311981296114615,0.116824590688459,0.272779814932775,0.192981714514834,0.206426048214868,4.04263158059409e-18,1.07204596630915e-17,-1.34701339511995e-17,-1.00628107244318,-1.83548620975379,-1.26438950047348,0.291525742966617,0.24257847136164,0.190480165000922
"Feeding",0.00210016432868394,0.0511509332259752,0.057451426212027,4.32911584317339,0.631233430122459,0.129374160040473,0.64295,0.24468,0.11236,0.278730968689021,0.342793326690593,0.120265151515152,-0.131014737215909,-0.962846235795455,0.148220437950936,0.225865700674167,0.127948853573541,-4.09644698433829,-1.59166487095684,-2.48931180908592,43.909539461255,14.6988048544403,42.7263456885839,0.728515625,0.931640625,-0.322265625,-1.322265625,-1.75,-2.23046875,0.387616772115521,0.146662503761189,-0.322776501807775,-0.000138620170923309,-0.000445890021416366,0.000131992520984288,0.608250473484849,1.06265536221591,0.640580610795455,26,2,6,0.12479905971755,-0.1328746633478,0.0398508698342395,0.121594756464026,0.0544224593277253,0.205921924440536,0.231886214614834,0.209331716896486,-3.78139611196048e-18,-6.35823998473187e-18,4.0383790901839e-17,-1.44253077651515,-1.61898526278409,-1.26762251420455,0.148220437950936,0.225865700674167,0.127948853573541
"Feeding",0.00328008173769334,0.0410648523876311,0.0509050976007111,6.42006925884328,0.883726802171443,0.161682582504279,0.7226,0.20185,0.07555,0.287409842835313,0.249029477006963,0.0500044389204545,-0.088571259469697,-0.963452888257576,0.0871772976671687,0.224695986107356,0.111173049090706,-1.05510335498748,-0.21039609264794,2.85758760200681,15.1144195955127,4.73087582857837,16.0912303125813,0.5625,0.890625,-0.1796875,-0.4921875,-0.8671875,-1.255859375,0.0143127864062999,-0.405152858607681,-0.158349867256899,-0.000129853151760267,-0.000197027052530832,0.000173466604083375,0.512495561079545,0.979196259469697,0.783765388257576,51,2,4,0.0458903908626192,-0.0924610230371905,0.04957666398249,0.0378370514323472,0.0209807676212587,0.227577614415191,0.342644254813707,0.229574782010163,1.93932043423632e-18,-3.28648783534669e-19,4.37520623350096e-17,-0.542191938920455,-0.778616240530303,-0.292406486742424,0.0871772976671687,0.224695986107356,0.111173049090706
"Feeding",0.00106871355797222,0.070654424170797,0.0738605648447137,4.80527667488,0.504986744097967,0.0922893450212173,0.49605,0.30946,0.1945,0.327410288969238,0.457762676608301,-0.0119924834280303,-0.178022904829545,-0.945216323390151,0.253786538300639,0.233517150567977,0.173090492065591,-0.623426547297103,-3.66256369723147,-4.27055064135716,26.3727275731367,28.1205910147669,56.2291854522366,1.501953125,0.4921875,-0.2890625,-2.029296875,-2.228515625,-2.810546875,-0.21660345095378,0.131159907223474,-0.0230833808925731,-1.38393432178518e-05,9.3241213542448e-05,-0.000125570591872705,1.51394560842803,0.670210404829545,0.656153823390151,45,2,2,-0.0172656129850381,-0.172254689186452,0.0286635212264041,0.182519804418426,0.0417974320284569,0.230737835044767,0.240568376310554,0.220230445546313,-2.21481148341452e-18,-1.5520723713507e-17,-2.39624594071639e-17,-2.01730439157197,-2.05049272017045,-1.86533055160985,0.253786538300639,0.233517150567977,0.173090492065591
"Feeding",0.0170166693607959,0.0754167437479832,0.126466751830371,21.3192419034589,0.252493372048984,0.368263082916372,0.69303,0.19381,0.11316,0.563394005305182,0.26384552609799,-0.0144708806818182,-0.351414535984849,-0.903253728693182,0.181566778613052,0.341443272688064,0.18147360322315,-0.0976322554908343,0.228220790835554,0.639200656264238,6.37703187806595,2.3754558888318,3.97549537107649,0.654296875,0.58203125,-0.15234375,-0.7421875,-1.169921875,-1.34765625,0.075583108304087,-0.231864654853998,-0.477020913623756,-0.00041483636697885,-0.00091991348057119,0.000429046389830038,0.668767755681818,0.933445785984849,0.750909978693182,66,4,17,-0.0284883041734999,-0.361399521433262,0.0734498933608233,0.490925071068421,0.352939822175113,0.228832958654725,0.169550638128071,0.166885748142666,-3.86965718569874e-19,2.34735930582728e-17,-5.05316242080053e-17,-0.727716619318182,-0.818507339015151,-0.444402521306818,0.181566778613052,0.341443272688064,0.18147360322315
"Feeding",0.00137032577203313,0.0305340126052214,0.0346449899213208,5.68620766087444,0.504986744097967,0.104503976732324,0.87927,0.07392,0.04681,0.222555981960945,0.154211225446759,-0.0417258522727273,-0.244473544034091,-0.928104285037879,0.0440809786873303,0.178143182571009,0.0756561441968583,0.688093244123776,-0.663188259192068,1.70830096141289,8.21225878872592,3.76147427403783,11.4221482411228,0.1953125,0.19921875,-0.54296875,-0.21484375,-1.0078125,-1.2734375,-0.204550998999706,0.181312806913399,-0.669051543943322,6.99922124157856e-05,-0.000777864841492803,0.000120688702887256,0.237038352272727,0.443692294034091,0.385135535037879,26,0,6,-0.0445379525582411,-0.257672594686732,0.089861706507667,0.366596103423221,0.193929988106803,0.224468650709312,0.297375072778822,0.248663771877547,-1.38823566521966e-18,5.94319384057726e-18,-3.35485366125613e-18,-0.173117897727273,-0.763338955965909,-0.345333214962121,0.0440809786873303,0.178143182571009,0.0756561441968583
"Feeding",0.00109316520487637,0.0219767065746906,0.0252562021893197,3.23524327566514,0.504986744097967,0.0933391419538521,0.769,0.15977,0.07123,0.197804796903696,0.158169137747326,0.073434540719697,-0.143273555871212,-0.947509765625,0.0734576983622969,0.155535463055387,0.0570570017277624,0.731662078055491,-1.89259305918199,1.71297302229396,4.57478487808924,9.46435065620637,10.2176915657421,0.359375,0.220703125,-0.615234375,-0.166015625,-0.982421875,-1.119140625,0.149211417060623,-0.123688067448281,-0.501399794853939,-0.000410770355330694,3.37777039079365e-05,-5.77145641480085e-05,0.285940459280303,0.363976680871212,0.332275390625,16,0,2,0.0765260295122165,-0.148827012553472,0.290082191309541,0.162883283168596,0.0828952842404244,0.210935185100069,0.296843336242302,0.237424106806699,-4.15549230389946e-18,8.58881141449833e-18,0,-0.239450165719697,-0.839148319128788,-0.171630859375,0.0734576983622969,0.155535463055387,0.0570570017277624
"Feeding",0.00281687407728933,0.0607714373286191,0.069222059560487,7.66275035813837,0.252493372048984,0.149832015263063,0.60107,0.25128,0.14765,0.371373480454402,0.306863327914579,-0.0752397017045455,-0.414454604640151,-0.886866714015151,0.167957517887889,0.261391297785253,0.136490490727403,-3.49732484835584,-0.287591973513834,-0.667583270382168,38.8399349375799,7.13898559394806,10.5443203767765,0.4453125,0.6484375,-0.419921875,-1.734375,-1.654296875,-1.775390625,0.065594404751538,0.159030560870468,0.15842893822734,0.00017458373823608,0.00096298046704309,-0.000339694127904702,0.520552201704545,1.06289210464015,0.466944839015151,27,1,8,-0.0813243243624535,-0.413184509537719,0.0653609093012295,0.222188675033414,0.122694113137768,0.207879923449362,0.215183133398287,0.217357195068639,3.6231000119688e-18,-2.44672397083973e-17,-2.35472231618649e-17,-1.65913529829545,-1.23984227035985,-0.888523910984849,0.167957517887889,0.261391297785253,0.136490490727403
"Feeding",0.00454504002842761,0.0899379584607199,0.103573078546003,13.520855673669,0.631233430122459,0.190322336423529,0.69882,0.18365,0.11752,0.472015633070764,0.29266221334875,-0.0239923650568182,-0.424738103693182,-0.841900449810606,0.146540739570934,0.308386770160449,0.177860343669661,-0.00989575949523335,-0.902473984175934,1.09721362437005,8.96798122068046,5.16648890883894,3.97655219639065,0.64453125,0.453125,-0.185546875,-0.7890625,-1.80078125,-1.17578125,0.0217575406427108,-0.208043296519365,-0.447437383702372,-0.000151628987952377,0.000209014271395169,-9.74314219749688e-05,0.668523615056818,0.877863103693182,0.656353574810606,32,2,44,-0.0370554081521975,-0.450257692009199,0.033920859799294,0.243419215043218,0.265029054746168,0.209870611053207,0.248110446343913,0.247489765679072,-3.08879547899055e-18,9.03358071480204e-18,1.67929158649528e-17,-0.765070134943182,-1.37604314630682,-0.333880800189394,0.146540739570934,0.308386770160449,0.177860343669661
"Feeding",0.00196773666524026,0.026728774315434,0.0326319843111548,5.45680439225081,0.757480116146951,0.125228850262737,0.53387,0.38392,0.08221,0.270156622151917,0.222855094010125,0.0581202651515152,-0.139641039299242,-0.936582623106061,0.158105612200981,0.172126045892815,0.0806157937724025,0.550576382040066,-0.953841954709641,1.79832739762643,23.1736901309529,4.67636197882832,10.0625017163567,1.345703125,0.31640625,-0.515625,-0.759765625,-0.92578125,-1.173828125,0.134770374824866,0.0270864110940956,-0.422512720691839,-0.00100714165903058,0.000231758205598745,-0.000127656460943462,1.28758285984848,0.456047289299242,0.420957623106061,22,0,2,0.0606019001468822,-0.146828696883078,0.297900608545857,0.188982765143779,0.0970338126139855,0.193393564610316,0.399759627901392,0.263048940899747,2.08385505623599e-18,6.72359352931423e-18,-5.38487335677785e-17,-0.817885890151515,-0.786140210700758,-0.237245501893939,0.158105612200981,0.172126045892815,0.0806157937724025
"Feeding",0.003151826,0.07806812,0.0875236,8.608555,0.6312334,0.1584901,0.58611,0.29432,0.11956,0.398321,0.366982,0.0883937,-0.2223973,-0.9337121,0.2068974,0.2901412,0.1494667,-7.198445,-0.3413899,1.474677,95.71741,5.013484,9.993858,0.875,0.78125,-0.04882812,-2.503906,-1.517578,-1.396484,-0.03173077,-0.1641639,-0.3396663,0.0002062673,-3.245358e-05,-7.868344e-06,0.7866063,1.003647,0.884884,46,2,10,0.1007496,-0.2239585,0.03518796,0.1099671,0.07474986,0.2135243,0.2419323,0.2339604,2.766589e-18,1.346993e-17,3.367585e-18,-2.5923,-1.295181,-0.4627723,0.2068974,0.2901412,0.1494667
"Feeding",0.000803885300614544,0.0803149217178622,0.0827265776197058,6.87657426168539,1.5149602322939,0.0800420030002477,0.46844,0.38992,0.14164,0.509981910278208,0.34236205781264,-0.00204930160984848,-0.259314334753788,-0.966160629734849,0.283482712796433,0.263586813434665,0.163583509040969,-0.907088896685908,-0.269418677322543,0.577319651327618,13.3484001644097,3.54064510023508,5.1290016429986,0.982421875,0.6328125,-0.275390625,-1.994140625,-1.169921875,-1.412109375,0.0402003637124584,0.210972636134894,-0.00805948855174389,3.16052155414174e-05,-0.000627445339148171,0.000170671857981855,0.984471176609849,0.892126834753788,0.690770004734849,68,4,6,0.00376886047531355,-0.246055829692112,0.046038491776019,0.0986449370388905,0.0311833853268009,0.213319905286854,0.272165788632063,0.213770627435556,2.8713390205318e-18,1.91753885365935e-17,2.3554998058037e-17,-1.99209132339015,-0.910607540246212,-0.445948745265151,0.283482712796433,0.263586813434665,0.163583509040969
"Feeding",0.0009568693526324,0.0342488151234557,0.0371194231813529,4.00296449733612,0.252493372048984,0.0873267357690091,0.65188,0.27482,0.0733,0.254132847921688,0.249706216275879,0.00437973484848485,0.0264041785037879,-0.959420868844697,0.0855944008995994,0.1923189488489,0.112379704832758,2.64081673305315,-0.491868608052392,-1.14717872620618,25.256392094617,5.41050963621349,17.4571114828774,0.7265625,0.82421875,-0.537109375,-0.310546875,-0.859375,-1.818359375,-0.0905435800268514,-0.522243879099394,-0.0659409404696621,-2.90951666840584e-05,-0.000445988105030685,3.77411735956671e-05,0.722182765151515,0.797814571496212,0.422311493844697,42,0,0,0.000217225998400334,0.0243170361257003,0.0438645782790472,0.103301127791384,0.0157229527878768,0.219564945780162,0.304255453542325,0.219093373255394,-7.92604663476944e-19,6.983144958485e-19,4.70982274916401e-17,-0.314926609848485,-0.885779178503788,-0.858938506155303,0.0855944008995994,0.1923189488489,0.112379704832758
"Feeding",0.001670196,0.05374711,0.0587577,5.474646,0.3787401,0.1153731,0.63776,0.2416,0.12063,0.3348616,0.265753,0.069913,-0.3017726,-0.9313077,0.1324142,0.2412047,0.1281325,-1.8488,0.2851983,0.939194,17.73687,9.0533,5.445272,0.75,0.9980469,-0.3789062,-0.8417969,-1.246094,-1.28125,-0.05359299,-0.3156186,-0.1558578,0.0007181568,0.0002705273,-1.548638e-05,0.680087,1.299819,0.5524015,26,4,8,0.0703327,-0.3031323,0.1805467,0.1516848,0.1210171,0.1878211,0.2108255,0.2118795,-3.720887e-18,-1.346587e-17,-3.027513e-17,-0.9117099,-0.9443211,-0.3499423,0.1324142,0.2412047,0.1281325
"Feeding",0.007191091,0.0562458,0.07781907,8.833831,0.2524934,0.2393968,0.7608,0.13434,0.10486,0.3378791,0.3034958,-0.02213542,-0.2215909,-0.94495,0.1330968,0.2654334,0.1188123,-3.078863,-2.955739,2.581298,35.27245,32.98874,18.79965,0.4238281,0.9121094,-0.08984375,-1.296875,-2.738281,-1.28125,0.5731115,-0.1477599,-0.1615133,-1.600546e-05,0.0008468488,-0.000223151,0.4459635,1.1337,0.8551062,48,4,4,-0.02803846,-0.2238714,0.1271456,0.3470717,0.1157137,0.1921915,0.1706787,0.2120025,3.035766e-18,-6.938894e-18,-3.318316e-18,-1.27474,-2.51669,-0.3363,0.1330968,0.2654334,0.1188123
"Feeding",0.00147006916333505,0.0259002642962297,0.0303104717862348,5.54302577710375,0.378740058073476,0.108240499612097,0.88445,0.06649,0.04906,0.164242074509298,0.187277471431136,0.0410082267992424,-0.179879853219697,-0.939319957386364,0.0412497695109645,0.168015090793763,0.0658780563916984,-3.71980229962266,-1.14238810006093,3.60344488989059,39.2885295387632,8.24670881377362,21.3863906423064,0.185546875,0.255859375,-0.462890625,-0.369140625,-1.13671875,-1.078125,0.0990263587375972,-0.0838525599677374,-0.661097380107928,-0.000146798688400433,-0.000193690935830795,0.000211948500039132,0.144538648200758,0.435739228219697,0.476429332386364,7,0,2,0.0437161279033962,-0.189441074429044,0.196880900090822,0.335147777051763,0.207407768760038,0.17538730671517,0.365831722257409,0.340006637580244,-7.82957124395823e-20,-7.56264062427415e-18,1.00770130097847e-17,-0.410148851799242,-0.956838896780303,-0.138805042613636,0.0412497695109645,0.168015090793763,0.0658780563916984
"Feeding",0.003917517421531,0.0684953238378022,0.0802478761023952,9.39222859104856,0.378740058073476,0.176695859383039,0.74894,0.14387,0.10719,0.398033737588958,0.234441213743,-0.0337727864583333,-0.407981178977273,-0.861490885416667,0.114457881153456,0.270982703367655,0.14358178431417,-1.47985973907189,0.789134120858998,-0.715467007187876,17.2375597169665,4.1718843566402,4.47086303578504,0.5,0.640625,-0.548828125,-0.822265625,-1.10546875,-1.45703125,-0.0443965404504733,-0.0957861568106025,-0.517764977338018,-4.28084023977851e-05,0.000549901325336368,-0.000166594382015144,0.533772786458333,1.04860617897727,0.312662760416667,33,2,15,-0.0405998103769288,-0.436692490405273,0.0228659723779495,0.318425450000397,0.274990089668478,0.222062456326379,0.185578160986932,0.200904606602009,3.97412458252677e-18,-2.01462423001374e-17,-3.69929704249059e-17,-0.788492838541667,-0.697487571022727,-0.595540364583333,0.114457881153456,0.270982703367655,0.14358178431417
"Feeding",0.000148408481814919,0.0048770727203378,0.00532229816578256,0.501645987068666,0.378740058073476,0.0343914324766749,0.68114,0.24792,0.07094,0.10505366609992,0.0672945138663291,0.00217507102272727,-0.163492838541667,-0.956187855113636,0.0440664161142101,0.0724131521877513,0.0250668788536934,-0.732724271035274,-0.0885363196680934,-0.407959921048194,4.03095104873687,5.1175069917574,6.44410524147025,0.10546875,0.166015625,-0.87890625,-0.15234375,-0.43359375,-1.078125,-0.0852992223292981,-0.103340024534838,-0.289202603041851,6.21862852917582e-05,0.000178669493988417,-3.29471777191524e-05,0.103293678977273,0.329508463541667,0.0772816051136364,12,0,0,0.00216802544642395,-0.168892993472587,0.099100192511292,0.170446838538134,0.0664192936280545,0.271486335202921,0.207179394194695,0.220738330042039,-1.35987289531918e-19,-9.45247059180063e-18,-1.00946049857309e-17,-0.154518821022727,-0.270100911458333,-0.121937144886364,0.0440664161142101,0.0724131521877513,0.0250668788536934
"Feeding",0.007151012,0.03823438,0.05968742,10.5643,0.2524934,0.2387287,0.87784,0.07103,0.05113,0.2856219,0.2234584,0.2679406,-0.1466471,-0.9139293,0.07248196,0.2350063,0.08667183,0.3274205,-0.3705536,0.009902522,4.905441,3.825379,4.662557,0.5898438,0.6289062,-0.7128906,0.0625,-0.6621094,-1.257812,0.2713821,-0.2096632,-0.7094552,-0.000455008,-0.001640809,0.0004813523,0.3219031,0.7755534,0.2010387,12,0,0,0.2844727,-0.1572811,0.3277892,0.6320213,0.446053,0.1886279,0.1248535,0.1613999,-3.299014e-18,-1.614291e-17,1.012322e-17,-0.2054406,-0.5154622,-0.3438832,0.07248196,0.2350063,0.08667183
"Feeding",0.00108076487625518,0.0271379712109352,0.0303802658397008,3.35575077719069,0.252493372048984,0.0928082354063787,0.69071,0.19895,0.11034,0.220873283617424,0.199581299468099,0.106252959280303,-0.152772845643939,-0.967655066287879,0.0811254920846382,0.168824108546806,0.0943466197645284,1.33724216461183,-0.0244875065711816,-0.33857311440677,18.7542662496428,4.80541202867636,35.2729325510742,0.68359375,0.412109375,-0.2890625,-0.28125,-0.890625,-1.767578125,0.0225748096513597,-0.275097611595103,-0.394941185750369,-0.000168330589369917,0.00103993088391628,-0.000204554014569978,0.577340790719697,0.564882220643939,0.678592566287879,22,0,2,0.107464116343823,-0.15911451030431,0.09213127276143,0.30034139875189,0.0583502722311807,0.204029545872614,0.227030074767188,0.24591645442688,4.83583943420014e-18,-8.18387833038064e-19,-3.35156820012739e-18,-0.387502959280303,-0.737852154356061,-0.799923058712121,0.0811254920846382,0.168824108546806,0.0943466197645284
"Feeding",0.01935691,0.09927137,0.1573421,29.72247,0.2524934,0.3927706,0.89396,0.06461,0.04143,0.5685869,0.2513473,0.0378122,-0.3356416,-0.8596635,0.118374,0.3582344,0.1834712,-0.9642797,-0.4204889,0.6510309,13.76676,2.271938,2.288438,0.5019531,0.3261719,-0.2578125,-0.828125,-1.646484,-1.25,0.6245907,-0.4483924,-0.8013273,-0.0006524809,-0.003410874,0.001663792,0.4641409,0.6618134,0.601851,22,0,6,0.03106697,-0.3727173,0.3197314,0.6178239,0.6625061,0.1521474,0.1195834,0.1028178,4.092966e-19,-4.835275e-18,-4.029228e-17,-0.8659372,-1.310843,-0.3903365,0.118374,0.3582344,0.1834712
"Feeding",0.00276130798365196,0.0537764373346778,0.0620603612856337,10.8541944471237,0.252493372048984,0.148346849881321,0.81713,0.1355,0.04737,0.312188546957501,0.224460458825188,0.00475704308712121,-0.178999467329545,-0.928037701231061,0.0697764732215998,0.24431390115917,0.106730733376597,0.108448683912598,-0.765910172435822,1.13086117163521,14.9048657112521,3.45556758714989,8.01939514195251,0.4609375,0.478515625,-0.423828125,-0.3515625,-1.029296875,-1.375,-0.052867285660097,-0.334236464395295,-0.42014046541392,0.00016149721860346,-0.000444282469192064,0.000110965050031305,0.456180456912879,0.657515092329545,0.504209576231061,31,0,4,0.00195651781006578,-0.189712459226942,0.0543730673938561,0.279094328704214,0.125765188981195,0.2039854828457,0.357690590352401,0.25137081325265,-1.22720956841361e-18,-2.01321250843498e-17,-5.38548938073948e-17,-0.356319543087121,-0.850297407670455,-0.446962298768939,0.0697764732215998,0.24431390115917,0.106730733376597
"Feeding",0.00180737355175142,0.0236763207717109,0.0290984414269651,5.05129636142943,1.00997348819593,0.120017580039358,0.81888,0.11539,0.06573,0.199976056732094,0.150729944672071,0.0731238162878788,-0.00474224668560606,-0.976695667613636,0.0559744878959692,0.167647756731199,0.0655398837775568,-2.95391318242529,-1.2414375050245,2.86685306859046,34.8001984396218,3.82367959894508,17.3956991453761,0.365234375,0.287109375,-0.5703125,-0.451171875,-0.572265625,-1.162109375,0.157819979063072,-0.315813560068408,-0.425491087047805,0.00015475174094594,0.00102115296702678,-5.587581483281e-05,0.292110558712121,0.291851621685606,0.406383167613636,54,0,0,0.0737312502612719,-0.00821031244303266,0.0803130459463834,0.150824778142828,0.0110671678197762,0.196625363774296,0.385904826594803,0.23378085771281,3.36749498630228e-18,4.59387035560116e-19,-1.00982241265055e-17,-0.524295691287879,-0.567523378314394,-0.185413707386364,0.0559744878959692,0.167647756731199,0.0655398837775568
"Feeding",0.0018652101574895,0.0369633089401136,0.0425589394125821,5.01432165992296,0.631233430122459,0.121922761369615,0.48823,0.31656,0.19521,0.333156785360709,0.285562479422428,0.093942353219697,-0.268391927083333,-0.932313861268939,0.157978820960379,0.204598075615956,0.142663178554445,-0.307508740770943,-0.72107522530074,-0.0787334369390473,8.30553947975797,5.82681246684696,7.38314748109448,0.8671875,0.341796875,-0.404296875,-0.59765625,-1.30859375,-1.53515625,-0.0186815138553585,-0.201541303326848,-0.134702922351232,0.000131814187140071,0.000949767839906344,-0.000338229879662359,0.773245146780303,0.610188802083333,0.528016986268939,23,0,10,0.0964544743208156,-0.272041060571289,0.00294612157150114,0.173041364921899,0.0560699695870914,0.272650162089985,0.262029216288374,0.217851328792071,-2.55711546476553e-18,-2.01141320511369e-17,5.38719114693351e-17,-0.691598603219697,-1.04020182291667,-0.602842388731061,0.157978820960379,0.204598075615956,0.142663178554445
"Feeding",0.0106818412243911,0.0455093649145139,0.077554888587687,13.9451495432,0.631233430122459,0.291772235890966,0.87847,0.08907,0.03246,0.330845856469525,0.225402017627333,-0.00920336174242424,-0.141949277935606,-0.929694898200758,0.0581100471474576,0.271532525211413,0.105725127881262,-0.520658216589071,-0.568182444884043,1.02824158282121,11.674260268346,2.95727269928448,7.19223241898205,0.22265625,0.548828125,-0.484375,-0.388671875,-0.958984375,-1.375,-0.185388233782942,-0.117753194987414,-0.547569998578776,8.7918585199147e-05,0.000434612953395966,-7.52626144189955e-05,0.231859611742424,0.690777402935606,0.445319898200758,29,0,4,-0.0108613858336854,-0.154864578216839,0.0538979690152148,0.270624017588376,0.139737606343896,0.206911930641983,0.394181259380548,0.242093804164622,-6.72338818799368e-19,-1.11253927472092e-18,-6.73421994265251e-18,-0.379468513257576,-0.817035097064394,-0.445305101799242,0.0581100471474576,0.271532525211413,0.105725127881262
"Feeding",0.00117388930051522,0.0191398302374794,0.022661498139025,2.82238291919916,0.631233430122459,0.0967240507892213,0.5569,0.37402,0.06908,0.189649849883781,0.228525304295734,0.0266557173295455,0.0187100497159091,-0.962047230113636,0.0950031904774101,0.149904201145852,0.0958908552891338,8.75201218765626,-0.929188019229546,-5.15538084187709,116.796011049676,5.10646857386523,75.1665794180471,1.28125,0.455078125,-0.47265625,-0.205078125,-0.587890625,-2.080078125,-0.112349607385058,-0.678264994067525,-0.0391109049906558,0.000107930827053265,-2.73201080275094e-05,4.02015437392708e-06,1.25459428267045,0.436368075284091,0.489390980113636,43,0,2,0.0238792077850746,0.0178613773862603,0.0549394830722672,0.151345077962749,0.0214079585135533,0.20400927511045,0.305756905733738,0.228295024189013,-1.73472347597681e-18,-1.32631242324236e-19,-1.0511832480359e-17,-0.231733842329545,-0.606600674715909,-1.11803089488636,0.0950031904774101,0.149904201145852,0.0958908552891338
"Feeding",0.001469761,0.0548346,0.05924388,5.679122,6.691074,0.1082292,0.79049,0.11458,0.09492,0.2703601,0.240776,0.2504883,-0.2532034,-0.9345333,0.0857631,0.2427241,0.0931406,1.017012,0.7760744,0.8056859,9.772725,7.699495,6.213809,0.6894531,0.8496094,-0.5273438,-0.06445312,-1.009766,-1.253906,0.01097643,0.06607602,-0.1802111,-0.0002070048,-4.437519e-05,-0.0001128567,0.4389648,1.102813,0.4071896,18,0,6,0.2623902,-0.2514043,0.06432937,0.0582774,0.07874334,0.2155747,0.2494542,0.2220254,0,-2.693503e-17,3.365179e-17,-0.3149414,-0.7565622,-0.3193729,0.0857631,0.2427241,0.0931406
"Feeding",0.0108816447191979,0.0545164881797264,0.08716142233732,17.0961886668763,0.252493372048984,0.294488388470429,0.90922,0.06622,0.02456,0.35679162676122,0.227615002475872,-0.0101429332386364,-0.23562529592803,-0.908817175662879,0.0501690501879037,0.280139500327441,0.121938299298045,-0.227549799695295,-0.522585058809216,1.02115322141406,3.23094427676238,2.93355339852312,3.27837048897693,0.126953125,0.62890625,-0.58984375,-0.18359375,-1.04296875,-1.154296875,-0.196685751549837,0.2329299650908,-0.728149959220771,-0.00012290195327531,-0.000882960797329599,0.000682708449844777,0.137096058238636,0.86453154592803,0.318973425662879,40,0,3,-0.00954335371002637,-0.253687793346819,0.227779048124386,0.556786955451728,0.563382171774977,0.170973616438737,0.165005191069104,0.181728774439128,1.87330640813876e-18,-9.1473398063848e-18,-3.29901365590002e-18,-0.173450816761364,-0.80734345407197,-0.245479699337121,0.0501690501879037,0.280139500327441,0.121938299298045
"Feeding",0.000805938746517786,0.00885040024217673,0.0112682164817301,1.27842895136247,0.378740058073476,0.0801441675100826,0.61703,0.22276,0.16021,0.171473199233098,0.0945270943560637,-0.0532522490530303,-0.0534446022727273,-0.988569779829545,0.0590112855473293,0.104025531248894,0.0629151039072867,-0.407042038567821,-0.230063801412582,0.00901152728047945,2.89160270834855,4.57184283758952,4.87099610588248,0.080078125,0.328125,-0.744140625,-0.220703125,-0.458984375,-1.23046875,-0.281818480051488,-0.145800810376227,0.0846385922933316,2.64074208890685e-05,-0.000286269129616706,7.16838363094963e-06,0.13333037405303,0.381569602272727,0.244429154829545,60,0,0,-0.054340918136714,-0.0529117814742444,0.100990367014029,0.309739325659583,0.0282266447017381,0.223180416131864,0.167627355687213,0.302785947060859,8.32761725476319e-19,-3.11597111938162e-18,-4.03704629667523e-17,-0.16745087594697,-0.405539772727273,-0.241898970170455,0.0590112855473293,0.104025531248894,0.0629151039072867
"Feeding",0.00573463001777768,0.0703570661194658,0.0875609561727988,16.1871673488456,0.757480116146951,0.213783216074172,0.83168,0.11903,0.0493,0.370722831116563,0.248085806396107,-0.0268776633522727,-0.154274680397727,-0.918590198863636,0.0825592923886529,0.286004209631257,0.129103081615408,0.613531695695325,-0.914844337140811,1.60187528988271,12.6064914013845,3.76517673848531,7.86185081276418,0.4296875,0.40625,-0.3828125,-0.423828125,-1.333984375,-1.41015625,0.0651273036659346,-0.333320014265649,-0.54356761129595,-3.31439818543784e-05,0.000169494217703434,-6.35989441005944e-05,0.456565163352273,0.560524680397727,0.535777698863636,33,0,8,-0.0357165009166307,-0.168922132464977,0.0315171234214017,0.280573605162922,0.11960610305286,0.208078187246869,0.36764757604486,0.301594871554448,1.3367719967577e-18,2.46941226168524e-18,-1.00808984525844e-17,-0.396950461647727,-1.17970969460227,-0.491566051136364,0.0825592923886529,0.286004209631257,0.129103081615408
"Feeding",0.00368330557300736,0.0371047329435544,0.0481546496625765,5.33394186182612,1.00997348819593,0.171332510819356,0.62334,0.24991,0.12675,0.294059536235939,0.26504886971616,0.0591264204545455,-0.0851236979166667,-0.975349195075758,0.128832886435074,0.219006064066534,0.112654431384809,2.87881133800948,-0.500366293023534,1.52064755080827,35.1069702656101,4.03084814044125,10.9342574429263,1.228515625,0.607421875,-0.412109375,-0.48828125,-0.83203125,-1.439453125,-0.0166861670924008,-0.294271256532368,-0.105264006152999,8.50015530330205e-06,0.000166214785689595,1.6576130820001e-05,1.16938920454545,0.692545572916667,0.563239820075758,49,0,0,0.0571984116883502,-0.0863866198796136,0.0355124470285429,-0.00927807501320124,0.0129133633481012,0.205006127573859,0.335016487759943,0.224099225997187,-2.14612481169171e-18,9.85540801495926e-18,-6.73247454142786e-18,-0.547407670454545,-0.746907552083333,-0.464103929924242,0.128832886435074,0.219006064066534,0.112654431384809
"Feeding",0.00115399677894843,0.0371344341183633,0.0405964244552086,4.500042965454,0.252493372048984,0.0959010147611867,0.68824,0.17893,0.13283,0.304010172301854,0.195637299745605,-0.0740633877840909,-0.118593158143939,-0.971960819128788,0.116405580229351,0.192545651932818,0.0914406308021103,-0.264246007983036,0.121901652438341,0.786327261241171,3.79066679861748,3.88799275638695,6.49171235084438,0.33203125,0.638671875,-0.595703125,-0.453125,-0.703125,-1.30859375,-0.435157431584439,-0.107069873491683,0.000237796381542946,-0.000478020684891638,-0.000131918639820256,9.46774378949831e-05,0.406094637784091,0.757265033143939,0.376257694128788,56,0,0,-0.077426852745734,-0.117329718575824,0.282771212738532,0.20240977867982,0.0432164287103501,0.182786612774111,0.20230998520119,0.23941561609994,3.7499688634852e-18,-8.21673294166808e-19,-3.36416589014292e-17,-0.379061612215909,-0.584531841856061,-0.336632930871212,0.116405580229351,0.192545651932818,0.0914406308021103
"Feeding",0.00247381932817605,0.0435155164180935,0.0509369744026216,8.87935860847161,0.252493372048984,0.140412216004671,0.83869,0.11393,0.04738,0.241498850812816,0.243588270414506,0.0559747869318182,-0.0850571141098485,-0.938742897727273,0.0604752425795108,0.220024325263426,0.093090067242143,-0.0947492776828839,-1.36501523668497,1.56680741443255,6.72390663150305,6.188867394702,12.9873033365695,0.357421875,0.447265625,-0.4609375,-0.212890625,-0.982421875,-1.43359375,0.21789552701403,-0.373628593434016,-0.479617329166602,0.000266823097717979,-0.000444883709009711,0.000325622313782781,0.301447088068182,0.532322739109849,0.477805397727273,19,0,6,0.0572326629871179,-0.0926195994047585,0.339904928233452,0.286002230953018,0.195939091774198,0.165902482274813,0.368531849385023,0.245557258294478,-4.93080658649476e-19,8.18079821057244e-19,-2.01882346001891e-17,-0.268865411931818,-0.897364760890151,-0.494850852272727,0.0604752425795108,0.220024325263426,0.093090067242143
"Feeding",0.00364958598199495,0.035848290406486,0.0467970483524709,8.20237548259111,0.252493372048984,0.170546458014682,0.77373,0.16122,0.06505,0.263026718265754,0.227729199366984,-0.00965465198863636,-0.0763790246212121,-0.948619495738636,0.0903163511166214,0.210926808229784,0.0885147906421714,-0.967543678787743,-1.34207958372391,0.898088330817279,14.418994541419,5.00481513701856,9.35878967215583,0.50390625,0.27734375,-0.53515625,-0.525390625,-0.96484375,-1.396484375,0.220685786090007,-0.474061028894881,-0.430417880607361,-0.00030488654604641,-0.00132971446407725,0.000127478764005831,0.513560901988636,0.353722774621212,0.413463245738636,37,0,2,-0.0143386993030056,-0.0809618135826126,0.101343341728534,0.346969126424294,0.0812825462710451,0.195539176309023,0.307093183865769,0.245007012429792,1.21110310858324e-18,1.07742590890747e-17,-1.00921152222192e-17,-0.515735973011364,-0.888464725378788,-0.447864879261364,0.0903163511166214,0.210926808229784,0.0885147906421714
"Feeding",0.0004174139,0.03867109,0.03992333,2.750566,0.6312334,0.05767723,0.6007,0.34034,0.05896,0.2288819,0.251097,0.2953214,-0.06758256,-0.9077444,0.1492358,0.1994127,0.06652076,0.6861253,1.019848,1.028172,49.24822,8.696229,9.876537,1.714844,0.859375,-0.5214844,-0.7109375,-0.7539062,-1.138672,0.04935065,-0.3037304,-0.06533256,-0.0001906733,0.0003585816,-8.278002e-05,1.419522,0.9269576,0.3862601,22,0,0,0.3101221,-0.07146729,0.03703619,0.06207908,0.04012247,0.2225564,0.2181801,0.2158579,-2.610299e-17,-3.562056e-18,-2.692559e-17,-1.006259,-0.6863237,-0.2309274,0.1492358,0.1994127,0.06652076
"Feeding",0.00022041925379596,0.00810930297510651,0.00877056073649439,0.750468015387478,0.504986744097967,0.0419127028362588,0.68033,0.19015,0.12952,0.132101880398445,0.0891436909600776,0.0547244910037879,0.0560709635416667,-0.988436612215909,0.0458926154092979,0.0926910696354823,0.04683960783806,0.432169053625509,-0.233415671149039,0.27640042812636,6.64580539301355,3.96016065761209,8.58801018801982,0.283203125,0.3203125,-0.77734375,-0.109375,-0.3046875,-1.193359375,-0.143382193950838,-0.143984001583103,-0.213545685339253,-4.01677876901955e-05,-7.75306387734864e-06,-7.73395667975572e-06,0.228478633996212,0.264241536458333,0.211092862215909,90,0,0,0.0549629718849029,0.0553613316860082,0.0361274166935821,0.133049890431131,0.0260942009649005,0.209766179377054,0.238019272610712,0.218570751158278,-5.09246474955313e-20,5.02475344910292e-18,-3.0280580831394e-17,-0.164099491003788,-0.360758463541667,-0.204922762784091,0.0458926154092979,0.0926910696354823,0.04683960783806
"Feeding",0.002664065,0.06085656,0.06884876,5.97704,0.2524934,0.1457113,0.80635,0.14072,0.05292,0.3188061,0.2437092,0.2492232,-0.1369629,-0.9125459,0.0799567,0.2586918,0.1098562,-0.7899207,0.2701614,0.2201052,6.842748,4.789579,8.106139,0.4902344,0.8496094,-0.3828125,-0.1152344,-0.9707031,-1.435547,0.008729651,-0.3789235,-0.3671361,3.782142e-05,-0.0004074374,0.0001036648,0.2410112,0.9865723,0.5297334,30,0,6,0.2641069,-0.1468204,0.03358696,0.153811,0.0432654,0.2166401,0.2114249,0.2217665,-1.314333e-17,0,4.711322e-17,-0.3644576,-0.8337402,-0.523001,0.0799567,0.2586918,0.1098562
"Feeding",0.00230089242649485,0.0330602743962395,0.0399629516757241,6.2612584527499,0.631233430122459,0.135415713264875,0.78576,0.14689,0.06735,0.251959346214273,0.187645562453171,0.00642903645833333,-0.113370028409091,-0.950136126893939,0.0852755720642885,0.195910719975316,0.0721524109777175,2.43830774431586,-0.82273579112709,1.00893781748105,24.5416173926177,3.64178030339097,8.12429334831007,0.63671875,0.26171875,-0.556640625,-0.384765625,-0.828125,-1.22265625,0.0811574842793015,-0.215626423829026,-0.510874718202434,-6.22786367467993e-05,-0.000133380977342838,-1.77824318948252e-06,0.630289713541667,0.375088778409091,0.393495501893939,37,0,2,0.00475753371892445,-0.119431262050082,0.0695229648280338,0.225986375577995,0.0697896969258966,0.207220860313956,0.362842880605387,0.245252289550417,1.48866040479943e-19,7.66010395699666e-18,5.38304646071661e-17,-0.391194661458333,-0.714754971590909,-0.272520123106061,0.0852755720642885,0.195910719975316,0.0721524109777175
"Feeding",0.00077347533715988,0.0277067607412915,0.0300271867527711,2.56363935896575,0.252493372048984,0.0785134641364043,0.87824,0.0752,0.04656,0.159841658326877,0.18093569808035,0.0992912523674242,-0.194617069128788,-0.966404770359849,0.0533810386637743,0.172078113776509,0.0415921285691967,2.07473263724778,2.1933685702549,-0.205872029096623,30.1768373291301,18.4881796643669,11.9626898023325,0.578125,0.953125,-0.748046875,-0.14453125,-0.7578125,-1.189453125,-0.344453296179719,-0.187418301301489,0.155963166905005,6.74503182291022e-05,-0.000566387015421088,0.00012374776522217,0.478833747632576,1.14774206912879,0.218357895359849,18,0,0,0.101899743126461,-0.194896614829254,0.0579097786275089,0.122240229382456,0.0995320258993063,0.227034149419336,0.210121542220004,0.237053250105641,1.67967275132154e-18,-8.46737769106015e-18,2.35639079462738e-17,-0.243822502367424,-0.563195430871212,-0.223048354640151,0.0533810386637743,0.172078113776509,0.0415921285691967
"Feeding",0.00047701634179111,0.00694457353711953,0.00837562256249286,1.40443123193428,0.504986744097967,0.061657730202048,0.87317,0.07278,0.05404,0.111009329803719,0.0627288827796657,0.0132575757575758,0.0714666193181818,-0.961233428030303,0.0259212391826052,0.0914745132858891,0.0235085425797645,0.106052785569536,-0.0024407044647982,0.855341825582576,4.10057099167897,2.48114035986873,6.57929296067075,0.107421875,0.314453125,-0.85546875,-0.072265625,-0.173828125,-1.0390625,-0.0648350171210527,-0.10250517418758,-0.0922530875160248,0.000110012874684502,-0.00052931395683465,-2.89614163008975e-05,0.0941642992424242,0.242986505681818,0.105764678030303,21,0,0,0.0137188255185789,0.0733596165860868,0.14729179759624,0.380283207795433,0.0592122798894427,0.21341730988912,0.242444412821608,0.227520393975822,-1.30104260698261e-18,-5.01792585019475e-18,-4.709829647349e-17,-0.0855232007575758,-0.245294744318182,-0.077829071969697,0.0259212391826052,0.0914745132858891,0.0235085425797645
"Feeding",0.00371837642084524,0.0430915116603382,0.0542466409228739,10.2805122750374,0.378740058073476,0.17214625553117,0.7023,0.18694,0.11077,0.321171980368314,0.21350059073373,0.0956069483901515,-0.219571200284091,-0.918131510416667,0.120460759244358,0.227579045779838,0.104588644794033,1.67547411980993,-0.418597959947818,1.03976541612021,9.5611774034361,3.29109131024492,7.80938714034134,0.796875,0.400390625,-0.48828125,-0.33203125,-0.892578125,-1.392578125,-0.0747955800250854,0.00378755628334095,-0.423609391854936,-0.000663942634180422,-0.000228355850613713,3.19778058945145e-05,0.701268051609849,0.619961825284091,0.429850260416667,10,0,8,0.103112518100782,-0.229491342752881,0.203065545856778,0.263860723643997,0.122911164331809,0.20879110149002,0.391277162024923,0.254620603182131,-2.32338570665348e-18,9.27574230088904e-18,-3.70162381632903e-17,-0.427638198390151,-0.673006924715909,-0.474446614583333,0.120460759244358,0.227579045779838,0.104588644794033
"Feeding",0.0018461726748257,0.0883625281416242,0.0939010461661013,6.91299764843204,0.883726802171443,0.121298956187165,0.81644,0.1372,0.04636,0.283879275711662,0.334741882156633,0.0679376775568182,-0.215065696022727,-0.928836706912879,0.0796762480579687,0.304956980223332,0.125161818587163,-0.27460586893757,-4.6570679061684,2.7061828203156,12.5806682345664,45.8997132843978,16.2164068629451,0.41796875,0.68359375,-0.080078125,-0.44140625,-3.3359375,-1.33203125,-0.071668132755278,-0.290560386069425,-0.217233640931064,-8.84478545725205e-05,-0.000660489963575058,0.000221194472955215,0.350031072443182,0.898659446022727,0.848758581912879,22,2,10,0.0694857902852264,-0.219804411837847,0.0526876159217482,0.0938997558793799,0.0797149702271926,0.212149532973242,0.227701079814383,0.236610811837858,5.26803157862038e-18,-4.46689241650822e-18,-3.33799000530625e-18,-0.509343927556818,-3.12087180397727,-0.403194543087121,0.0796762480579687,0.304956980223332,0.125161818587163
"Feeding",0.000636763051449657,0.02725623586353,0.029166525017879,2.27284917877588,0.883726802171443,0.0712376905967152,0.70387,0.22871,0.06742,0.194170542875488,0.211044989022525,0.0766527580492424,-0.0819868607954545,-0.981016216856061,0.0842504376114616,0.162768925894126,0.0885735260659689,7.2742973594331,1.44698149340293,-1.75065884796872,97.0326862537896,13.1975905127218,44.7609274408481,1.1328125,1.013671875,-0.4453125,-0.298828125,-0.6796875,-1.83203125,0.112857723022937,-0.536399277590716,-0.484596849039907,-0.000325531236140913,0.00077763109677556,-5.34300935406885e-05,1.05615974195076,1.09565873579545,0.535703716856061,32,0,0,0.075713696995246,-0.0889003169746234,0.0966962435609606,0.152932058880843,0.0293455755443579,0.192569410191157,0.255768179563938,0.226268552940761,-6.73434828097785e-18,-4.387527996117e-18,-5.38300218399437e-17,-0.375480883049242,-0.597700639204545,-0.851015033143939,0.0842504376114616,0.162768925894126,0.0885735260659689
"Feeding",0.00250856199374497,0.0704443345719749,0.0779700205532098,11.0573539112989,1.00997348819593,0.14139476270303,0.40689,0.37265,0.22045,0.535274397024219,0.395392374481631,0.0221058238636364,-0.263812440814394,-0.891179865056818,0.272096178218286,0.270102354905275,0.211261935635116,0.7893624462089,-1.23762722887711,0.398267751393828,7.78366160316488,6.16352463409633,5.64490464657908,1.427734375,0.4921875,-0.138671875,-0.80078125,-1.537109375,-1.896484375,0.0329772541103031,-0.150213013253199,-0.0314942238521127,-8.90268026596411e-06,0.000395350209965173,-0.000256407764309099,1.40562855113636,0.755999940814394,0.752507990056818,30,10,16,0.0143063456870116,-0.264066839872962,0.0536960696557154,0.171184857687419,0.0890418860782497,0.279919684139649,0.26887283718602,0.237339711514099,1.90642732145128e-18,-1.59767867864408e-17,5.0891003603543e-17,-0.822887073863636,-1.27329693418561,-1.00530450994318,0.272096178218286,0.270102354905275,0.211261935635116
"Feeding",0.000649258292315564,0.0183731949089122,0.0203209697858589,2.62991542136273,0.504986744097967,0.0719332457547828,0.84027,0.09751,0.06222,0.154757861372963,0.139690798086992,0.0715775923295455,-0.0250429095643939,-0.956476384943182,0.0480708926694445,0.142160399092001,0.0407845266268987,0.446245379739834,1.07678699715748,1.36850261081116,6.50289209901843,6.62373018487937,12.8898945998959,0.283203125,0.5859375,-0.736328125,-0.080078125,-0.546875,-1.142578125,-0.188791249063955,0.182442995217525,-0.0981714717102409,-0.000169216526431725,0.000400500236623534,5.94380333710524e-05,0.211625532670455,0.610980409564394,0.220148259943182,22,0,0,0.0750552885521232,-0.0271806819910697,0.240389567843192,0.277871434606016,0.0523440349843257,0.214004496070541,0.219341601234608,0.237337454206304,-1.65977389397734e-18,-1.62558456410634e-18,-5.04611022982301e-17,-0.151655717329545,-0.521832090435606,-0.186101740056818,0.0480708926694445,0.142160399092001,0.0407845266268987
"Feeding",0.00255771288263291,0.0520013287756384,0.0596744674235371,6.38604697656023,0.504986744097967,0.142773234921936,0.71289,0.18234,0.10477,0.344518011704402,0.236813759541322,-0.0498934659090909,-0.309340968276515,-0.90920928030303,0.122393773239384,0.240259410689722,0.104897157295103,0.595498756687129,-0.879475786806369,1.02713106999904,10.2235579981253,6.17505914322777,5.08217292875113,0.71875,0.505859375,-0.49609375,-0.482421875,-1.5546875,-1.21484375,-0.0816551401251451,-0.0855299792779592,-0.375772951877611,0.000190854153894566,0.000123712098453325,-0.000128429665539462,0.768643465909091,0.815200343276515,0.41311553030303,44,0,10,-0.0566170262961412,-0.315308239472869,0.0468663571747224,0.176086145914395,0.134105248055991,0.212982937277168,0.250614542657278,0.222692206507675,3.87771683253019e-18,-1.34668484900708e-17,-2.6931954787375e-17,-0.432528409090909,-1.24534653172348,-0.30563446969697,0.122393773239384,0.240259410689722,0.104897157295103
"Feeding",0.001593937,0.1803886,0.1851704,11.40975,14.26588,0.1127085,0.49483,0.3015,0.20367,0.680487,0.5770352,0.2092507,-0.3044656,-0.8931404,0.4294439,0.3343097,0.2793286,2.089833,-0.550348,1.858895,25.0011,5.679269,11.12427,3.861328,1.171875,0.8515625,-1.900391,-1.738281,-1.591797,0.04373998,0.04456048,-0.07561342,0.0002826617,-0.0003737419,5.341736e-05,3.652077,1.476341,1.744703,30,12,20,0.2128024,-0.286207,0.02794083,0.1594217,0.05679526,0.2148911,0.2188827,0.2411057,-3.153786e-19,-2.020364e-17,4.287789e-17,-2.109641,-1.433816,-0.6986565,0.4294439,0.3343097,0.2793286
"Feeding",0.000743942739532618,0.017233123527875,0.0194649517464729,2.9383999883658,0.252493372048984,0.0769999882914353,0.62491,0.29635,0.07873,0.201015111609705,0.164861379388522,-0.0416444720643939,-0.0326408617424242,-0.960567589962121,0.0953857393539761,0.137051158043543,0.0571562683038102,-1.08041023756404,-0.350328686725072,0.893370633351727,8.01886475843772,5.08761565663051,6.34554592985855,0.39453125,0.54296875,-0.72265625,-0.4765625,-0.521484375,-1.146484375,0.124477330161421,-0.370708472768201,-0.290933061563081,-0.000137078220077415,-0.000501532091531934,8.31698096902737e-05,0.436175722064394,0.575609611742424,0.237911339962121,45,0,0,-0.044970119117236,-0.0345793836783702,0.173255634945117,0.189029225524202,0.0204898318367339,0.296204648006705,0.261856677866169,0.264564690276616,-4.42941762550849e-18,1.57496792859163e-18,3.36718697432146e-18,-0.434918027935606,-0.488843513257576,-0.185916785037879,0.0953857393539761,0.137051158043543,0.0571562683038102
"Feeding",0.00123851104206828,0.0277485253473943,0.0314640584735991,2.99031770105892,0.378740058073476,0.0993506804149211,0.77176,0.1701,0.05814,0.193602450732467,0.209041253692307,0.0362807765151515,-0.183571555397727,-0.948308771306818,0.0697032202404721,0.174899802293069,0.0729431318556295,4.77668203869756,-2.02382152394145,2.23871302405458,47.8092139492748,13.3559674258304,30.1559874999176,0.75,0.458984375,-0.31640625,-0.13671875,-1.232421875,-1.361328125,-0.347717609322163,-0.365140048238505,-0.201398195687003,0.000100186679868127,-9.47239320757976e-05,6.14169021352908e-06,0.713719223484849,0.642555930397727,0.631902521306818,18,0,4,0.0356773129189874,-0.187881547268324,0.0761941128866196,0.213876680125721,0.0736288831062171,0.205171550281841,0.242404356228209,0.237241901577263,2.08803888564212e-18,-5.78482434710578e-18,5.04616028176989e-17,-0.172999526515152,-1.04885031960227,-0.413019353693182,0.0697032202404721,0.174899802293069,0.0729431318556295
"Feeding",0.00100288003507704,0.0729935392735772,0.0760021793788083,4.24876629724847,0.504986744097967,0.0894016217779247,0.66428,0.22436,0.11136,0.25902165744806,0.439423889860053,0.0394546046401515,-0.257849491003788,-0.927127722537879,0.149206884888223,0.262004698871879,0.153309848126023,-0.150424441293857,0.446826122386779,3.43898096278298,30.6159401578383,35.0382957942561,24.1703063193179,1.0703125,1.92578125,0.166015625,-1.095703125,-2.150390625,-1.482421875,-0.480124369833742,-0.134176479077846,-0.187772614632145,-4.70017953632384e-05,0.000503630698734421,-0.000225631801143293,1.03085789535985,2.18363074100379,1.09314334753788,14,4,6,0.0463091044834254,-0.265447368985029,0.0308064222451148,0.07670094976014,0.0519176260783544,0.223439857066893,0.200060955303536,0.220140622012982,1.34611502684256e-18,2.10885536201252e-17,-2.51902464980415e-18,-1.13515772964015,-1.89254113399621,-0.555294152462121,0.149206884888223,0.262004698871879,0.153309848126023
"Feeding",0.00350982576792938,0.0433443898075257,0.0538738671113139,8.43371405853647,0.883726802171443,0.16724905915081,0.6912,0.263,0.0458,0.316495700972796,0.242647178618366,-0.00961026278409091,-0.0159801136363636,-0.938728101325758,0.101361599679215,0.230105872862312,0.121323127426672,-1.96475852760195,0.055324503174815,2.49820128492062,17.6297415095825,3.54137469969291,16.5793809119348,0.498046875,0.72265625,-0.060546875,-0.705078125,-0.873046875,-1.283203125,-0.223169322189084,-0.625306938352218,-0.154253909301039,-0.000436653602099081,0.00152994133529861,-7.12609303360747e-05,0.507657137784091,0.738636363636364,0.878181226325758,30,3,0,-0.0204696800919522,-0.021478308261846,0.166407573412609,0.274920590130699,0.0265637711637054,0.196710736380478,0.304189431371334,0.240912716252662,1.97949033006823e-18,5.69041867498453e-18,-6.73396326600182e-18,-0.695467862215909,-0.857066761363636,-0.344475023674242,0.101361599679215,0.230105872862312,0.121323127426672
"Feeding",0.00426980890829386,0.0401107590242605,0.0529201857491421,9.39674543759608,0.252493372048984,0.1844697349638,0.48952,0.36107,0.14941,0.393838509383609,0.285271799584756,-0.0475482362689394,-0.233553799715909,-0.915423768939394,0.190178926865621,0.228906262975341,0.139787651155073,-1.42286206851457,-0.397188495256866,1.15775632288573,11.7094758006774,3.06345840185316,11.9667035921834,0.8046875,0.419921875,-0.2109375,-1.10546875,-0.998046875,-1.638671875,-0.0180898101800283,-0.283483366447341,-0.130269094288672,0.000323425622965975,0.00109166871665667,-0.000339779473387292,0.852235736268939,0.653475674715909,0.704486268939394,41,11,8,-0.0577807631289482,-0.238099080773238,0.140947274759284,0.484336898237145,0.108860536278547,0.221044132534843,0.201260780309926,0.21544595362688,0,-8.76786904601488e-18,-1.67890143798624e-17,-1.05792051373106,-0.764493075284091,-0.723248106060606,0.190178926865621,0.228906262975341,0.139787651155073
"Feeding",0.000740133611638468,0.0705353507017705,0.0727557515366859,3.86509410784403,16.159575811135,0.0768026080406517,0.48757,0.33315,0.17928,0.373619226713154,0.455458060559902,0.119310783617424,-0.0454027580492424,-0.960863517992424,0.25142247573838,0.240532752238337,0.167783231983004,-1.82236506354755,-0.8821343308784,-0.568214395923825,27.1986167354065,11.6766499248832,13.9126093463652,1.310546875,0.96484375,-0.1875,-2.0625,-1.587890625,-2.115234375,0.195787609551457,-0.114023968002705,0.074443644048187,-0.000588028464323448,0.000866918394229076,-8.03954445995217e-05,1.19123609138258,1.01024650804924,0.773363517992424,56,2,2,0.123120349373382,-0.0384180605440309,0.0740843022236303,0.139787683057268,0.0280901111751239,0.21745433488416,0.18650143101509,0.240543168263715,1.87527960989088e-19,3.96013570506454e-18,-4.33015434777306e-17,-2.18181078361742,-1.54248786695076,-1.15437085700758,0.25142247573838,0.240532752238337,0.167783231983004
"Feeding",0.00342516526030552,0.0444779126682893,0.0547534084492058,10.1703708841112,0.252493372048984,0.165219639255653,0.72163,0.17526,0.1031,0.297008728083391,0.282435878116656,0.0158321496212121,-0.254298354640151,-0.915756687973485,0.105555013520354,0.219042956908544,0.129431905369264,-0.706403817856971,-1.91361393112643,2.42127707900207,17.9395948079041,8.29116629501044,11.1298907564661,0.529296875,0.208984375,-0.224609375,-0.748046875,-1.490234375,-1.236328125,-0.127577236457284,-0.123516023940211,-0.561044575662091,3.17052098754969e-06,0.000958346334719785,-0.000393863669992303,0.513464725378788,0.463282729640151,0.691147312973485,12,2,10,0.0151764311358477,-0.269050703328433,0.137404581313411,0.478156838983266,0.315083399860405,0.195480664307159,0.237167286465135,0.210763606070858,-1.07280572919517e-18,-2.38834415002511e-17,1.34683885499749e-17,-0.763879024621212,-1.23593602035985,-0.320571437026515,0.105555013520354,0.219042956908544,0.129431905369264
"Feeding",0.00337498895140055,0.0590750661858895,0.0692000330400912,7.20564815503792,0.631233430122459,0.164004997541958,0.83894,0.11554,0.04551,0.339581842483787,0.204434645917807,0.0813210227272727,-0.27560517282197,-0.909808534564394,0.0636797576885236,0.256707711333107,0.111942012248806,0.306447228189808,0.604413836312364,-0.321437718424657,4.34874582910637,3.48230404864415,4.04299438047591,0.314453125,0.6796875,-0.5859375,-0.115234375,-0.88671875,-1.31640625,0.14316767498352,-0.227773149598788,-0.467667660889182,4.70979682577986e-05,9.79364888980558e-05,5.01239114502149e-05,0.233132102272727,0.95529267282197,0.323871034564394,41,0,8,0.0883712600542028,-0.29096035351629,0.0370316985758731,0.166126945945416,0.102835766915921,0.231819304814103,0.267533907380525,0.258650999697111,7.14500525440578e-18,2.69333889681607e-17,-1.68309425107515e-17,-0.196555397727273,-0.61111357717803,-0.406597715435606,0.0636797576885236,0.256707711333107,0.111942012248806
"Feeding",0.000968102596471448,0.0144790611013141,0.0173833688907284,3.08492295827931,0.631233430122459,0.0878378297173505,0.8722,0.09743,0.03037,0.122495316714733,0.143437725533368,0.0607540246212121,-0.156124230587121,-0.948079427083333,0.0280225337667626,0.12896384213074,0.0501353598847004,-0.954041860029364,-1.96288567167635,3.45281061273859,18.5645125327363,8.97015106520851,23.8772636623718,0.236328125,0.123046875,-0.564453125,-0.111328125,-0.82421875,-1.146484375,0.398919829700245,-0.0115458008288994,-0.47183839646123,-4.61426083780629e-05,-0.000469549827291314,0.000142795730504341,0.175574100378788,0.279171105587121,0.383626302083333,4,0,0,0.0641505225703135,-0.162564696652103,0.102355476167166,0.215941766215312,0.128279197703327,0.228606792483535,0.390792544960302,0.243771241700739,8.32043030854406e-19,3.29778160797674e-18,3.70179578968499e-17,-0.172082149621212,-0.668094519412879,-0.198404947916667,0.0280225337667626,0.12896384213074,0.0501353598847004
"Feeding",0.00239576637716556,0.084649659014568,0.0918369581460647,7.78132149902978,1.00997348819593,0.138179347357694,0.55785,0.31326,0.12889,0.369145557133838,0.434934587535666,0.0398689038825758,-0.267134232954545,-0.914809718276515,0.204860063805755,0.299493941667336,0.181551781155883,-6.33996001696034,-2.69348324429666,-0.138886237288178,91.8987993997139,14.0075479670965,20.0443652592198,0.80859375,0.521484375,-0.013671875,-2.4921875,-2.09765625,-2.296875,0.167851339780681,0.393816394365537,-0.0397649399560278,5.78763384209771e-05,0.000551587853977395,-0.000192640676869672,0.768724846117424,0.788618607954545,0.901137843276515,20,2,12,0.0557959409675763,-0.267185763810011,0.0197998323882309,0.0677453849297475,0.029309737188786,0.209819591002685,0.255524227099569,0.225277529559882,-1.47014118445265e-18,1.18182656980632e-17,-1.34690559092667e-17,-2.53205640388258,-1.83052201704545,-1.38206528172348,0.204860063805755,0.299493941667336,0.181551781155883
"Feeding",0.005453265,0.06926281,0.0856226,12.89111,0.2524934,0.2084727,0.71377,0.15911,0.12712,0.4439684,0.2617584,0.3064409,-0.2614968,-0.8632147,0.1493349,0.2764986,0.1456217,0.9415255,-0.3898846,-0.08458618,8.051016,3.013526,7.135705,1.103516,0.6796875,-0.3652344,-0.1640625,-1.310547,-1.677734,0.3462676,-0.260667,-0.4522251,-0.0005478855,-0.00152674,0.0005270332,0.7970748,0.9411843,0.4979803,4,0,8,0.3322014,-0.2796783,0.1304081,0.4198827,0.1899753,0.1896113,0.160801,0.2116437,-1.456163e-17,-2.008464e-17,-5.050144e-17,-0.4705034,-1.04905,-0.8145197,0.1493349,0.2764986,0.1456217
"Feeding",0.0125858300040173,0.554427355902228,0.59218484591428,60.2688099293737,3.78740058073476,0.316710042853299,0.68398,0.20539,0.11064,0.720653915755567,1.22597503690171,-0.000532670454545455,-0.658328894412879,-0.741025982481061,0.350488463465839,0.697453576381653,0.506472158311915,-0.0953697239704988,1.69310694521865,-0.345844491140111,17.319712930379,15.9794263016745,8.0580671818023,2.06640625,3.9375,1.314453125,-2.08203125,-3.443359375,-2.974609375,0.100200751680797,-0.171514788145468,0.533052894112716,-0.000177299507920876,7.81618132006995e-05,3.02594319241579e-06,2.06693892045455,4.59582889441288,2.05547910748106,28,20,40,-0.0476853432811675,-0.643593031842922,0.0142871380408407,0.0167869681204406,0.0351083697484876,0.234317828021044,0.291151708399609,0.323144983078367,-2.91422968886095e-18,8.82947144217883e-18,-5.38673939602831e-17,-2.08149857954545,-2.78503048058712,-2.23358339251894,0.350488463465839,0.697453576381653,0.506472158311915
"Feeding",0.0024406384197496,0.0279437598299735,0.0352656750892223,4.5860637386786,0.631233430122459,0.139467374744075,0.81055,0.12435,0.0651,0.248690910794737,0.160564989691036,0.100267814867424,-0.252382220643939,-0.923043915719697,0.0767177533576354,0.182698243899324,0.0651466184984415,0.615087542412206,-0.545877020221414,1.11653560622294,5.97494596202606,3.43910773281978,6.16365008556489,0.40234375,0.28125,-0.61328125,-0.18359375,-0.931640625,-1.07421875,0.311673275241412,-0.327550818281188,-0.499348965940299,6.65637442607073e-05,-9.41309720437754e-05,1.76614196433815e-05,0.302075935132576,0.533632220643939,0.309762665719697,8,0,6,0.105915694995333,-0.26154758438381,0.064765082374609,0.187591799848503,0.109220131175669,0.221948768068263,0.301741647601451,0.244799349549317,7.27075114557544e-19,-1.04831877672e-18,4.71033096893236e-17,-0.283861564867424,-0.679258404356061,-0.151174834280303,0.0767177533576354,0.182698243899324,0.0651466184984415
"Feeding",0.00253928145627449,0.0412657423891729,0.0488835867579964,8.065949941798,0.504986744097967,0.1422578775579,0.5941,0.33749,0.06841,0.318077738948433,0.248121022351726,-0.0448996803977273,-0.0595259232954545,-0.941694779829545,0.159176189154446,0.216937623967523,0.0994111596695126,-1.72709287719004,-0.210827705741849,0.321959399371359,7.90656725607122,5.80774762947538,7.52062173530059,0.349609375,0.89453125,-0.57421875,-0.89453125,-1.125,-1.37109375,0.132832164167699,-0.572754668426127,-0.184345118752709,-0.000266025053765106,0.000618544569601966,6.84489877567185e-05,0.394509055397727,0.954057173295455,0.367476029829545,39,2,2,-0.0540568112631622,-0.0628113670945184,0.0677494881449543,0.292311082940147,0.05285356348719,0.310987125164629,0.309747270361809,0.224374955469083,4.18928378496189e-20,-6.63080492009228e-18,-4.03771878950002e-17,-0.849631569602273,-1.06547407670455,-0.429398970170455,0.159176189154446,0.216937623967523,0.0994111596695126
"Feeding",0.001781827,0.04459954,0.04994502,4.249908,0.2524934,0.1191664,0.56251,0.34246,0.09503,0.2962159,0.2917294,0.0629069,-0.1574485,-0.9847671,0.1684615,0.2216156,0.1062895,0.380774,0.8341312,-0.2462322,29.29107,7.816288,8.632355,1.332031,0.9785156,-0.5996094,-1.140625,-0.8164062,-1.597656,-0.06425048,-0.3496349,-0.2231713,-1.284195e-05,-0.000243297,2.83105e-06,1.269124,1.135964,0.3851577,32,2,4,0.05963897,-0.1587071,0.03428411,0.2077211,0.07437995,0.2305214,0.1911952,0.2121214,-5.778995e-18,-2.756861e-18,-2.35651e-17,-1.203532,-0.6589577,-0.6128891,0.1684615,0.2216156,0.1062895
"Feeding",0.00255547151646784,0.0207337043828146,0.0284001189322181,4.06687489335233,0.883726802171443,0.142710663935603,0.84932,0.10231,0.04836,0.195527384103822,0.141709827641536,0.0244066642992424,0.0406605113636364,-0.956113873106061,0.0414082249736863,0.166761748092592,0.0625646867166379,2.20391283222605,-0.086974807686213,1.47078369946936,15.1595676173147,3.74679720861476,9.89820534697239,0.294921875,0.681640625,-0.60546875,-0.08203125,-0.44140625,-1.16015625,0.230810210981479,-0.0927457002048926,-0.332442958031857,2.50043156790301e-05,0.000430394721073639,1.21776539336978e-05,0.270515210700758,0.640980113636364,0.350645123106061,29,0,0,0.0252530237294267,0.0377842632800352,0.0934149357264891,0.0439364128370952,0.021729920489551,0.193534729702151,0.404841337431071,0.242827140477324,-2.42816111546233e-19,7.97196608757666e-18,-5.38275577440971e-17,-0.106437914299242,-0.482066761363636,-0.204042376893939,0.0414082249736863,0.166761748092592,0.0625646867166379
"Feeding",0.000378266335197234,0.00512390086249907,0.00625869986809077,0.879245128244172,0.378740058073476,0.0549059929821852,0.76546,0.16227,0.07227,0.108356346221447,0.0714152964104248,0.0744850852272727,-0.54196259469697,-0.812389026988636,0.0364941614382134,0.0753285009832395,0.0342073442152121,-0.571493353814219,1.3997324886799,-1.8396733713169,4.81355215673709,7.39278380667385,8.83437317586651,0.16796875,-0.12890625,-0.751953125,-0.09765625,-0.73828125,-1.001953125,0.0882944034630671,-0.14274920577364,-0.658470390978631,1.55112230073893e-05,-0.000357389940503753,0.00019611818683191,0.0934836647727273,0.41305634469697,0.0604359019886364,0,0,0,0.0911519532901937,-0.584690482998811,0.259616908627197,0.389039957141246,0.523065168999742,0.189267506235607,0.15913676742379,0.153633429192029,6.3591896883394e-18,2.69377075528085e-17,-1.00796792384936e-17,-0.172141335227273,-0.19631865530303,-0.189564098011364,0.0364941614382134,0.0753285009832395,0.0342073442152121
"Feeding",0.0007666776,0.03638922,0.03868925,3.529561,0.2524934,0.07816769,0.83726,0.10196,0.06079,0.2089353,0.2099406,0.2699825,-0.09072414,-0.9059689,0.06207162,0.1935243,0.070036,-3.160762,-0.7879699,1.610049,18.61933,6.127016,10.83696,0.40625,0.4375,-0.5078125,-0.15625,-0.9726562,-1.191406,0.257096,-0.3351598,-0.411105,2.980532e-05,0.001128278,-0.0002692599,0.1362675,0.5282241,0.3981564,15,0,4,0.2880152,-0.0963255,0.08936698,0.2419864,0.1751529,0.2054841,0.2017965,0.215063,2.186591e-17,-3.733105e-19,3.366001e-17,-0.4262325,-0.8819321,-0.2854374,0.06207162,0.1935243,0.070036
"Feeding",0.00316158512847878,0.0273787711109849,0.0368635264964212,4.35852298659817,0.252493372048984,0.15873523685016,0.79997,0.11653,0.08351,0.244811227061094,0.173942812512752,0.0579279119318182,-0.347648851799242,-0.933534564393939,0.0693814813224326,0.186778295491784,0.0798826969810492,-1.05422690645763,1.28692821558571,-2.05369424276687,4.77129709056241,5.41782122540611,9.39679090255282,0.263671875,0.416015625,-0.765625,-0.2109375,-0.89453125,-1.333984375,-0.171914811613147,0.239255657153259,-0.492926323661989,0.000467317469705665,-0.00135951850779207,0.000511591394158966,0.205743963068182,0.763664476799242,0.167909564393939,26,0,2,0.0635342235290754,-0.353560788636028,0.321224684533562,0.333510995166403,0.251847015194065,0.150782575013235,0.157557395422801,0.204414491917327,-4.80498690078803e-20,6.57585044918102e-18,5.38719114693351e-17,-0.268865411931818,-0.546882398200758,-0.400449810606061,0.0693814813224326,0.186778295491784,0.0798826969810492
"Feeding",0.000934728297053943,0.1020154757781,0.104819660669262,6.11700641678019,10.2259815679838,0.0863104934322636,0.5857,0.2641,0.1502,0.340131383077938,0.520045620483756,0.0460537997159091,-0.29464814157197,-0.912020596590909,0.205978248266864,0.315730874881332,0.191969574182584,-0.93856839755059,0.0582523051210978,3.22907249266461,20.6410197810333,34.5999474373273,23.3516560755273,1.3828125,2.388671875,0.634765625,-1.271484375,-2.41015625,-1.6015625,-0.272747368950908,-0.264326056355359,-0.00853384042003735,8.66313969878497e-05,0.000107709183561166,6.86661729027119e-05,1.33675870028409,2.68332001657197,1.54678622159091,22,10,14,0.0546217169465187,-0.297833208452183,0.0290777150445162,0.0376009076771391,0.0320462375862195,0.229541319443537,0.205732104531768,0.217719922242546,3.88146431163016e-18,2.693687977061e-17,-2.94301340846856e-17,-1.31753817471591,-2.11550810842803,-0.689541903409091,0.205978248266864,0.315730874881332,0.191969574182584
"Feeding",0.00688099003942366,0.567343411277932,0.587986381396203,43.796810690617,2.65118040651433,0.234178148992834,0.55512,0.30367,0.14121,1.02896709459653,1.20444737828814,-0.108146898674242,-0.358849727746212,-0.865182587594697,0.73474304068362,0.504719035418545,0.514418029658839,-0.893876989591787,-1.18654896789282,0.132882219592494,11.0175897048467,10.4988388613065,6.49129539621524,2.79296875,1.375,0.966796875,-3.755859375,-3.591796875,-3.296875,0.175922804006753,0.209744834524146,0.423018537468008,-0.000122593053580862,-0.000564875636091345,0.000169350276814888,2.90111564867424,1.73384972774621,1.8319794625947,70,38,37,-0.128912597210177,-0.30619434899574,0.018910889814627,0.111542837994038,0.0382614819737486,0.223953554342152,0.212691793752397,0.273083103333495,-3.33268963246965e-18,-1.22344412194808e-17,4.79553606650988e-17,-3.64771247632576,-3.23294714725379,-2.4316924124053,0.73474304068362,0.504719035418545,0.514418029658839
"Feeding",0.000790620730503191,0.0492146276430732,0.0515864898345828,3.77337643522797,0.631233430122459,0.0793788866139535,0.72994,0.17165,0.09841,0.23260621350221,0.305222819122787,0.0789314038825758,-0.037353515625,-0.976503314393939,0.0932582628147124,0.225468600694934,0.105541046514472,-5.55844471323699,-0.515273360585297,2.775202811522,51.8867175947802,20.0690905276549,22.7352922138596,0.287109375,1.42578125,-0.158203125,-0.8359375,-1.63671875,-1.35546875,0.139968177024765,-0.208201271644123,0.20359665371904,8.8934451204599e-05,0.000575276320648735,-6.5336425268541e-05,0.208177971117424,1.463134765625,0.818300189393939,46,2,2,0.0810876575798008,-0.0352014168448898,0.0427483989981062,0.101646985353634,0.0409397223924784,0.212341198353843,0.219856959594957,0.203778237855856,-1.56824941726e-18,0,5.38322805944697e-17,-0.914868903882576,-1.599365234375,-0.378965435606061,0.0932582628147124,0.225468600694934,0.105541046514472
"Feeding",0.00381699577311271,0.0483081826157401,0.0597591699350782,9.18924084245484,0.504986744097967,0.174414161255107,0.53564,0.34669,0.11767,0.366570422800448,0.319029833114362,0.0575284090909091,-0.127197265625,-0.927090731534091,0.178735434780871,0.241238089433368,0.146367553303586,0.333127841141835,-0.481568520727285,-0.0459311756093707,19.9117870851066,4.18097573541915,14.5650866915403,0.931640625,0.951171875,-0.109375,-1.279296875,-0.83203125,-1.86328125,0.152474121854805,0.44020930043422,-0.0929370808091285,0.000565995954776982,0.000317642511160641,-2.87225763309625e-05,0.874112215909091,1.078369140625,0.817715731534091,29,0,6,0.0715292271832286,-0.130674902521546,0.115590341217718,0.349351151579451,0.0974452628896031,0.213776295367661,0.248190988446165,0.23501827795927,4.47233396150271e-18,0,3.02715105202505e-17,-1.33682528409091,-0.704833984375,-0.936190518465909,0.178735434780871,0.241238089433368,0.146367553303586
"Feeding",0.00286855951832253,0.0860277662195099,0.0946334447744775,9.04347863890483,0.504986744097967,0.15120036408875,0.69431,0.18792,0.11777,0.347258540662305,0.413779485412625,0.0414373224431818,-0.113865707859848,-0.9755859375,0.145387193941903,0.298776144896715,0.160918262490454,-1.6614731154925,-2.29771351554634,-1.80441237985273,14.7532221159564,18.2166131511537,23.7986253589859,0.609375,1.0859375,-0.28515625,-0.857421875,-2.3203125,-2.1640625,0.430773105118551,-0.00127125482430695,0.133976752980027,-0.000283320889027842,-0.00110269102204247,0.000305169969477397,0.567937677556818,1.19980320785985,0.6904296875,58,2,2,0.0424899804904501,-0.103349746880329,0.120892178814115,0.208443033409993,0.0609120586126546,0.20032164853554,0.210676791888616,0.208968480560128,-4.09399257839578e-19,-1.86039236415126e-19,0,-0.898859197443182,-2.20644679214015,-1.1884765625,0.145387193941903,0.298776144896715,0.160918262490454
"Feeding",0.0009125194,0.07128001,0.07401757,6.044676,1.009973,0.08527897,0.47696,0.38953,0.13351,0.4329219,0.3810601,0.2535585,-0.2597138,-0.8910689,0.2547509,0.2537933,0.1608633,-1.864324,-0.7454401,0.901148,20.93818,4.982456,6.497092,1.642578,0.4667969,-0.2382812,-1.628906,-1.240234,-1.439453,0.06497368,-0.2875916,-0.2562175,-4.68604e-05,0.0001115981,0.0001678325,1.38902,0.7265107,0.6527876,20,6,12,0.2667574,-0.2606788,0.02157475,0.1313252,0.05127602,0.2186165,0.2526681,0.2249424,1.513853e-17,-5.289387e-18,4.038638e-17,-1.882465,-0.9805205,-0.5483842,0.2547509,0.2537933,0.1608633
"Feeding",0.00145761806320531,0.0574937085469466,0.0618665627365625,6.36919347538395,1.13622017422043,0.107781140564121,0.58712,0.26671,0.14617,0.366592337167843,0.295547700894339,-0.0213586055871212,-0.332867246685606,-0.900871508049242,0.169063755526677,0.245975744204013,0.127616789326442,0.243919781034031,-0.609462024946305,1.18461562937904,8.72394669972469,6.11537083884576,7.14525757900789,0.80859375,0.63671875,-0.23046875,-0.79296875,-1.3125,-1.287109375,0.109381757096308,0.028231578854556,-0.187750366070539,0.000288295129468333,0.00080897645442969,-0.000174397124606239,0.829952355587121,0.969585996685606,0.670402758049242,39,0,18,-0.0219640574107172,-0.336154425599622,0.0753756735017073,0.149046847720962,0.0674750100997477,0.204999874273213,0.227523544387825,0.221925474397314,2.49719430066355e-18,1.68164274461554e-17,6.73514397859497e-18,-0.771610144412879,-0.979632753314394,-0.386237866950758,0.169063755526677,0.245975744204013,0.127616789326442
"Feeding",0.00125862390817656,0.0185843650736107,0.0223602367981404,2.91008841920334,0.378740058073476,0.100154136943927,0.57391,0.30441,0.12168,0.201086235221534,0.199252381501745,0.050588896780303,-0.107998934659091,-0.981881806344697,0.102318276172825,0.149286314049164,0.0787782749510261,-0.471549946756492,-1.54768149426848,0.787163948594426,11.419014565027,8.71302655292459,17.5002326968608,0.62890625,0.427734375,-0.51171875,-0.369140625,-0.828125,-1.427734375,0.0217361663523653,-0.355405811787136,-0.0781613310186176,-0.000212363763133523,-0.000116145011299233,-3.03613369779926e-06,0.578317353219697,0.535733309659091,0.470163056344697,30,0,2,0.048029043952726,-0.107111899921348,0.122834608199235,0.257529434959963,0.0319422891492854,0.256263535023276,0.253282554959278,0.222787963665791,-2.9585737887246e-18,4.83953557796998e-18,4.70990937753362e-17,-0.419729521780303,-0.720126065340909,-0.445852568655303,0.102318276172825,0.149286314049164,0.0787782749510261
"Feeding",0.00281499110409212,0.0417083267386578,0.0501533000509341,7.83134038039035,0.252493372048984,0.149781928389265,0.8622,0.09457,0.04323,0.248189514552485,0.209222036872333,-0.0349491003787879,-0.0498120857007576,-0.949899384469697,0.0582375687844942,0.222004710942507,0.0741023721294615,-0.288300143962604,-1.09799273892577,1.69492023566732,42.1355917218265,5.85116128995967,12.2411637001962,0.45703125,0.484375,-0.515625,-0.5390625,-1.130859375,-1.212890625,-0.104246535254058,-0.272201777405435,-0.371666398981491,-8.86841469161085e-05,0.00189134187657749,-0.000212051678906144,0.491980350378788,0.534187085700758,0.434274384469697,19,0,2,-0.0381475623611586,-0.0528568268785977,0.063195885225403,0.488707103653678,0.12136301697234,0.202303096080307,0.188088005028406,0.226785686074993,3.08576669451248e-19,-5.94021639142934e-18,4.71251207877154e-17,-0.504113399621212,-1.08104728929924,-0.262991240530303,0.0582375687844942,0.222004710942507,0.0741023721294615
"Feeding",0.001425068,0.05030869,0.05458389,5.867382,0.7574801,0.1065709,0.79003,0.13001,0.07996,0.2830194,0.2244292,0.2319114,-0.1383833,-0.9130489,0.08190481,0.2305159,0.09615227,-0.4932509,-0.7002745,1.216944,7.356363,7.649714,8.495117,0.5371094,0.734375,-0.3789062,-0.1972656,-1.453125,-1.191406,0.1580729,-0.2620566,-0.334899,-0.0002117288,-0.0008197185,7.658228e-05,0.305198,0.8727583,0.5341427,21,0,4,0.2472106,-0.1463446,0.09923436,0.1988855,0.0594559,0.197085,0.219632,0.2288513,7.28071e-18,1.816706e-17,3.364395e-17,-0.429177,-1.314742,-0.2783573,0.08190481,0.2305159,0.09615227
"Feeding",0.0074793840889537,0.0535278834240638,0.0759660356909249,13.3761144524869,0.504986744097967,0.244148366181169,0.85686,0.08053,0.06262,0.346097247331267,0.224385105014088,-0.0350822679924242,-0.139426491477273,-0.930841619318182,0.0753833273352359,0.269389913301409,0.101996286617255,-0.930632183244879,-0.742559543303585,1.33378012651011,7.6184714336488,2.99595286629606,6.14307886467955,0.19140625,0.521484375,-0.541015625,-0.44921875,-1.009765625,-1.2109375,0.141966255111644,-0.0961278640978923,-0.532312205947785,0.000234773958285777,-0.000811755277866548,0.000292397444791917,0.226488517992424,0.660910866477273,0.389825994318182,40,0,8,-0.0387614444547538,-0.14778988635271,0.152517122783969,0.327073251715014,0.164098822923296,0.19577933685032,0.350596746203085,0.255542344743025,-8.20540708445669e-19,-1.9540793416506e-18,-5.04594066281065e-17,-0.414136482007576,-0.870339133522727,-0.280095880681818,0.0753833273352359,0.269389913301409,0.101996286617255
"Feeding",0.00206904100511337,0.0367742588763377,0.0429813818916778,6.35595816648995,0.378740058073476,0.128411953604915,0.84399,0.09006,0.06595,0.238167754874742,0.205932377750072,0.064208984375,-0.228915127840909,-0.928999467329545,0.0630573758728923,0.197623894180017,0.0888531896929382,0.931264618302948,-1.87429940742825,2.63955182735131,5.82889496111841,7.92357257231002,14.6528030470516,0.30859375,0.130859375,-0.337890625,-0.134765625,-1.31640625,-1.13671875,0.0282408624889433,-0.136569555261562,-0.667602894071019,0.000245386732736468,-0.000422869032847667,0.000161583837899223,0.244384765625,0.359774502840909,0.591108842329545,6,0,10,0.0682605039171467,-0.239158556831729,0.167995540548859,0.356692154395749,0.2487959020275,0.190116878391265,0.249879802940057,0.234057081082086,0,-6.49099314846518e-18,-4.03844839287958e-17,-0.198974609375,-1.08749112215909,-0.207719282670455,0.0630573758728923,0.197623894180018,0.0888531896929382
"Feeding",0.000290543213033352,0.0264189332539234,0.0272905628930235,2.67352472214594,1.26246686024492,0.0481200723656763,0.43268,0.40322,0.1641,0.254850921770977,0.265677108161494,-0.0011911103219697,-0.245561079545455,-0.927394057765151,0.14740727443305,0.162144774316581,0.122691843026217,-1.60262661982802,0.548190376057248,2.28438514857693,8.76236754426774,23.8840033907627,12.9212944965013,0.505859375,1.05078125,-0.232421875,-0.736328125,-1.2890625,-1.24609375,0.0188414713787959,-0.384498704887195,0.121155941709042,0.000227106239891019,-3.50553385204367e-05,-0.000108606584941531,0.50705048532197,1.29634232954545,0.694972182765151,22,4,2,-0.00830991882433542,-0.250679628028691,0.0320379242820851,0.130848738481913,0.0333424643710642,0.283658629686383,0.20330015583659,0.257443736991676,2.03216037878841e-18,1.38777878078145e-17,-2.35631475416962e-17,-0.73513701467803,-1.04350142045455,-0.318699692234849,0.14740727443305,0.162144774316581,0.122691843026217
"Feeding",0.00955992116678313,0.0613717775519813,0.0900515410523307,16.9891130716335,0.252493372048984,0.276024771992395,0.81738,0.13006,0.05256,0.422329540970787,0.218778597213548,-0.0985144412878788,-0.213149562026515,-0.925426136363636,0.1164126637747,0.287372292220138,0.11847479404601,0.694689780699815,-0.209139603601556,0.555683610233254,8.00710046454574,2.24789186285734,3.06725454990911,0.619140625,0.44921875,-0.482421875,-0.462890625,-0.759765625,-1.28125,0.239451867668556,-0.440291754505248,-0.638604692268172,-0.000194110020364706,0.000142275377823177,0.00010481571693874,0.717655066287879,0.662368312026515,0.443004261363636,63,0,6,-0.113788623749495,-0.224064464388123,0.174389669109727,0.557654827136091,0.540714056422648,0.1959022880019,0.174041731930426,0.146476868074198,-3.32976351865186e-18,-1.33258303381855e-17,-1.00854929646316e-17,-0.364376183712121,-0.546616062973485,-0.355823863636364,0.1164126637747,0.287372292220138,0.11847479404601
"Feeding",0.00111723537458318,0.0191710444197124,0.0225227505434619,3.67090541119185,0.252493372048984,0.0943611539737291,0.67462,0.25635,0.06904,0.196259749931847,0.156940294074882,0.0569069602272727,0.0314201586174242,-0.979788115530303,0.0811840834012032,0.149618425746838,0.0664038407010259,-2.89948926886358,-1.33067512810477,2.24252889591412,20.6004095088329,6.0857473926578,22.5976708082722,0.380859375,0.302734375,-0.48046875,-0.521484375,-0.634765625,-1.283203125,0.0093175637789371,-0.543085258625199,-0.153674516506534,0.000151960816283938,0.000162593971745397,7.47346188587926e-06,0.323952414772727,0.271314216382576,0.499319365530303,25,0,0,0.0549796331378183,0.0313518919985731,0.0643801274919615,0.417194754608639,0.0470148538855211,0.231664744235535,0.258482787378756,0.220052713559282,-9.87974096144402e-19,-1.97630753959976e-18,-4.70968606884752e-17,-0.578391335227273,-0.666185783617424,-0.303415009469697,0.0811840834012032,0.149618425746838,0.0664038407010259
"Feeding",0.00160380902744016,0.0311652858838256,0.0359767129661461,4.99349865775315,0.378740058073476,0.113056941166664,0.45148,0.31157,0.23694,0.318008352792843,0.251940854088929,0.123217033617424,-0.132908676609848,-0.961226029829545,0.162037332361035,0.185740927512445,0.137584847006005,-0.789382982853574,-1.29894761965304,0.181080918020131,6.69495170912445,7.73771480390963,8.87735426850761,0.6015625,0.375,-0.373046875,-0.5390625,-1.25,-1.5703125,0.125860228339792,-0.020350073276354,0.0117001131560263,-0.000476936669881431,-0.000298064002691924,-8.66071945375629e-05,0.478345466382576,0.507908676609849,0.588179154829545,29,2,2,0.126436264807447,-0.131139132694564,0.0620331173577161,0.270170987119513,0.0488570779705744,0.308615532881908,0.253944416532747,0.236340206336914,-3.32024081491152e-19,-5.51983137294052e-19,-4.03751986509574e-17,-0.662279533617424,-1.11709132339015,-0.609086470170455,0.162037332361035,0.185740927512445,0.137584847006005
"Feeding",0.000592740280516136,0.0332182463212483,0.0349964671627967,2.49724412955951,0.252493372048984,0.0687310731579741,0.79104,0.12077,0.08819,0.227900565491563,0.179326598219022,0.124977805397727,-0.278209339488636,-0.93112275094697,0.0642522973559777,0.184950957470493,0.0768513470630589,-0.751500648116296,0.869317976022699,0.430391592247572,9.77908804584432,5.90732739593434,7.94447069911566,0.38671875,0.46484375,-0.5234375,-0.267578125,-0.82421875,-1.23828125,0.169178959474382,0.0134967861716991,-0.308268892779873,0.000133013482242433,-0.000939352506497466,0.00027438700033914,0.261740944602273,0.743053089488636,0.40768525094697,20,0,0,0.133917054429809,-0.285484059141082,0.092923972627791,0.162563286932498,0.0947704494658929,0.200512019016717,0.192702930960109,0.204993634250928,-7.25350247464953e-18,-1.01417051511312e-17,2.69367770999498e-17,-0.392555930397727,-0.546009410511364,-0.30715849905303,0.0642522973559777,0.184950957470493,0.0768513470630589
"Feeding",0.000374222008982636,0.0434741058541912,0.0445967718811391,3.04219839347181,16.159575811135,0.0546116838321511,0.53356,0.32406,0.14238,0.292113248966942,0.301432246120731,0.0165719696969697,-0.0393880208333333,-0.991062973484849,0.201544970340741,0.169462343374263,0.119352481807894,1.64780970928778,-0.639348973428951,-0.838516790368694,23.5583616948575,9.32870362339329,8.87392436022102,1.517578125,0.4765625,-0.587890625,-1.044921875,-1.10546875,-1.560546875,-0.140579546558916,-0.340384683277684,0.0878131668195271,-0.000238088420161874,-0.000968604989108388,1.83046952957376e-06,1.50100615530303,0.515950520833333,0.403172348484849,67,4,2,0.0087993059724783,-0.0361737357525248,0.0615287378389283,0.222172613896632,0.0201241489543079,0.214598387424243,0.173413767050412,0.241088224815201,-1.57804804839983e-18,5.61798452416175e-18,2.35498260235257e-17,-1.06149384469697,-1.06608072916667,-0.569483901515151,0.201544970340741,0.169462343374263,0.119352481807894
"Feeding",0.0003298403,0.01283912,0.01382864,1.667337,0.3787401,0.05127112,0.58621,0.33099,0.0828,0.1786504,0.1165231,0.09696822,-0.09178948,-0.979359,0.09479655,0.1119906,0.04540646,0.9668031,0.820401,0.5225785,4.418769,10.26042,4.844384,0.4707031,0.4882812,-0.7910156,-0.1542969,-0.5566406,-1.117188,0.2343533,0.1878514,-0.02017355,-0.0008710596,-0.0001236535,-0.0001110791,0.3737349,0.5800707,0.1883434,14,0,0,0.09860211,-0.09231854,0.6095132,0.05721025,0.06746225,0.113203,0.2209285,0.2407399,-3.37191e-18,6.733912e-18,1.009934e-17,-0.2512651,-0.4648511,-0.1378285,0.09479655,0.1119906,0.04540646
"Feeding",0.0006275491,0.05823816,0.06012081,3.723148,0.6312334,0.07072041,0.51247,0.37558,0.11195,0.3776857,0.328179,0.3219327,-0.09944661,-0.9107925,0.2255298,0.2214218,0.1320052,-2.086862,0.01510018,0.005058233,20.87251,4.39906,6.698696,1.251953,0.8457031,-0.2734375,-1.453125,-0.78125,-1.474609,0.1260016,-0.4152877,-0.1695458,-9.155341e-05,0.0006956459,-0.0001187219,0.9300204,0.9451497,0.637355,22,2,0,0.3270476,-0.105088,0.04290756,0.1466043,0.02929286,0.2158576,0.205308,0.2204312,-2.755106e-17,-9.492724e-18,-2.356045e-17,-1.775058,-0.6818034,-0.5638169,0.2255298,0.2214218,0.1320052
"Feeding",0.00176971450247324,0.0518144882328864,0.0571236317403061,6.32485120292548,0.252493372048984,0.118760634503146,0.72854,0.16439,0.10707,0.344065544471706,0.199315395597638,-0.0466160629734848,-0.269287109375,-0.92160126657197,0.116425080944556,0.233131655673086,0.102485017414234,0.74832077992275,-0.159838643836184,0.163939149733689,14.4265044609351,3.11030866613781,4.48515779688114,0.78515625,0.45703125,-0.595703125,-0.51171875,-0.9609375,-1.310546875,0.247111405121752,-0.226993595775115,-0.358911303773874,-0.000262858354217076,-0.000998395020878306,0.000265524445188124,0.831772312973485,0.726318359375,0.32589814157197,51,0,8,-0.0535338439404817,-0.277116902884874,0.0597183456234662,0.265461910313304,0.147562762898041,0.206332048747079,0.199046870169972,0.204019644895337,1.87353420866624e-18,0,2.69318489082566e-17,-0.465102687026515,-0.691650390625,-0.38894560842803,0.116425080944556,0.233131655673086,0.102485017414234
"Feeding",0.00210370303634938,0.0260963660414745,0.0324074751505226,4.5443088767131,0.631233430122459,0.12948310976315,0.60639,0.26439,0.12923,0.260426194652491,0.203484291232922,-0.0119924834280303,-0.0508182410037879,-0.954005385890151,0.110392568232002,0.177015746958179,0.0996112941673416,-2.24776990470997,-0.147061753752585,-0.145452905415105,16.6917317493166,2.86330619963821,10.5005470842886,0.408203125,0.51953125,-0.51953125,-0.7265625,-0.6015625,-1.51171875,0.155164725166592,-0.36127500683888,-0.17396253253324,0.00026136034992565,4.03868835559482e-05,-2.96607397328513e-06,0.42019560842803,0.570349491003788,0.434474135890151,33,2,0,-0.0154711684585652,-0.0542881836159682,0.100599007794011,0.125762338868731,0.0250545114367497,0.248148365182,0.392911110889892,0.25332021306304,-4.10425964442311e-19,-1.00211697959704e-18,-2.35486196432675e-17,-0.71457001657197,-0.550744258996212,-0.557713364109849,0.110392568232002,0.177015746958179,0.0996112941673416
"Feeding",0.001469195,0.06321487,0.06762245,6.364999,1.009973,0.1082083,0.711,0.18548,0.10352,0.3441395,0.2888903,0.2124615,-0.2574574,-0.9343188,0.1322498,0.2504108,0.1221195,-0.2684028,-0.7402114,1.398763,8.484716,4.936707,8.273028,0.8046875,0.4609375,-0.3554688,-0.4648438,-1.3125,-1.375,0.1064443,0.03969551,-0.5144363,0.0005111774,-0.0003188074,0.0002629736,0.592226,0.7183949,0.57885,14,0,13,0.223985,-0.2570041,0.1293552,0.05577157,0.08639913,0.2140727,0.2644305,0.2548649,-1.233793e-18,-1.055003e-17,6.729446e-18,-0.6773053,-1.055043,-0.4406812,0.1322498,0.2504108,0.1221195
"Feeding",0.001684471,0.06664544,0.07169885,10.2727,0.6312334,0.1158651,0.52658,0.32941,0.14401,0.3324579,0.4337829,0.03878877,-0.1816406,-0.9618105,0.2549891,0.2120142,0.1618347,-4.112614,-2.154073,2.323496,41.58039,13.26462,14.23101,1.158203,0.2773438,0.03515625,-2.441406,-1.615234,-1.441406,0.18658,-0.1396356,-0.3761179,-0.0002937865,-0.001432642,0.0006388874,1.119414,0.4589844,0.9969667,22,4,6,0.04674697,-0.1771508,0.087638,0.3715374,0.1326035,0.239787,0.2602878,0.2357718,-1.551354e-18,0,-1.675723e-17,-2.480195,-1.433594,-0.4795958,0.2549891,0.2120142,0.1618347
"Feeding",0.00216106042551388,0.0178143135662734,0.024297494842815,5.049691104196,0.378740058073476,0.131236415390508,0.82129,0.1258,0.05291,0.196081744737862,0.119032059752472,0.0668057528409091,-0.0132279829545455,-0.952392578125,0.0579709547558005,0.154986703847552,0.0469371349996136,1.54618213364253,-0.650514896388808,2.55062643377978,11.1710347178921,3.10484549753017,18.5009506478391,0.470703125,0.287109375,-0.6640625,-0.052734375,-0.46484375,-1.12890625,-0.00943635375506034,0.301738117142171,-0.338920253552172,-0.000469663833570296,0.000260817068607374,-4.36975239925265e-05,0.403897372159091,0.300337357954545,0.288330078125,11,0,0,0.070876578059603,-0.0150479247332786,0.438462766098891,0.32159429084424,0.0516332474432545,0.143244057780312,0.385543094102217,0.256691196176284,2.65116499803396e-18,-2.13400967377947e-18,0,-0.119540127840909,-0.451615767045455,-0.176513671875,0.0579709547558005,0.154986703847552,0.0469371349996136
"Feeding",0.0006101719,0.06203348,0.063864,4.678915,2.903674,0.06973439,0.45647,0.36717,0.17636,0.4439455,0.2957584,0.2851489,-0.08255652,-0.9005164,0.24993,0.2270877,0.1608523,-0.4500472,0.5583252,-0.1291748,10.08926,4.19887,5.527406,1.529297,0.8457031,-0.40625,-0.8867188,-0.765625,-1.634766,0.02648665,-0.1672773,-0.01511448,0.0002596687,-0.0001911287,0.0001185901,1.244148,0.9282596,0.4942664,48,6,0,0.2986141,-0.08761018,0.02721172,0.1483801,0.03463343,0.2185176,0.1962694,0.2301249,-6.73594e-18,-1.188546e-17,-3.367585e-18,-1.171868,-0.6830685,-0.7342492,0.24993,0.2270877,0.1608523
"Feeding",0.00465504808447618,0.0803894259397791,0.0943545701932076,10.2713345239994,0.504986744097967,0.192611844424593,0.55542,0.25231,0.19228,0.526254533079373,0.319749718202373,-0.0613088896780303,-0.363702947443182,-0.899525035511364,0.201731669273275,0.302712135752447,0.19377997354651,0.369685812036477,-0.191964264634156,0.193098359574551,5.7672220676159,4.28261194238681,3.64290824266455,0.798828125,0.533203125,-0.234375,-0.900390625,-1.5234375,-1.474609375,-0.0631519078076102,-0.0913469705489574,-0.204767410961364,-0.000973173520053285,-0.000653004400464034,0.00016326654510073,0.86013701467803,0.896906072443182,0.665150035511364,61,6,25,-0.0729286939567213,-0.368483973150715,0.19135748143777,0.172990781945395,0.117290766364404,0.189909129300846,0.204609391718959,0.216524577918421,-3.84915995091262e-18,1.01068484619684e-17,1.00641888026249e-17,-0.83908173532197,-1.15973455255682,-0.575084339488636,0.201731669273275,0.302712135752447,0.19377997354651
"Feeding",0.000610638502367471,0.0342911446610206,0.036123060168123,2.94932167206209,1.38871354626941,0.0697610480275227,0.67202,0.22475,0.10323,0.20967442536157,0.257293902239365,0.0513583096590909,-0.0043649384469697,-0.978737571022727,0.0876081317212735,0.189118431614237,0.101546974276497,-2.96166023725098,-1.23326896156596,3.32198483232021,23.4706181969095,16.5322064044426,18.8847213097605,0.4296875,1.048828125,-0.373046875,-0.57421875,-1.146484375,-1.205078125,-0.155396330330965,-0.350474893943308,0.0779417881875732,-5.95635039685904e-05,0.000287122584442604,5.5484754188705e-05,0.378329190340909,1.05319306344697,0.605690696022727,37,4,2,0.0490030630590009,-0.00439086342263797,0.18140916039823,0.00929518227951457,0.0194512582323032,0.185871048689861,0.242034548674517,0.225887423795365,-2.92744853637114e-18,1.15186213760558e-18,2.01927424838668e-17,-0.625577059659091,-1.14211943655303,-0.226340553977273,0.0876081317212735,0.189118431614237,0.101546974276497
"Feeding",0.00161144923838004,0.0316552326837684,0.0364895803989085,3.85586738672035,0.883726802171443,0.113325911035111,0.70312,0.20413,0.09275,0.226637827134986,0.226987167925383,-0.0298887310606061,0.0320638020833333,-0.955795750473485,0.0831337032159252,0.190700590792144,0.0928365484326334,-3.14303817921252,-0.418513406143462,1.75462412992687,22.5453126318751,8.98200991572411,11.4291794562752,0.255859375,1.001953125,-0.443359375,-0.6328125,-0.951171875,-1.314453125,0.0520683631108152,-0.365739626915607,-0.0893112058651388,-4.62967397719936e-05,-8.72383689647752e-05,5.90342345952159e-05,0.285748106060606,0.969889322916667,0.512436375473485,43,0,0,-0.0345059453345216,0.0307914784102428,0.039949035734709,0.0436175887204456,0.040735951406368,0.219656386133026,0.30727587624052,0.225003483190816,5.81706293443158e-19,-3.88028359903702e-18,1.34636721165186e-17,-0.602923768939394,-0.983235677083333,-0.358657374526515,0.0831337032159252,0.190700590792144,0.0928365484326334
"Feeding",0.002501646,0.05233254,0.05983748,6.608422,0.3787401,0.1411997,0.80359,0.11725,0.07916,0.2999163,0.2265689,0.2527965,-0.04815489,-0.9388095,0.08820278,0.2400455,0.09518775,0.5162406,-0.6212739,0.02287836,15.98602,5.810293,5.285976,0.8808594,1.015625,-0.5117188,-0.2382812,-1.136719,-1.287109,0.1269387,-0.2331446,-0.4446847,-7.048136e-05,0.0005324303,-0.0001578235,0.6280629,1.06378,0.4270907,34,0,4,0.2613899,-0.05462864,0.06729177,0.2363678,0.08407849,0.2027557,0.2157278,0.2290263,-1.009849e-17,-6.039032e-19,3.028434e-17,-0.4910778,-1.088564,-0.3482999,0.08820278,0.2400455,0.09518775
"Feeding",0.00126814679953779,0.0185998271354447,0.0224042675340581,2.4712880959509,0.378740058073476,0.100532311748051,0.76069,0.16655,0.07276,0.192307485365014,0.147009866178611,0.0741299715909091,0.0229640151515152,-0.980217211174242,0.0527231592976656,0.149237314907773,0.0663406497820862,-0.70088986906653,0.0363774620821299,1.69202994603042,14.3626343079912,6.04492612586838,12.4520738805387,0.31640625,0.83203125,-0.599609375,-0.29296875,-0.46484375,-1.197265625,-0.147560474644156,-0.300996063963919,-0.114371781753518,-3.14415305486893e-05,0.000571531946826758,-8.40716694168636e-08,0.242276278409091,0.809067234848485,0.380607836174242,67,0,0,0.0743783868899228,0.0212624254580982,0.0471414673273219,0.243894026582251,0.0314244000796537,0.207636870126783,0.22965611293174,0.235433366264108,2.63288962050532e-18,5.02305938320841e-18,6.73267988274841e-18,-0.367098721590909,-0.487807765151515,-0.217048413825758,0.0527231592976656,0.149237314907773,0.0663406497820862
"Feeding",0.000251495647371955,0.00563054055637955,0.00638502749849542,0.704885475442422,0.252493372048984,0.0447699017058587,0.72514,0.18273,0.09212,0.0939838840284952,0.0941255826058673,0.00501598011363636,-0.0853752367424242,-0.963578657670455,0.0332890223181565,0.0776430410288757,0.0408485882570854,-0.240520045306861,-1.64236623650224,3.56253760275869,18.0572823710747,12.8986196360715,34.0169458567606,0.193359375,0.134765625,-0.603515625,-0.22265625,-0.623046875,-1.12890625,-0.044923331152087,-0.270666814199821,-0.408867692007553,6.68242390545819e-06,0.000272525959293415,-6.30473829966883e-06,0.188343394886364,0.220140861742424,0.360063032670455,30,0,0,0.00477205725508912,-0.0890167906319624,0.0233433816574158,0.23336911074212,0.0213317567978886,0.23260880045521,0.235069637770765,0.263622776897511,-6.42589994985194e-19,-1.39036608142033e-18,4.03709073382038e-17,-0.227672230113636,-0.537671638257576,-0.165327592329545,0.0332890223181565,0.0776430410288757,0.0408485882570854
"Feeding",0.00187576576669848,0.0402911275911388,0.0459184248912342,5.56471907345696,0.504986744097967,0.122267267683212,0.89664,0.06696,0.0364,0.252755269312443,0.170937864956728,0.0596368963068182,-0.238569779829545,-0.923657966382576,0.0438329393379982,0.208510921575236,0.0762461017816645,-0.689536481434378,-0.0882806878497164,0.835465433036973,6.79106399392398,3.61627355952917,5.11655812800529,0.212890625,0.419921875,-0.6328125,-0.13671875,-0.87890625,-1.177734375,0.162376060937103,-0.129961444020086,-0.615063503572968,1.03643808819598e-05,0.000902172447604496,-0.000259398677639259,0.153253728693182,0.658491654829545,0.290845466382576,18,0,6,0.0641709776154519,-0.250588238907447,0.0596081939028123,0.255895320536281,0.195505619344649,0.204915322477034,0.260588630169274,0.251077428523828,-1.10260588833948e-18,-1.81659273963288e-17,4.37209916264444e-17,-0.196355646306818,-0.640336470170455,-0.254076408617424,0.0438329393379982,0.208510921575236,0.0762461017816645
"Feeding",0.00121187488951325,0.00341386866080524,0.007049493329345,1.62061552138912,0.252493372048984,0.098276526366196,0.90218,0.05783,0.03998,0.11086489674802,0.0645788200636634,-0.00236002604166667,-0.408425071022727,-0.897172407670455,0.0221205544652188,0.0767534398075342,0.0378602871336024,0.178264560323854,-0.962328573180292,1.07008604662345,2.90930522272881,2.99990236144715,3.33865446160393,0.06640625,-0.2265625,-0.77734375,-0.0625,-0.671875,-0.984375,-0.331393699493182,0.239966456410351,-0.852858796580649,3.93417198475175e-06,-0.000682562598236472,0.000363504880640648,0.0687662760416667,0.181862571022727,0.119828657670455,0,0,0,-0.00237757683815967,-0.426829436473528,0.439532367569811,0.747219439945571,0.734798613947128,0.160202322386745,0.111670475131266,0.108129900331959,-1.3841930079714e-19,2.0088618392059e-17,4.03990567456384e-17,-0.0601399739583333,-0.263449928977273,-0.0872025923295454,0.0221205544652188,0.0767534398075342,0.0378602871336024
"Feeding",0.00197913984224212,0.0156331345268929,0.0215705540536193,4.24767461646236,0.757480116146951,0.125591181232297,0.71346,0.19356,0.09298,0.186265677459969,0.148332623671452,0.0437233664772727,0.0813654119318182,-0.954523259943182,0.0771330983373379,0.14519724825711,0.0565848607832697,6.35826023635358,-0.577883313884578,0.265572549613108,60.5688187764829,3.20770032488774,8.29136329783479,0.85546875,0.455078125,-0.7265625,-0.109375,-0.390625,-1.212890625,-0.151545776044299,0.178046635455169,-0.276995426750643,7.92464651174924e-05,-0.000466070406609317,5.12754385585899e-05,0.811745383522727,0.373712713068182,0.227960759943182,15,0,0,0.045551767869048,0.0820482760211216,0.0552247619778521,0.216436652518449,0.0252399617234378,0.24419868915287,0.421380797693447,0.274182618015893,-1.21192447386543e-18,5.00437332303868e-18,-5.04609097907421e-17,-0.153098366477273,-0.471990411931818,-0.258367365056818,0.0771330983373379,0.14519724825711,0.0565848607832697
"Feeding",0.00211133513973512,0.0472360961753301,0.0535701015945355,6.27563520226619,0.252493372048984,0.129717775440229,0.75114,0.17019,0.07867,0.2976523715493,0.224667917981955,0.0377308238636364,-0.154762961647727,-0.943418560606061,0.107241890401404,0.228540535678585,0.0871011055359781,-0.28293740826694,-0.198588433703521,1.00377177698733,6.0017253324023,4.55566459400405,6.43692080594053,0.412109375,0.595703125,-0.564453125,-0.48828125,-0.94921875,-1.203125,0.129308823196598,-0.299747475220272,-0.346053530164178,0.000237186560435404,0.00147600999627435,-0.00039846659389287,0.374378551136364,0.750466086647727,0.378965435606061,54,0,4,0.0363310144826268,-0.160472922432521,0.157140172552109,0.284717974297683,0.157255955853996,0.211781494263545,0.175406306114784,0.197630821277883,6.1522313048936e-18,-1.48564445415391e-18,-5.38717061280146e-17,-0.526012073863636,-0.794455788352273,-0.259706439393939,0.107241890401404,0.228540535678585,0.0871011055359781
"Feeding",0.002038368,0.04512969,0.05124479,5.557589,0.3787401,0.1274566,0.57406,0.27696,0.14898,0.3503758,0.254579,0.2814867,-0.1110174,-0.9063684,0.165185,0.2190339,0.1183413,-0.1183997,-0.4253447,0.7528951,10.20624,3.213265,6.350613,0.9765625,0.3828125,-0.3515625,-0.5,-0.7773438,-1.267578,0.215835,-0.04170948,-0.1899435,-0.0003471357,5.544144e-05,-0.0001935788,0.6950758,0.4938299,0.5548059,30,0,4,0.2959039,-0.1154635,0.06777368,0.2207544,0.05808281,0.2070824,0.2342166,0.2232115,-6.724184e-18,6.116502e-18,3.356484e-18,-0.7814867,-0.6663263,-0.3612098,0.165185,0.2190339,0.1183413
"Feeding",0.0008798256,0.04686611,0.04950558,5.193611,0.2524934,0.08373735,0.87729,0.09474,0.02798,0.2345102,0.198964,0.2461011,-0.0164314,-0.9316924,0.04981098,0.2218779,0.06869737,0.9683442,0.5146144,-0.3146036,7.556825,5.128908,8.427862,0.5058594,0.7382812,-0.6464844,0.0703125,-0.6953125,-1.271484,-0.2859485,-0.4580872,0.1035855,0.0001068494,-0.000808807,3.284846e-05,0.2597582,0.7547127,0.285208,46,0,0,0.2573952,-0.01620528,0.05535764,0.1199282,0.01551946,0.212545,0.2278111,0.2388762,6.734528e-18,-2.363273e-18,-4.709684e-17,-0.1757886,-0.6788811,-0.339792,0.04981098,0.2218779,0.06869737
"Feeding",0.00333290330683758,0.0242891534555204,0.0342878633760331,6.37978108969369,0.252493372048984,0.162979229918406,0.947,0.03748,0.01551,0.204756191173095,0.144225022684055,0.102953361742424,-0.224742542613636,-0.947716915246212,0.0292297435706992,0.179598635407006,0.0556477945435598,0.154782696984767,-0.0254418037643035,0.407614387924686,2.54150049058425,4.42240385972191,3.75900706996412,0.1953125,0.568359375,-0.783203125,0.0390625,-0.646484375,-1.130859375,0.535640064449609,-0.518623849138083,-0.741472978053684,0.000194196639660469,0.000718499415472611,-0.00022518787725251,0.0923591382575758,0.793101917613636,0.164513790246212,8,0,0,0.107520006191691,-0.231479756536925,0.446284728659301,0.589077338694801,0.589722321105186,0.178488442966311,0.169517354520955,0.14629982142552,2.11202531864846e-18,-1.00002442320235e-17,3.36598003258307e-17,-0.0638908617424242,-0.421741832386364,-0.183142459753788,0.0292297435706992,0.179598635407006,0.0556477945435598
"Feeding",0.000778866275432523,0.0108396087800209,0.0131762076063185,2.09382192360318,0.757480116146951,0.078786599083307,0.76647,0.15897,0.07456,0.154918323863636,0.0919276586466515,0.00117631392045455,0.0119037050189394,-0.962099017518939,0.0421654832011843,0.114289473643539,0.0484857041298226,-1.1500049369853,-0.000120415285663079,2.03860804032175,7.5354567728394,2.64752360916826,15.0057039099952,0.123046875,0.3828125,-0.640625,-0.248046875,-0.283203125,-1.130859375,0.19124400831011,-0.34745858602174,-0.107555469812861,0.000131784252530506,7.37722530066065e-05,-1.51628351045779e-05,0.121870561079545,0.370908794981061,0.321474017518939,33,0,0,0.000379651178915666,0.0115989359525197,0.0956034524934005,0.216161956295489,0.0236862481587421,0.24523685787948,0.394403918726931,0.242064695621508,6.15354998118648e-19,1.54945426951373e-18,5.38275705779296e-17,-0.249223188920455,-0.295106830018939,-0.168760357481061,0.0421654832011843,0.114289473643539,0.0484857041298226
"Feeding",0.00594732128824537,0.0490562573324428,0.0668982211971789,8.46054621226904,0.252493372048984,0.217711617624654,0.45419,0.3649,0.18091,0.376880039744031,0.419539867070532,0.0990471117424242,-0.160259824810606,-0.947605942234849,0.219273530620171,0.257840495116361,0.180909977036163,-2.61893314692198,-1.71850874661541,0.144041400881005,34.7907582088171,12.652987310129,16.5013125086033,1.009765625,0.58203125,0.04296875,-1.947265625,-2.00390625,-2.087890625,0.0167450735137308,0.276951485461365,-0.0804454120964835,-0.000388549958341214,0.0013358924579662,-0.00047003706082998,0.910718513257576,0.742291074810606,0.990574692234849,32,2,6,0.113473228933502,-0.156029075467317,0.0933417666373272,0.378609452809317,0.069410386469085,0.204026340246583,0.174889630500084,0.208948245785192,1.08533154974851e-18,-6.0643452196997e-18,2.39860736590267e-17,-2.04631273674242,-1.84364642518939,-1.14028468276515,0.219273530620171,0.257840495116361,0.180909977036163
"Feeding",0.00361632016781036,0.0353057092339731,0.0461546697374042,4.98655203911943,0.252493372048984,0.169767417023563,0.74192,0.17363,0.08446,0.253199105310922,0.234787411910021,0.00340317234848485,-0.376405658143939,-0.900619969223485,0.0959776181128489,0.213738951852298,0.085522595239268,0.272877866174022,2.70482123460585,0.34442400920918,17.2023689561598,13.6941374174886,13.530151698748,0.572265625,1.0390625,-0.345703125,-0.548828125,-0.7109375,-1.267578125,-0.108716812337869,-0.287037348725416,-0.204935705322217,-3.28452726653144e-05,-0.001645446892385,0.000524879176272916,0.568862452651515,1.41546815814394,0.554916844223485,19,2,0,0.00045613612979552,-0.390960229547933,0.0464878937925011,0.368772357336093,0.267940364872184,0.25351418747621,0.147417139472572,0.177161411853967,-8.36769089685109e-19,6.72030806818548e-19,1.3468439885305e-17,-0.552231297348485,-0.334531841856061,-0.366958155776515,0.0959776181128489,0.213738951852298,0.085522595239268
"Passive",0.00139931514348626,0.00846858430948134,0.0126665297399401,2.79205932031946,0.504986744097967,0.105603587338184,0.81548,0.14945,0.03507,0.161223888835084,0.0966818180349417,-0.053030303030303,-0.198767459753788,-1.02664092092803,0.0495307894531842,0.0508259176297685,0.102449699964313,0.135584026785243,-0.675568746525169,-0.485304789865263,5.31251323042895,3.21456695126747,2.57113486050235,0.17578125,-0.08984375,-0.861328125,-0.265625,-0.359375,-1.3125,0.262621338152419,0.207235782442463,0.860819174443782,6.57937241976403e-05,9.73632729702142e-05,0.000198330800313378,0.228811553030303,0.108923709753788,0.16531279592803,4,0,0,-0.0510163640213891,-0.188480697833977,0.0553608844408394,0.366622439744297,0.496611239887949,0.238123541873797,0.311379018648762,0.312873082535296,2.75721416472182e-18,-5.89273121105296e-18,-2.6932362261558e-17,-0.212594696969697,-0.160607540246212,-0.28585907907197,0.0495307894531842,0.0508259176297685,0.102449699964313
"Passive",0.0012587349727901,0.0156162755697738,0.0193924804881441,3.48796715820345,0.252493372048984,0.100158555791789,0.68331,0.23996,0.07673,0.217361436183569,0.12814551229663,-0.0842211174242424,-0.215250651041667,-1.08175751657197,0.0825171305075039,0.0690197325216664,0.129643053756742,0.167896777224147,0.329043093619882,-0.0895200451610986,3.33924681828939,6.67370121793767,3.12870439391315,0.203125,0.185546875,-0.73046875,-0.322265625,-0.423828125,-1.390625,0.010687027312329,-0.00354895231713849,0.687264330151623,2.01109623750236e-05,8.99929899513461e-05,0.000568342955548199,0.287346117424242,0.400797526041667,0.35128876657197,29,0,0,-0.0786029375844477,-0.192617810721283,0.0560574971338236,0.246578430254384,0.473308835547936,0.21908804263019,0.221307833394186,0.235022853277208,6.73314190071964e-18,-9.36284552229835e-18,2.69370851119306e-17,-0.238044507575758,-0.208577473958333,-0.30886748342803,0.0825171305075039,0.0690197325216664,0.129643053756742
"Passive",0.00077613151941593,0.0113436224625148,0.0136720170207626,2.314566946762,0.252493372048984,0.0786481596629917,0.58696,0.3557,0.05734,0.198305744770145,0.120135473105256,-0.106504498106061,-0.225082859848485,-1.12069424715909,0.0917204276123753,0.0655571117437907,0.102872437012156,-0.589716873123699,-0.990712552236317,-0.0549976718259587,9.26834368309819,4.2719207043423,2.30680232099983,0.3359375,-0.08203125,-0.88671875,-0.626953125,-0.46484375,-1.369140625,0.208399804404711,0.0573243349783657,0.758936188835098,-0.000193038743486229,-0.000156686663155698,-7.30442687782488e-05,0.442441998106061,0.143051609848485,0.233975497159091,30,0,0,-0.094399501158286,-0.194106960623262,0.0770793737198864,0.215082883899022,0.368253482552687,0.217349883420039,0.273304258253482,0.27004123462952,1.45099310631168e-18,1.3468439885305e-17,-8.07795301017673e-17,-0.520448626893939,-0.239760890151515,-0.248446377840909,0.0917204276123753,0.0655571117437907,0.102872437012156
"Passive",0.000890023324367737,0.00352399895489584,0.00619406892799905,1.37163578574386,0.252493372048984,0.0842212336122737,0.82054,0.12703,0.05244,0.114942314211002,0.0571534472917008,-0.0521055279356061,-0.205714370265152,-1.00912198153409,0.0324758169963941,0.03514180381871,0.0725202137617357,-0.0840120338181993,-0.248005568867304,0.181521258132983,2.95329349156825,2.91873277345454,2.1894132690271,0.033203125,-0.115234375,-0.841796875,-0.13671875,-0.31640625,-1.19140625,0.301408813850666,0.276005762791264,0.787934539097186,-5.60414105452986e-06,-0.000165109115855448,-0.000193285226335202,0.0853086529356061,0.0904799952651515,0.167325106534091,0,0,0,-0.0511602920503859,-0.199754011506846,0.137565883627919,0.430567185285587,0.583817367579424,0.195623346055926,0.200682436424541,0.244113912985579,2.94717734543427e-18,4.21444772210324e-18,-8.07750350519222e-17,-0.0846132220643939,-0.110691879734848,-0.182284268465909,0.0324758169963941,0.03514180381871,0.0725202137617357
"Passive",0.00203837496896894,0.0138055650653796,0.0199206899722864,4.15666462446488,0.252493372048984,0.127456780177823,0.79841,0.15303,0.04856,0.202705600482811,0.125733289829448,-0.0689734256628788,-0.290283203125,-1.01627604166667,0.061454222330067,0.0725359671496792,0.126144258135981,-0.425742211716074,0.122937455872872,0.317246719150071,3.91494851018881,3.35281543890789,3.06058423546364,0.08203125,-0.064453125,-0.669921875,-0.298828125,-0.494140625,-1.361328125,0.057834558732876,-0.0277507721529451,0.837710411936275,-3.8203567777459e-05,-0.000260710705207429,-0.000328524060190831,0.151004675662879,0.225830078125,0.346354166666667,6,0,0,-0.0688385087177498,-0.273569468529836,0.0628576597721505,0.325225014619394,0.437651506358506,0.223846003482041,0.294188912160599,0.295984671245078,-3.36693029767078e-18,0,7.39746214095167e-17,-0.229854699337121,-0.203857421875,-0.345052083333333,0.061454222330067,0.0725359671496792,0.126144258135981
"Passive",0.00230432704245749,0.026978097032403,0.0338910781597755,7.11071673053469,0.378740058073476,0.135516745265905,0.79875,0.13952,0.06173,0.236557805505337,0.194368224973232,-0.0531412760416667,-0.276833274147727,-0.975911458333333,0.0771518019931741,0.0897053656222936,0.168614233774092,0.335778878114705,-1.20432882144301,0.423347447195634,6.27200767543516,6.73690997919176,5.35083438549718,0.296875,-0.05078125,-0.294921875,-0.330078125,-0.71484375,-1.455078125,0.0447031704606397,0.0757415452158675,0.782097513861531,6.79509268060836e-05,-0.000127627800147069,-0.000152374805565158,0.350016276041667,0.226052024147727,0.680989583333333,8,0,0,-0.0521909453780869,-0.271863417786975,0.0358833451431427,0.324272583002692,0.41215645247416,0.238604917690185,0.319695498442356,0.312475114975573,-4.09462554702694e-18,2.01975262949439e-17,3.7057434765725e-17,-0.276936848958333,-0.438010475852273,-0.479166666666667,0.0771518019931741,0.0897053656222936,0.168614233774092
"Passive",0.00285711856689676,0.0242685854639926,0.0328399411646828,7.07432767272061,0.378740058073476,0.150898539372195,0.78833,0.15621,0.05546,0.266785844955234,0.143459123670557,-0.0804554332386364,-0.211440577651515,-1.06352095170455,0.0820873833790361,0.0861738458206652,0.165810919265395,-0.241939615730821,-1.11061300694408,-0.458841647349234,5.49021384700994,4.83533001524186,2.60423663639885,0.25390625,-0.041015625,-0.72265625,-0.419921875,-0.544921875,-1.53515625,0.157215052778183,0.162257373005626,0.794096368740834,2.82213308473912e-06,-0.000163032800383489,-0.000269910820849285,0.334361683238636,0.170424952651515,0.340864701704545,31,0,0,-0.0747118440936256,-0.190053090722818,0.0635945320192629,0.382233591108751,0.616168625160555,0.214739467245929,0.239432801177809,0.168979322563061,2.46212585326397e-18,-1.34661297954489e-17,-4.03593745354428e-17,-0.339466441761364,-0.333481297348485,-0.471635298295455,0.0820873833790361,0.0861738458206652,0.165810919265395
"Passive",0.0009053838,0.008225928,0.01094208,2.037776,0.3787401,0.08494489,0.6285,0.30696,0.06454,0.1743253,0.08552545,0.09215199,-0.03547437,-0.9654504,0.07495783,0.04441744,0.09908769,0.436267,-0.1647984,-0.1746953,4.071948,2.765869,2.391378,0.3496094,0.07617188,-0.7578125,-0.1542969,-0.1542969,-1.242188,0.01836605,-0.1869616,0.5973875,-5.055764e-05,-0.0003017644,-0.0001088575,0.2574574,0.1116462,0.2076379,21,0,0,0.09406484,-0.03409529,0.05076048,0.3459907,0.4120418,0.2268607,0.2430277,0.2692671,2.524662e-18,2.074878e-18,3.328583e-18,-0.2464489,-0.1188225,-0.2767371,0.07495783,0.04441744,0.09908769
"Passive",0.0323023012316605,0.175518625381557,0.272425529076538,61.9972187425932,0.252493372048984,0.507385013811211,0.92915,0.05156,0.01929,0.620835653678116,0.438559566903202,-0.0815207741477273,-0.407670454545455,-1.31698330965909,0.12377263095774,0.195122083822754,0.489699149641594,0.0251336118995635,-0.153713209616327,0.153960152926902,3.86607625176619,2.65560926423672,3.15202922973749,0.298828125,0.111328125,-0.072265625,-0.494140625,-0.9375,-2.416015625,0.122374970764996,0.113641837640925,0.911559878471075,4.00340373070325e-05,-0.000908854234603369,-0.00180223928203405,0.380348899147727,0.518998579545455,1.24471768465909,23,5,8,-0.0656346752506114,-0.292340877660831,0.0412487682801283,0.64930421334168,0.64165349798852,0.24217944582469,0.172288520254314,0.211283069763682,1.00971974199028e-17,-1.44257411216928e-17,-8.05619709726483e-17,-0.412619850852273,-0.529829545454545,-1.09903231534091,0.12377263095774,0.195122083822754,0.489699149641594
"Passive",0.00197259447059748,0.0119930764709452,0.0179108598827377,3.85951563420405,0.252493372048984,0.125383332922529,0.75121,0.18765,0.06114,0.200537479285038,0.0980006619364221,-0.101384943181818,-0.239309599905303,-1.10000147964015,0.0670457469780471,0.0520971990703772,0.128970615709089,0.204905600098236,-0.0962613606010705,0.375167603919831,4.18112100738517,3.30058367742055,2.42833632932801,0.189453125,-0.107421875,-0.779296875,-0.279296875,-0.404296875,-1.34765625,0.111017898569693,0.0699079323516387,0.645884856588559,8.74536433910087e-05,6.42638745768761e-07,0.000120067718965426,0.290838068181818,0.131887724905303,0.320704604640152,18,0,0,-0.0924568507831139,-0.212032022484408,0.0987218971645627,0.242443368911571,0.676622884348044,0.210101207237744,0.250384020565826,0.166253382171005,-5.03989737149322e-18,8.41006981610794e-18,8.74526577930991e-17,-0.177911931818182,-0.164987275094697,-0.247654770359848,0.0670457469780471,0.0520971990703772,0.128970615709089
"Passive",0.000815524996732263,0.0118298745138972,0.0142764495040939,2.79759449606883,0.378740058073476,0.0806193965195054,0.73045,0.20659,0.06296,0.175669212096103,0.116738337548104,-0.0796268347537879,-0.263627485795455,-0.934762665719697,0.0636316582060255,0.0640024661710787,0.106768697144101,0.222066339742966,-0.649549595850328,0.125962917555687,5.81375372558613,3.88803903083494,3.62016775244949,0.203125,-0.095703125,-0.580078125,-0.314453125,-0.525390625,-1.19140625,-0.0142474229886858,-0.0856615391141712,0.786883404894876,2.57864369672404e-05,-4.35695057686415e-05,0.000215490974473191,0.282751834753788,0.167924360795455,0.354684540719697,6,0,0,-0.0867014153597385,-0.270467025760559,0.0429687154542688,0.283259143412843,0.413122787242694,0.242136331708472,0.267825249854895,0.284069096676676,-6.10017728013506e-18,-1.51222524640702e-17,4.70947751906884e-17,-0.234826290246212,-0.261763139204545,-0.256643584280303,0.0636316582060255,0.0640024661710787,0.106768697144101
"Passive",0.00161035015523034,0.00798759759288952,0.0128186480585805,2.91012087912032,0.378740058073476,0.113287257678391,0.87279,0.08387,0.04334,0.147204746775281,0.0957721465481948,-0.0606504498106061,-0.224742542613636,-1.01890240293561,0.0371933650859695,0.0476198794729747,0.105052165012369,0.012049678785378,-0.269265421167692,-0.356143061186157,3.42279792698585,2.74722217613074,3.04778286628928,0.041015625,-0.080078125,-0.796875,-0.171875,-0.359375,-1.298828125,0.339646359440363,0.321071897782769,0.818366312727121,3.89251829399526e-05,0.000118347434275317,0.000329543747635802,0.101666074810606,0.144664417613636,0.222027402935606,2,0,0,-0.0587998437854778,-0.214955391971547,0.113974845678466,0.549163948311998,0.725346925440751,0.203991815744383,0.144415953685145,0.153901298705906,2.94730568375961e-18,-1.00789092085416e-17,-9.42284625616204e-17,-0.111224550189394,-0.134632457386364,-0.279925722064394,0.0371933650859695,0.0476198794729747,0.105052165012369
"Passive",0.00146633720077105,0.0139202812363138,0.018319292838627,3.72571150542279,0.504986744097967,0.108103020982482,0.81185,0.15071,0.03744,0.200013776346562,0.104937169947378,-0.0720954663825758,-0.258411754261364,-1.04024621212121,0.0595551226470205,0.0651584964405066,0.121541916051596,-0.146739778819524,-0.0929790624135231,-0.21175288638171,3.5695481080128,2.46092002481692,2.5275372920403,0.10546875,-0.11328125,-0.78125,-0.244140625,-0.423828125,-1.3515625,0.12776886852516,0.205922640345076,0.866177169113567,0.000116732876078563,6.35027712060341e-05,0.000338205040305487,0.177564216382576,0.145130504261364,0.258996212121212,2,0,0,-0.0686418067396559,-0.239393980892987,0.052450872359437,0.455939626239357,0.555168193491567,0.233123665580949,0.235937845128787,0.2336777067681,1.32475952950573e-18,1.00734548297146e-17,3.36134084275634e-17,-0.172045158617424,-0.165416370738636,-0.311316287878788,0.0595551226470205,0.0651584964405066,0.121541916051596
"Passive",0.00364917147990306,0.0134956524768519,0.0244431669165611,5.29886689265544,0.378740058073476,0.170536772824186,0.73555,0.21453,0.04992,0.240973746699954,0.133433411252983,-0.10177704782197,-0.23757842092803,-1.09519264914773,0.084342219308476,0.0740203987549035,0.143661002076293,-0.19278423042367,0.373744991715318,0.369505316477978,4.93300457909086,3.02700103552529,2.85335020190198,0.15625,0.015625,-0.59765625,-0.48828125,-0.4375,-1.375,0.247738293089642,0.0928300662901537,0.778769944316256,-0.000106919419393918,-0.000116587661376844,3.97028458820562e-05,0.25802704782197,0.25320342092803,0.497536399147727,27,0,0,-0.092833855751311,-0.208172850970256,0.0613413618264088,0.299709567766937,0.540596732688715,0.23732355002051,0.287238548969041,0.246485851858265,-5.15368213074105e-19,7.31862134092784e-19,2.02008919675259e-17,-0.38650420217803,-0.19992157907197,-0.279807350852273,0.084342219308476,0.0740203987549035,0.143661002076293
"Passive",0.000821642013820666,0.00881305088337427,0.0112779769248363,2.2705974931437,0.504986744097967,0.0809211830593342,0.69655,0.23212,0.07132,0.161326342706181,0.0912251850791324,-0.0080862334280303,-0.215687144886364,-1.03736831202652,0.0615776452123531,0.0484550524153037,0.100256665163266,-0.142042901568813,-0.612921253012849,-0.0794030052583311,6.23335397336963,4.53212590238288,2.46147818481045,0.2421875,-0.080078125,-0.794921875,-0.302734375,-0.41015625,-1.294921875,0.0768943411264076,0.0743394764953891,0.670256522550467,-7.15564549922064e-06,-9.68225392782829e-06,0.000116916305175471,0.25027373342803,0.135609019886364,0.242446437026515,6,0,0,-0.00736900254405025,-0.203487055066603,0.0751577713698088,0.177046977333566,0.427490717250711,0.236917262275282,0.340366568041591,0.32338277290937,6.29781830116106e-19,1.00994305067637e-17,-1.34686452266256e-17,-0.29464814157197,-0.194469105113636,-0.257553562973485,0.0615776452123531,0.0484550524153037,0.100256665163266
"Passive",0.00210901303344572,0.0130207649560974,0.0193478040564345,3.95964734292823,0.631233430122459,0.129646422170856,0.67709,0.26476,0.05815,0.223062478477961,0.120676255380794,-0.0859153053977273,-0.205085523200758,-1.01690488873106,0.0854282126720567,0.0694472688335793,0.128272646416693,0.377587303824375,-0.106690835199757,-0.308701174258282,4.42459654632899,2.54602741475005,2.83463383266998,0.2734375,-0.044921875,-0.701171875,-0.390625,-0.3828125,-1.353515625,0.185559826393994,-0.0499130791871611,0.727766181288505,-0.000105565355991039,-2.40686999034755e-06,-5.34651234029439e-05,0.359352805397727,0.160163648200758,0.315733013731061,38,0,0,-0.0857442204380064,-0.194205816257388,0.049475673669611,0.20955255665839,0.262307438085387,0.244950781790406,0.326950913800705,0.439061972235264,8.092706784058e-18,-6.7335012480306e-18,-5.38495292653956e-17,-0.304709694602273,-0.177726976799242,-0.336610736268939,0.0854282126720567,0.0694472688335793,0.128272646416693
"Passive",0.00660722875262259,0.0430692182728002,0.062890904530668,13.9616082459358,0.378740058073476,0.229472462330169,0.76755,0.1961,0.03636,0.373404454703283,0.182179828234776,-0.142378373579545,-0.265477035984849,-1.10463275331439,0.129145596650614,0.0850139069916123,0.24089717036545,-0.202781844296403,-0.121119559864135,-0.184410503275265,3.69515076260256,2.93285724841503,1.96497533731166,0.224609375,-0.068359375,-0.65234375,-0.623046875,-0.537109375,-1.63671875,0.0841366532315904,0.172167237947331,0.744674539620878,-0.000189145333523013,-0.000139817555305911,-0.00109047387990041,0.366987748579545,0.197117660984849,0.452289003314394,49,0,0,-0.128545386994734,-0.230930682105538,0.0699658128685581,0.249382013395634,0.60775873594684,0.234105701717089,0.249420088169774,0.186677334802834,-1.38777878078145e-17,2.35453983513014e-17,9.41993040941028e-17,-0.480668501420455,-0.271632339015151,-0.532085996685606,0.129145596650614,0.0850139069916123,0.24089717036545
"Passive",0.000889418338967384,0.0101433623555277,0.0128116173724299,2.56846262699507,0.631233430122459,0.0841926044309194,0.75529,0.19692,0.04779,0.164915703107065,0.102842359932201,-0.0414299242424242,-0.23581025094697,-1.03316613399621,0.0578629119907939,0.0544436697506428,0.103200289667152,0.165139419528362,-0.638184544063283,-0.680095642458228,4.52216187815107,3.35934498417386,4.20519030367663,0.2109375,-0.1328125,-0.796875,-0.228515625,-0.4375,-1.4296875,0.014930807982401,0.0605253577367567,0.818140635706556,-4.20256442029884e-05,-0.000142640325297237,-0.000107270991829661,0.252367424242424,0.10299775094697,0.236291133996212,2,0,0,-0.0399670359155356,-0.221778541180384,0.024537935455937,0.274582442348809,0.277695742705297,0.241114798026265,0.260632774931155,0.368980962172945,-1.47564850283887e-18,-8.24548072654459e-19,3.366637686289e-17,-0.187085700757576,-0.20168974905303,-0.396521366003788,0.0578629119907939,0.0544436697506428,0.103200289667152
"Passive",0.0074550724340882,0.0585956625802335,0.0809608798824981,17.3458246195898,0.378740058073476,0.243751242431345,0.85659,0.10947,0.03394,0.393024763347251,0.236456449365036,-0.122373638731061,-0.295950224905303,-1.1501982717803,0.103314261939222,0.13552103738095,0.255881948898836,-0.0681076905031929,-0.862012971072981,-0.226004460510567,4.34979632087053,3.56323782883068,2.39993501480044,0.29296875,0,-0.619140625,-0.50390625,-0.701171875,-1.787109375,0.231940047352805,0.17357673389285,0.881900435536805,0.000183628448670832,0.00042174871416203,0.000608248337724762,0.415342388731061,0.295950224905303,0.531057646780303,32,0,0,-0.107922224162707,-0.23911515900975,0.0391466386602649,0.493042751833488,0.63108529484101,0.245336515377039,0.219737720027129,0.217238060066685,1.65176558247602e-18,8.42017485499952e-18,-4.71592010300099e-17,-0.381532611268939,-0.405221650094697,-0.636911103219697,0.103314261939222,0.13552103738095,0.255881948898836
"Passive",0.0028128771293395,0.0272383860334513,0.0356770174214698,7.95727058986197,0.252493372048984,0.149725676935611,0.851,0.11279,0.03621,0.255673299041552,0.169876142686623,-0.0841545336174242,-0.240485913825758,-1.04246567234848,0.0744144100565494,0.0873616499084815,0.16957023225115,-0.531255805586973,-1.22606113430451,-0.447604391183501,5.30499189284105,5.19578138583868,2.88176768698393,0.19140625,-0.060546875,-0.6875,-0.421875,-0.5703125,-1.50390625,0.34382516424986,0.350404372208185,0.870660519319705,4.48503249140736e-05,0.000186139771341364,0.00039569732405481,0.275560783617424,0.179939038825758,0.354965672348485,12,0,0,-0.0782254269906498,-0.220231185507634,0.166405593279377,0.354159248983119,0.575033874594079,0.208823028448474,0.324181174072293,0.254319074614922,-1.11605574483528e-18,-6.71889634660672e-18,1.33796297641687e-17,-0.337720466382576,-0.329826586174242,-0.461440577651515,0.0744144100565494,0.0873616499084815,0.16957023225115
"Passive",0.00385499356116601,0.0600457707555819,0.0716107514390799,13.9612912347159,0.504986744097967,0.17528014862678,0.78482,0.13945,0.07572,0.318793683012655,0.250877714852587,-0.0689512310606061,-0.252478397253788,-1.07966382575758,0.113333590824266,0.0904265946372081,0.264996133277404,-0.0432687685801785,1.08092340698831,1.82284610667752,4.7159621628756,7.19046683234772,7.54573776523239,0.314453125,0.181640625,-0.05859375,-0.462890625,-0.55859375,-1.708984375,0.00830568568750352,0.0950700455724641,0.371292929548984,0.00015985845795642,-9.4450062243607e-05,7.24761481030993e-05,0.383404356060606,0.434119022253788,1.02107007575758,30,4,6,-0.064439893980279,-0.247525962424576,0.0708793926527009,0.171068393846901,0.322779323777859,0.241676580185375,0.235003219136426,0.269888313452765,5.77434552284164e-18,2.18604059763945e-17,-6.72936554549646e-17,-0.393939393939394,-0.306115352746212,-0.629320549242424,0.113333590824266,0.0904265946372081,0.264996133277404
"Passive",0.0038116473637545,0.0426230883297133,0.0540580304209768,10.6788260576016,0.504986744097967,0.174291923061477,0.81602,0.10676,0.07722,0.263920891711863,0.22979557249537,-0.0870694247159091,-0.27151396780303,-1.02877160274621,0.081915027770831,0.0846311650287716,0.228851812872365,0.630363735453176,1.30578570026411,2.35065233952608,7.16221572281836,7.86329149719815,9.96391200602626,0.34765625,0.212890625,-0.0625,-0.376953125,-0.4296875,-1.484375,0.201960670054876,0.150021440263239,0.431118917254842,0.000216892805870057,0.000314712103956198,0.000638340263216676,0.434725674715909,0.48440459280303,0.966271602746212,10,2,6,-0.0848946385261325,-0.27271175258478,0.0768513883212587,0.282441098140314,0.371413552821703,0.226449520622407,0.24145700642918,0.258471346939585,-3.05994502345376e-18,-2.69378038065525e-17,3.35964068079137e-17,-0.289883700284091,-0.15817353219697,-0.455603397253788,0.081915027770831,0.0846311650287716,0.228851812872365
"Passive",0.00256498515577641,0.0205718377590154,0.0282667932263446,5.9608833463803,0.378740058073476,0.142976062413639,0.74988,0.21628,0.03384,0.247446555846103,0.141078731547631,-0.0990323153409091,-0.234989050662879,-1.11540453361742,0.0902884676874228,0.0694967408419798,0.157204662349439,-0.574952761353086,-0.659144736718717,-0.694121040436862,7.10403852158895,3.47409520580398,2.96602149540988,0.259765625,-0.087890625,-0.744140625,-0.55859375,-0.525390625,-1.59375,0.118520178019641,0.0413293457279344,0.830824268309706,1.86193271494629e-05,-1.97370982087537e-05,-0.000430600441901075,0.358797940340909,0.147098425662879,0.371263908617424,24,0,0,-0.0890182294367336,-0.2030377972375,0.0284507408274791,0.462818015668268,0.668572853067494,0.231044176141658,0.165624682003176,0.156497452411283,-3.0527067419045e-18,-3.34583147698462e-18,6.72469210537915e-17,-0.459561434659091,-0.290401574337121,-0.478345466382576,0.0902884676874228,0.0694967408419798,0.157204662349439
"Passive",0.00113869430270912,0.0141265937834907,0.0175426766916181,3.59296537322643,0.252493372048984,0.0952630491518726,0.58669,0.36236,0.05096,0.230720513013659,0.115091210640586,-0.101266571969697,-0.309392755681818,-1.06964666193182,0.106523239286903,0.0684544527160138,0.117762454404129,-0.227621028152778,0.00166587160639653,0.0168208844062617,4.4441875584105,2.77578721179169,2.42439450391493,0.265625,-0.138671875,-0.783203125,-0.46484375,-0.5078125,-1.431640625,-0.0121765930118162,-0.166105822528846,0.763295802572039,0.000141078630347162,-0.000349292310163113,-0.00105387913816043,0.366891571969697,0.170720880681818,0.286443536931818,20,0,0,-0.0961791540056606,-0.276554400005796,0.076736148524947,0.3612475889377,0.548661063434323,0.241388907003052,0.306411717138485,0.201307650413194,2.56050359655455e-18,-5.07841170292823e-18,-6.04417364341414e-17,-0.363577178030303,-0.198419744318182,-0.361993963068182,0.106523239286903,0.0684544527160138,0.117762454404129
"Passive",0.000626338954054917,0.0115045945138132,0.013383611375978,2.70051393764206,0.504986744097967,0.0706521879642424,0.64239,0.28234,0.07526,0.184985340353105,0.112097865333224,-0.0771262428977273,-0.224246863162879,-1.06251479640152,0.0767904111296531,0.0636203739015005,0.104353579566947,-0.334781226380689,0.190192366246131,0.0435232109539972,5.35516607487382,3.02816495232386,3.41553862202158,0.193359375,-0.0546875,-0.767578125,-0.3671875,-0.416015625,-1.337890625,0.0592271742803502,0.0336868362367453,0.723385185963427,-2.43572185871557e-05,4.81826201745917e-05,7.41907006339296e-05,0.270485617897727,0.169559363162879,0.294936671401515,17,0,0,-0.0724652546239379,-0.204255800720907,0.0322957281509559,0.241276543623657,0.310235647189387,0.24837733860167,0.350562316900499,0.3573965118717,7.2510127111379e-18,-3.36716130665639e-18,-1.34664378074297e-17,-0.290061257102273,-0.191768761837121,-0.275375828598485,0.0767904111296531,0.0636203739015005,0.104353579566947
"Passive",0.00260057047323083,0.0162653689273666,0.0240670803470591,5.20404634844891,0.378740058073476,0.143964435260904,0.76743,0.19317,0.0394,0.223081646543561,0.130090955958608,-0.0912790009469697,-0.168649384469697,-1.01871744791667,0.0778282594671946,0.0575209663035672,0.148306316808128,0.124433626887608,0.0196189993870263,0.295682018384669,4.40099155070763,3.00002689409213,2.6348805166491,0.1953125,0.02734375,-0.63671875,-0.359375,-0.326171875,-1.359375,0.0926643861976584,0.035377689946957,0.765847466178789,-3.34210362195018e-05,0.000358588598699528,0.000945519672974453,0.28659150094697,0.195993134469697,0.381998697916667,42,0,0,-0.0903519764324956,-0.159855876439029,0.0510442027184026,0.361514430460498,0.547491457037895,0.230039422667343,0.224314301278593,0.247142699552982,-5.2236265180522e-19,-8.39142065320675e-18,7.40048835866322e-17,-0.26809599905303,-0.157522490530303,-0.340657552083333,0.0778282594671946,0.0575209663035672,0.148306316808128
"Passive",0.00795209536654345,0.146635459585345,0.170491745684976,30.5461307596089,3.40866052266128,0.251745487239558,0.78503,0.11714,0.09783,0.475684860411645,0.465108423258197,-0.15377900094697,-0.22000029592803,-1.03264825994318,0.183867034642238,0.160559337308495,0.39697919201917,-0.319088495192257,-0.321653874653148,0.549298976956477,10.0921030868934,7.46866105730792,4.2032873925759,0.62890625,0.369140625,0.03125,-1.05078125,-0.91015625,-2.126953125,0.0946783511352587,0.520612148619759,0.276131144660765,0.000257878381617307,-9.94790766505357e-05,0.000646436619744145,0.78268525094697,0.58914092092803,1.06389825994318,86,6,24,-0.1178255051511,-0.230345933636415,0.0547106492873995,0.0584420773566103,0.184241708435679,0.259045342118542,0.278906919620633,0.365028834866484,2.28596225098388e-18,-2.33117584300171e-18,6.05062841948719e-17,-0.89700224905303,-0.69015595407197,-1.09430486505682,0.183867034642238,0.160559337308495,0.39697919201917
"Passive",0.0044214585371032,0.0206366476496584,0.033901023260968,7.64910187102196,0.378740058073476,0.187717033603219,0.84776,0.11734,0.03489,0.247644457716368,0.154053587932904,-0.0670424952651515,-0.256392045454545,-1.02586410984848,0.0685417118636758,0.0724123331422062,0.173341289152639,-0.0212989963665406,0.0254649421544499,-0.221757788730431,3.94471367894378,3.02908492435053,2.67898609737692,0.171875,-0.041015625,-0.66796875,-0.3046875,-0.45703125,-1.462890625,0.0172524093154809,0.0398852025802412,0.83629031630888,-8.9054826549446e-05,-4.74240644300819e-05,-3.69851654775037e-05,0.238917495265152,0.215376420454545,0.357895359848485,12,0,0,-0.0665766924652056,-0.240653421956129,0.0635594299491234,0.373403066482737,0.63244816730426,0.221379811665765,0.234440139594196,0.213668817889531,4.19566219973137e-18,1.51248705659072e-17,1.34677725260132e-17,-0.237645004734848,-0.200639204545455,-0.437026515151515,0.0685417118636758,0.0724123331422062,0.173341289152639
"Passive",0.01249667,0.2123969,0.2498869,46.30045,0.6312334,0.3155862,0.80334,0.1536,0.04306,0.4948665,0.6366252,0.1392637,-0.05365915,-1.031731,0.2623144,0.1369192,0.4727617,-1.082385,1.175264,2.292722,13.62211,14.50301,12.09407,1.533203,0.921875,1.822266,-1.367188,-0.5292969,-2.029297,-0.441684,-0.50163,0.4400435,-0.0001115262,0.0003823369,-0.000374345,1.393939,0.9755342,2.853997,30,10,8,0.05057153,-0.03557306,0.06319584,0.1490522,0.2499193,0.2396669,0.229506,0.4618978,8.845462e-18,-4.487966e-18,4.963671e-18,-1.506451,-0.4756377,-0.997566,0.2623144,0.1369192,0.4727617
"Passive",0.000435920699554547,0.00471066380550653,0.00601842590417017,1.06367404804652,0.252493372048984,0.0589419704308234,0.5562,0.37103,0.07277,0.137024430204029,0.0806182434027277,-0.0910866477272727,-0.271351207386364,-1.04607599431818,0.0628652701444566,0.043808293124488,0.0703526957157405,-0.46681572231003,0.178661200563885,0.958136231782168,4.60409901323517,2.61754003870596,4.16841618515912,0.0703125,-0.15234375,-0.783203125,-0.39453125,-0.390625,-1.197265625,0.139358836382656,-0.0525981409661425,0.678975701305603,-9.66429316208936e-05,-0.000158104417217226,-0.000153872809856583,0.161399147727273,0.119007457386364,0.262872869318182,2,0,0,-0.0871166008208363,-0.251432618768829,0.0915512903730683,0.24816404844758,0.312287407420181,0.219979490458565,0.234395600238216,0.27011765544644,-6.7335782510258e-18,1.0085261955646e-17,6.05545394052003e-17,-0.303444602272727,-0.119273792613636,-0.151189630681818,0.0628652701444566,0.043808293124488,0.0703526957157405
"Passive",0.0113784645655423,0.0744537902434311,0.108589183940058,23.1501140940341,0.378740058073476,0.301136039968328,0.88425,0.06453,0.05123,0.362876927119203,0.31842053788296,-0.0793161103219697,-0.315488873106061,-1.07478841145833,0.0875309343493797,0.132074245276422,0.31256860577056,0.595529360772724,1.5820792287207,1.75189420391118,5.28257734882955,7.71577561734143,7.0346753313572,0.318359375,0.34375,0.142578125,-0.33984375,-0.583984375,-1.529296875,0.228005629174915,0.193257648877865,0.749768421181246,-0.000147360440009717,-0.000181864854332839,-0.000484030535441763,0.39767548532197,0.659238873106061,1.21736653645833,22,6,6,-0.0635640617509926,-0.268371418829032,0.0618384845387928,0.413022143149919,0.505440986439058,0.224756949576638,0.261438718726963,0.267615911047046,-3.10784088647123e-19,1.24226365397617e-18,-7.40342217278053e-17,-0.26052763967803,-0.268495501893939,-0.454508463541667,0.0875309343493797,0.132074245276422,0.31256860577056
"Passive",0.00128043791708935,0.0121584877299326,0.0159998014812006,3.45091648114815,0.504986744097967,0.101018325999356,0.68032,0.22277,0.09692,0.187858028079086,0.12361864140724,-0.0813876065340909,-0.184548117897727,-1.03550396543561,0.0750153780398181,0.0579983470202915,0.120528185799571,0.697511084320188,-0.519001315116971,-0.813233160862603,10.0816126645131,3.43178313520275,4.26062635452384,0.357421875,-0.021484375,-0.783203125,-0.390625,-0.39453125,-1.486328125,0.118634668812208,0.214920474559835,0.521062840394362,-5.63146434709024e-05,0.000117153234425647,-0.00013831509266838,0.438809481534091,0.163063742897727,0.252300840435606,28,0,0,-0.0772107100832271,-0.174114985247679,0.0332908674973504,0.132676306619993,0.349759581818858,0.265153725622511,0.346573564227051,0.360970157428218,3.05840496354966e-18,-7.55843433566108e-18,-9.42426311127381e-17,-0.309237393465909,-0.209983132102273,-0.450824159564394,0.0750153780398181,0.0579983470202915,0.120528185799571
"Passive",0.000780481282636751,0.00680624946916239,0.00914769331707265,1.71556167599165,0.252493372048984,0.078868240205645,0.62426,0.30505,0.07069,0.162949687302715,0.0824955071066508,-0.0688254616477273,-0.203028823390152,-1.06487482244318,0.0682841118292362,0.0491061712537279,0.0870605417775146,-0.0918666748261141,-0.131860526629558,0.293219424524116,3.90997744774179,2.7299833637199,2.67027897909643,0.15234375,-0.07421875,-0.82421875,-0.279296875,-0.330078125,-1.265625,0.18281421558666,0.131465020194526,0.696953824380867,1.41966478128724e-06,0.000170827900095546,0.000546220642173039,0.221169211647727,0.128810073390152,0.240656072443182,20,0,0,-0.0639604193445503,-0.186080897094206,0.0299604154913318,0.182026928124985,0.523382917554831,0.231620371665961,0.266560470542689,0.19454499546506,7.14590362268317e-18,4.20083423424263e-18,6.05012918340161e-17,-0.210471413352273,-0.127049301609848,-0.200750177556818,0.0682841118292362,0.0491061712537279,0.0870605417775146
"Passive",0.000601016988335814,0.0059191918403417,0.00772224280534914,1.54262151171104,0.757480116146951,0.0692092715658555,0.7459,0.18408,0.07002,0.138355601917614,0.0696850915883777,-0.0575949928977273,-0.274258700284091,-0.908513849431818,0.043485813921363,0.0500632940005612,0.0771726461893455,-0.0522282791621297,-0.385247586938707,-0.0744403724698174,2.86274108366572,2.91037590224652,2.3504519579131,0.052734375,-0.150390625,-0.740234375,-0.181640625,-0.431640625,-1.09765625,0.0513463073992657,-0.0206013178347538,0.785695201016473,8.71281841253122e-05,0.000154814794698002,0.000226743840043305,0.110329367897727,0.123868075284091,0.168279474431818,0,0,0,-0.0636754069534282,-0.290621483259397,0.066833810294875,0.167324792461712,0.231820123025377,0.227765901428969,0.356182417976331,0.450014917061589,-1.59427683069654e-18,-2.52324441394138e-17,5.04576243296133e-17,-0.124045632102273,-0.157381924715909,-0.189142400568182,0.043485813921363,0.0500632940005612,0.0771726461893455
"Passive",0.0148226265540068,0.0758458136042425,0.120313693266263,25.673241957179,0.378740058073476,0.343703130521701,0.87179,0.07078,0.05743,0.402308720640352,0.311136666100813,-0.0866107362689394,-0.291148792613636,-1.05163204308712,0.0919369703157895,0.128119288205099,0.336364693708499,0.731456814934649,0.254729795126836,0.746306962851,5.19203231071751,4.67258187549255,4.55537786491894,0.302734375,0.21875,0.0859375,-0.43359375,-0.611328125,-1.71875,0.0340245987506009,0.143278604949334,0.625284556874317,4.31434152622792e-05,-8.50079220988857e-05,-3.19873594933113e-05,0.389345111268939,0.509898792613636,1.13756954308712,16,8,8,-0.0960731101801419,-0.284766714298988,0.104507844004631,0.468478209209338,0.521914427469803,0.212735092012967,0.193672769613686,0.211171230811232,-1.66777578856238e-18,-1.00872780705257e-17,-1.07724135839563e-16,-0.346983013731061,-0.320179332386364,-0.667117956912879,0.0919369703157895,0.128119288205099,0.336364693708499
"Passive",0.00349295746152911,0.0480840320879095,0.0585629044724968,11.2329920602743,0.378740058073476,0.166846673615116,0.81432,0.09567,0.09002,0.24953677174802,0.264680936212688,-0.0673976089015152,-0.284675366950758,-0.988103693181818,0.0822352191746563,0.0905879020628009,0.238637381338888,-0.428704133898599,2.58832392612932,2.56237535529966,10.1815253033483,13.2812452969201,10.8219880813446,0.31640625,0.169921875,0.20703125,-0.50390625,-0.462890625,-1.400390625,0.0922549318516451,0.188078772072458,0.379404274803582,-5.49956099302806e-05,0.000103048301161228,0.000423410403446183,0.383803858901515,0.454597241950758,1.19513494318182,10,4,6,-0.0770852833504031,-0.294076335961227,0.0464995990846818,0.236015340121145,0.344893467456888,0.263699201246319,0.204183797229973,0.256930327385924,-9.51667183905275e-19,-6.73437394864292e-18,5.13486773224598e-17,-0.436508641098485,-0.178215258049242,-0.412286931818182,0.0822352191746563,0.0905879020628009,0.238637381338888
"Passive",0.00192049815184503,0.0426981299851039,0.048459624440639,5.52221884350605,0.378740058073476,0.123716564376271,0.7039,0.23903,0.05707,0.257978959517045,0.284140345454249,0.0702385179924242,0.0184733072916667,-1.01578776041667,0.130715015134065,0.0897474419677378,0.209053184474329,1.63537053535168,-2.15104331963657,-3.31036320485122,11.4854645675325,17.5365782942054,18.446083308624,0.830078125,0.333984375,-0.6328125,-0.375,-0.630859375,-2.466796875,0.05740524295911,-0.236064685586919,0.634728846700331,-0.000120714179150715,9.37723936355807e-05,0.00149332812326761,0.759839607007576,0.315511067708333,0.382975260416667,99,0,0,0.0648589308785106,0.0250137657972598,0.114013985881228,0.0814527821382033,0.358979701822409,0.227100376885568,0.233914426192139,0.208799050703962,3.57807251052271e-19,-2.101706917291e-18,7.41994701555151e-17,-0.445238517992424,-0.649332682291667,-1.45100911458333,0.130715015134065,0.0897474419677378,0.209053184474329
"Passive",0.00102969115170262,0.014360836814467,0.0174499102695748,3.51093408964822,0.252493372048984,0.0905887766307071,0.79942,0.14735,0.05323,0.175794028710399,0.133162690103974,-0.11154267282197,-0.1875,-1.06310665246212,0.0587899487671731,0.0577730868696732,0.122614180562316,-0.182886259567235,-0.596216943628222,0.859020717869571,4.54093127810061,3.59454883345931,4.56443426689855,0.08203125,-0.048828125,-0.66796875,-0.3515625,-0.375,-1.416015625,0.243083693126759,0.233948745878955,0.773390511000942,-7.36525145683464e-05,-0.000176168361823269,-0.000396904898942796,0.19357392282197,0.138671875,0.395137902462121,41,0,0,-0.103877930312972,-0.170677560233578,0.086596831641022,0.323460515566062,0.521646460806144,0.205725844500771,0.247448001480785,0.276573854166655,-8.28757569725662e-19,0,-1.07725393555151e-16,-0.24001982717803,-0.1875,-0.352908972537879,0.0587899487671731,0.0577730868696732,0.122614180562316
"Passive",0.00342933412617153,0.0313937059716867,0.0416817083502013,8.64593360893461,0.504986744097967,0.165320155436135,0.8429,0.10618,0.05092,0.28610260318024,0.172925537288025,-0.0683667732007576,-0.284520004734849,-1.01373106060606,0.0729259596623294,0.101785187522016,0.183771885942788,0.0883645597576631,0.193269003191648,-0.0130078269567872,3.89738650321927,3.71855092768928,2.70434662809405,0.177734375,0.064453125,-0.4453125,-0.294921875,-0.623046875,-1.42578125,0.218966587141359,0.152574527488122,0.829468840410813,-4.57916728489066e-05,0.000211576546592621,0.000407660977375446,0.246101148200758,0.348973129734849,0.568418560606061,8,0,0,-0.0668113838470454,-0.264856756577056,0.0268304550898481,0.364982617220063,0.428367165196415,0.231135911216317,0.29253929813108,0.338493717516706,-6.73329590671005e-18,2.35336040592025e-17,-5.38620550859489e-17,-0.226555101799242,-0.338526870265151,-0.412050189393939,0.0729259596623294,0.101785187522016,0.183771885942788
"Passive",0.00378183686002723,0.0213539777555151,0.0326994883355968,6.76863199780026,0.378740058073476,0.173609025581182,0.82083,0.14575,0.03342,0.25380861616879,0.145871792597995,-0.0489538944128788,-0.258204604640151,-0.968217329545455,0.0751972563702985,0.0776835906562075,0.16777271706813,0.00915114129625129,-1.14639260748328,-0.618267524450156,6.68712225943695,4.83659102773716,2.52915186700591,0.310546875,-0.103515625,-0.66015625,-0.392578125,-0.59765625,-1.42578125,0.0930188163853954,-0.0713927578471466,0.843724203276749,-9.86377230497814e-06,0.000146150317495386,0.000530839985015881,0.359500769412879,0.154688979640151,0.308061079545455,8,0,0,-0.0524795164288623,-0.256038793633171,0.0191472780183085,0.387576708222595,0.557187826745521,0.235202705686387,0.192105406301129,0.22252922022295,-3.36684046084304e-18,-2.35465148947319e-17,4.03483374394634e-17,-0.343624230587121,-0.339451645359849,-0.457563920454545,0.0751972563702985,0.0776835906562075,0.16777271706813
"Passive",0.00249613833327384,0.0198964242517557,0.0273848392515772,5.87305219686067,0.378740058073476,0.141044199138557,0.84573,0.11926,0.03501,0.22072178864282,0.138708615412941,-0.0482362689393939,-0.198367956912879,-1.00673976089015,0.0626450810780507,0.0646844906183119,0.155793977920925,0.446514374236001,0.262262039565111,0.564076758184125,3.74516070002081,2.79686946085389,2.69419106663093,0.16796875,-0.056640625,-0.642578125,-0.234375,-0.359375,-1.328125,0.0536780846811801,0.161318715399071,0.827405665056351,-1.22413445923472e-06,0.000325461176416399,0.000754137523519687,0.216205018939394,0.141727331912879,0.364161635890152,16,0,0,-0.047187510807291,-0.189650312286457,0.0418653348679857,0.580363471709583,0.621175068176721,0.226675670835829,0.162652225891721,0.231446447876869,-3.57151442209776e-18,-3.32898065486728e-18,8.74201657375807e-17,-0.186138731060606,-0.161007043087121,-0.321385239109848,0.0626450810780507,0.0646844906183119,0.155793977920925
"Passive",0.00143247160529746,0.0348975901015551,0.0391950049174475,7.21658964009441,0.883726802171443,0.106847389354706,0.69794,0.2169,0.08516,0.256047300508637,0.231274357559457,-0.140010949337121,-0.33230498342803,-1.02723277698864,0.115035070324216,0.0997473810761378,0.181591474715024,1.32882945408803,-2.03366973246827,1.53987382838939,9.3070833951714,10.9111661765281,11.3789484638103,0.580078125,-0.03515625,-0.130859375,-0.455078125,-0.845703125,-1.58203125,0.159722894425021,0.235683511002334,0.665716371026761,-0.000496884584170314,-0.000564055300407946,-0.000958597275914863,0.720089074337121,0.29714873342803,0.896373401988636,18,2,2,-0.133393766698061,-0.309479645037215,0.134268861536109,0.173608441473865,0.23123657702811,0.212394261662727,0.303350383776563,0.329824100217846,3.3002457038233e-18,-2.69389331838155e-17,1.00947846593863e-16,-0.315067175662879,-0.51339814157197,-0.554798473011364,0.115035070324216,0.0997473810761378,0.181591474715024
"Passive",0.00260139124975584,0.0206626587318041,0.0284668324810716,6.26049360310713,0.378740058073476,0.14398715206634,0.72934,0.19387,0.07679,0.25739937774406,0.155815405928104,-0.113399621212121,-0.223655007102273,-1.00684333570076,0.0867633425413566,0.0945259321916634,0.150225756705036,-0.102295923533736,-0.841990218348522,-0.38808171991121,3.10940244417455,3.9016712233576,3.41291517740415,0.16015625,-0.04296875,-0.71875,-0.369140625,-0.578125,-1.486328125,-0.0456341902241271,0.0147447545113675,0.755901699589635,0.000151950625778555,-0.000786286020379379,-0.000830027490926375,0.273555871212121,0.180686257102273,0.288093335700758,48,0,0,-0.113161046416819,-0.210638999120558,0.0680606686163258,0.454072834711259,0.516216461531822,0.234093258574529,0.255657401499191,0.260013448613658,3.35978185294925e-18,7.13192757905347e-18,-6.59707760819252e-18,-0.255741003787879,-0.354469992897727,-0.479484789299242,0.0867633425413566,0.0945259321916634,0.150225756705036
"Passive",0.000436767417816271,0.00566138411855203,0.00697168637200085,1.33207565506077,0.883726802171443,0.0589991861489013,0.63079,0.24912,0.1201,0.130913460331296,0.0755058320592483,-0.0519427675189394,-0.140735973011364,-0.985469933712121,0.0526741918584761,0.0389114809852728,0.0822418371233714,0.0632793544494803,-0.696624477466587,-0.313543781565197,3.5054757652379,5.41531815076222,3.93830817123662,0.115234375,-0.03125,-0.759765625,-0.201171875,-0.328125,-1.22265625,0.0680780881483996,-0.119350607132977,0.282537965570892,-1.08216798110599e-05,1.34915922216279e-05,-0.000184236694460931,0.167177142518939,0.109485973011364,0.225704308712121,38,0,0,-0.0534312545239484,-0.141336704356186,0.0321910131974254,0.120891292290028,0.18478975517206,0.234372992129182,0.246460014707796,0.406440184798504,-1.68359348716073e-18,1.01006637578588e-17,3.34622932579318e-18,-0.149229107481061,-0.187389026988636,-0.237186316287879,0.0526741918584761,0.0389114809852728,0.0822418371233714
"Passive",0.00128210300935892,0.00869579751288342,0.0125421065409602,2.85968479931239,0.252493372048984,0.101083987201372,0.81672,0.1162,0.06708,0.152812246667671,0.0761965177600678,-0.110358960700758,-0.139581853693182,-1.07425574100379,0.0429775250374278,0.0348412190407302,0.110885567941044,0.14477610020479,-0.056965932144965,-0.348173708032239,3.68713231179208,3.44544140092231,2.3345930207453,0.056640625,-0.0390625,-0.859375,-0.232421875,-0.23828125,-1.34765625,0.164294079212926,0.197330375096104,0.346912928437182,-2.86563380459666e-05,-9.69938671500498e-05,0.00057393244775124,0.166999585700758,0.100519353693182,0.214880741003788,71,0,0,-0.102502834698738,-0.128574260449856,0.055093002967102,0.192332530656998,0.684676502811403,0.219754913332987,0.228597563008708,0.184419152097602,-6.7330400321739e-18,5.04573676529626e-18,-3.35889631850439e-17,-0.122062914299242,-0.0986993963068182,-0.273400508996212,0.0429775250374278,0.0348412190407302,0.110885567941044
"Passive",0.00511023813651584,0.0235854656318404,0.0389161800413879,8.70846476650105,0.378740058073476,0.201809438310056,0.85807,0.111,0.03093,0.268247606121585,0.158072671012784,-0.0650893702651515,-0.246870561079545,-1.13594193892045,0.0709858950766951,0.0781124892174588,0.184966801959145,-0.353261180087505,-0.52613584390419,-0.851330552728071,3.56164195067644,3.35163262750919,2.79762415216379,0.107421875,-0.0234375,-0.84765625,-0.318359375,-0.498046875,-1.626953125,0.106482614004388,0.0593140806702199,0.85714888839909,-5.77126534282491e-05,-5.2648609159063e-05,-0.000184834749745645,0.172511245265152,0.223433061079545,0.288285688920455,6,0,0,-0.0577320455324996,-0.209588853681111,0.0449353715743198,0.511796532298381,0.702368690011514,0.223950098837926,0.169843600694492,0.187906959282302,4.09740637784987e-18,-1.27033381249488e-17,4.04032662427096e-17,-0.253270004734849,-0.251176313920455,-0.491011186079545,0.0709858950766951,0.0781124892174588,0.184966801959145
"Passive",0.000715607458165149,0.00989271892959248,0.0120395413040879,2.42105509395695,0.378740058073476,0.0755193656675646,0.72411,0.18965,0.08625,0.173156794328225,0.0852093149107421,-0.0767637310606061,-0.270855527935606,-1.01763731060606,0.0561003767265121,0.0523454836005218,0.103631212087865,0.465171098942962,0.0800025392037756,0.287975043270304,3.64016375992439,3.85280043505237,2.19370923822392,0.091796875,-0.052734375,-0.763671875,-0.232421875,-0.423828125,-1.234375,0.0175281333313093,-0.0959412960641552,0.632890162689427,7.63778378519401e-06,-0.000110888621240926,0.000457627572898798,0.168560606060606,0.218121152935606,0.253965435606061,4,0,0,-0.0763453976829323,-0.258158527653134,0.0588119759227386,0.26430583804889,0.442424739103618,0.236126073452616,0.219757273171715,0.240163949517139,3.62296525672719e-18,1.68212786348533e-17,-5.38651352057571e-17,-0.155658143939394,-0.152972597064394,-0.216737689393939,0.0561003767265121,0.0523454836005218,0.103631212087865
"Passive",0.00201121051945783,0.0165604628392913,0.0225940943976648,4.14432138806586,0.504986744097967,0.126604653873172,0.73419,0.20764,0.05817,0.217734372758121,0.157004109324011,-0.0960064512310606,-0.297844164299242,-1.10447739109848,0.0801039891401229,0.0858689475585197,0.130323414515519,-0.591046708136308,-0.833206397873594,-0.161002837412961,11.562623709152,6.07550483443116,3.21144332207536,0.35546875,-0.03515625,-0.7578125,-0.583984375,-0.716796875,-1.453125,-0.02450377838712,-0.111552523525307,0.818400314487819,0.000176063272236498,7.71555007940442e-05,-0.000247163065206192,0.451475201231061,0.262687914299242,0.346664891098485,8,0,0,-0.0884288421404843,-0.257884174049493,0.0484897640683313,0.272193816832633,0.466147670128188,0.231210937019746,0.241261422766206,0.312273513556948,1.65320297171985e-18,6.73409160432717e-18,1.34679778673338e-17,-0.487977923768939,-0.418952710700758,-0.348647608901515,0.0801039891401229,0.0858689475585197,0.130323414515519
"Passive",0.04024411,0.3459635,0.4666958,85.94137,3.02992,0.5663333,0.81834,0.13717,0.04449,0.9051199,0.5297234,0.07953066,-0.1399666,-1.057928,0.1837458,0.2777223,0.6777952,0.2890943,0.5641347,0.3393468,3.821617,3.96814,2.177382,0.7285156,0.8144531,0.4550781,-0.4902344,-0.8574219,-2.273438,0.1381707,-0.4491014,0.03123712,0.0002147203,-0.0002189729,-0.0008618607,0.648985,0.9544197,1.513006,66,31,33,-0.08924494,-0.178663,0.05702914,0.03694765,0.1227856,0.2177372,0.2719307,0.3885858,8.251641e-19,-1.617471e-17,-6.048883e-17,-0.569765,-0.7174553,-1.21551,0.1837458,0.2777223,0.6777952
"Passive",0.0100293084640784,0.187943179709689,0.218031105101924,40.3838613969838,3.0299204645878,0.282719913119542,0.68099,0.17993,0.13909,0.635205986086002,0.526606734734749,-0.0373609138257576,-0.259011008522727,-1.01461144649621,0.236623110580588,0.249382579177479,0.449429284046732,-0.251322141447151,-0.640564131483019,1.0550412462728,7.20425177338601,7.39728094302542,4.15921666674949,0.86328125,0.697265625,0.46484375,-1.2890625,-1.37890625,-2.12890625,-0.0178172374253551,0.13880250944321,0.4278832541942,-0.000208895169863496,0.000282610738183905,-2.92219110947704e-05,0.900642163825758,0.956276633522727,1.47945519649621,51,22,18,-0.0109322933860003,-0.234333025284007,0.0262359939600594,0.0710054129019147,0.179589768752887,0.226027164557954,0.301561872587826,0.386896020188707,-4.38588526555263e-18,2.01692405280386e-17,3.35753593225577e-17,-1.25170158617424,-1.11989524147727,-1.11429480350379,0.236623110580588,0.249382579177479,0.449429284046732
"Passive",0.0022737293573676,0.0828949370674325,0.0897161251395353,15.1927813559125,2.77742709253882,0.134614018472534,0.57488,0.28688,0.13824,0.42977936099274,0.400498652267742,0.0570919152462121,-0.06591796875,-1.04659386837121,0.215304596461308,0.147364203632832,0.296628326977516,0.372981761540865,0.183408344289282,0.854779193891402,9.76575614856601,7.29222269544937,6.35581444619295,0.95703125,0.578125,0.2109375,-1.013671875,-0.548828125,-1.888671875,0.055304559777639,-0.135517384618052,0.0107132360465704,0.000160681978172752,0.000197917447938746,0.000761927527979051,0.899939334753788,0.64404296875,1.25753136837121,57,6,7,0.020690362797933,-0.0716267353149224,0.0606414171214228,0.0761572923314495,0.17686048581872,0.226996092784961,0.310420924581164,0.337101612972768,-2.23309327785942e-18,0,3.35834189693892e-17,-1.07076379024621,-0.48291015625,-0.842078006628788,0.215304596461308,0.147364203632832,0.296628326977516
"Passive",0.00284901887324102,0.059586067027225,0.0681331236469481,9.69489513734279,0.504986744097967,0.150684495156862,0.73293,0.17319,0.09388,0.322339663054551,0.317643379455913,-0.0992468631628788,-0.222160570549242,-1.05013020833333,0.133224127517825,0.125941455024091,0.243619264691652,-0.3208498968283,-1.90937444157881,1.35642194983838,14.8902798173033,20.8606913330729,10.2445514004196,0.6796875,0.298828125,0.0546875,-0.931640625,-1.234375,-2.15625,0.398719109716996,0.325901719298112,0.552715360716077,0.000171050817400818,-0.000100047197325685,0.000532920121927358,0.778934363162879,0.520988695549242,1.10481770833333,48,2,2,-0.0955583908327532,-0.202708608656175,0.0335274229452187,0.175986325243161,0.184206861000195,0.223441886079944,0.210004121357702,0.291389901514735,-3.3646458754797e-18,6.73429694564771e-18,-7.3980492887901e-17,-0.832393761837121,-1.01221442945076,-1.10611979166667,0.133224127517825,0.125941455024091,0.243619264691652
"Passive",0.00151083230514142,0.00663089242748583,0.0111633893429101,2.44501320945835,0.378740058073476,0.10973092382736,0.81292,0.11689,0.0702,0.143203497151917,0.0797862018808265,-0.0982407078598485,-0.158195726799242,-1.04613517992424,0.040707220509555,0.0384168276967941,0.102954404998609,-0.417635786684083,-0.13596957211359,-0.311392600120568,3.57916546799024,3.23508479962007,3.25948063441255,0.00390625,-0.041015625,-0.8203125,-0.244140625,-0.26953125,-1.408203125,0.202790190261546,0.195266680284013,0.545520760266106,6.1761468598569e-05,-4.41420847898961e-05,9.79880783315605e-05,0.102146957859848,0.117180101799242,0.225822679924242,49,0,0,-0.0937218278556061,-0.148659145151091,0.0710919330879866,0.216907853018395,0.516735849674979,0.219366634374044,0.25716970227525,0.272118063265755,-4.20005137045805e-18,6.73345071481499e-18,6.70993833149788e-18,-0.145899917140152,-0.111335523200758,-0.362067945075758,0.040707220509555,0.0384168276967941,0.102954404998609
"Passive",0.000399939894730452,0.00592010333258948,0.00711992301678084,1.33032834014268,0.631233430122459,0.0564570612686687,0.69422,0.25041,0.05537,0.134472835600321,0.0751786827300361,-0.0433238636363636,-0.201563979640152,-1.02692205255682,0.0508747460842087,0.0391945323604941,0.0783042047045645,-0.0298659373760782,-0.200408788003757,-0.521854879679396,4.07387380578547,3.13415856104919,2.85891474223854,0.12890625,-0.078125,-0.8828125,-0.23828125,-0.322265625,-1.259765625,0.107651386855172,0.0680401133517096,0.754262315605301,-4.43771033203112e-05,7.01265997055351e-05,7.97145914585634e-05,0.172230113636364,0.123438979640152,0.144109552556818,0,0,0,-0.0420511415983251,-0.192289992036615,0.0386740050638127,0.204812688298706,0.254146578086278,0.227449846664423,0.265373492022254,0.326514784738503,4.62648112407045e-18,4.19294142723413e-18,-6.05454273841011e-17,-0.194957386363636,-0.120701645359848,-0.232843572443182,0.0508747460842087,0.0391945323604941,0.0783042047045645
"Passive",0.0015556109361241,0.00988400353370627,0.0145508363420786,3.19452626241468,0.252493372048984,0.111345173957634,0.87672,0.07976,0.04352,0.15660332013315,0.104334147657477,-0.0233117305871212,-0.202207623106061,-1.00941790956439,0.0367699057430974,0.058486435012576,0.108739037432014,0.197280374874636,-0.598088485398848,-0.409856881272408,3.77646775237572,3.5811385930213,2.95592409348915,0.1171875,-0.060546875,-0.78125,-0.142578125,-0.400390625,-1.294921875,-0.113417212747781,-0.154585483623316,0.859634709151091,8.12520839583509e-05,-0.000170597976817823,-0.000131319310722369,0.140499230587121,0.141660748106061,0.228167909564394,2,0,0,-0.0239071503598099,-0.194388993163421,0.0545222636398809,0.438828596564508,0.590663730824404,0.220376742749305,0.260054650457824,0.251112324530754,1.11233393340037e-18,1.65046936539007e-18,9.42673490741989e-17,-0.119266394412879,-0.198183001893939,-0.285503965435606,0.0367699057430974,0.058486435012576,0.108739037432014
"Passive",0.00386106477135322,0.0592057109275033,0.070788905241563,13.0689303103314,0.504986744097967,0.175418118243406,0.77792,0.15889,0.06319,0.331786268670368,0.263258663217537,-0.0873061671401515,-0.226444128787879,-1.07778468276515,0.12394234175938,0.0954849385074182,0.257912735554153,0.129256943825691,0.787843088516435,2.13019554212635,3.85773145475477,5.82615843530811,9.2215202730047,0.30078125,0.228515625,0.005859375,-0.421875,-0.466796875,-1.552734375,0.282134034223731,0.237551490704534,0.5535598136318,9.95707911989904e-05,2.17185145993252e-06,0.000749474730399989,0.388087417140151,0.454959753787879,1.08364405776515,44,4,5,-0.066653776418709,-0.21457221438329,0.0416585594040576,0.250722930941727,0.366191824467569,0.238748246543051,0.231725521908913,0.310561922196216,2.41912609735828e-18,-3.36759765696255e-18,8.73955247791152e-17,-0.334568832859849,-0.240352746212121,-0.474949692234848,0.12394234175938,0.0954849385074182,0.257912735554153
"Passive",0.00212265272283196,0.011511327082438,0.0178792852509339,3.23564133315739,0.252493372048984,0.130064979809605,0.66395,0.24905,0.087,0.210294585144772,0.108562706999712,0.0655406605113636,-0.0192131273674242,-1.09629498106061,0.119979292416534,0.0490789358400025,0.100621981737627,0.120577662938462,0.225316489097942,-0.590458099502709,4.09842839775716,3.16210295708965,3.32451395079444,0.453125,0.1171875,-0.87109375,-0.3984375,-0.181640625,-1.423828125,0.064492120490373,-0.430498774008153,0.0776389599788427,0.000365587565178472,0.000278903304943944,-0.000684180340966158,0.387584339488636,0.136400627367424,0.225201231060606,62,0,0,0.0553382790079015,-0.0173080443853548,0.395637403575568,0.281866525386734,0.373680489044444,0.141462129615016,0.185007554156219,0.268387544875076,3.06779932896467e-19,-2.28852901749071e-19,-9.4271892250916e-17,-0.463978160511364,-0.162427497632576,-0.327533143939394,0.119979292416534,0.0490789358400025,0.100621981737627
"Passive",0.0135717619181941,0.0604774351838946,0.101192720938477,22.2146697846204,0.378740058073476,0.328881178897304,0.80868,0.15519,0.03613,0.451535395682679,0.273984223727601,-0.0640314275568182,-0.264034386837121,-0.986098780776515,0.140689176351288,0.144716183068992,0.290510604002308,1.2844913160179,-0.483605443942059,-0.188905658718997,14.4772074293077,2.86722139981318,2.62401354438728,0.908203125,0.060546875,-0.234375,-0.63671875,-0.69921875,-1.70703125,0.0711062002466076,0.150897613747946,0.858292710894381,-2.72029172155951e-05,0.000159934249840213,0.000250409378077531,0.972234552556818,0.324581261837121,0.751723780776515,40,4,2,-0.0620345022818883,-0.243357151567177,0.0249150703666497,0.41941606835351,0.540093143513959,0.240717793540369,0.27334147640187,0.270840994696268,-5.67429938132163e-18,3.31010208720953e-18,-1.33979564770274e-17,-0.572687322443182,-0.435184363162879,-0.720932469223485,0.140689176351288,0.144716183068992,0.290510604002308
"Passive",0.00377844200868418,0.0427198601291351,0.0540551861551877,10.9574852761898,0.504986744097967,0.173531086053151,0.73032,0.19786,0.07182,0.333003440835916,0.200048799667104,-0.0959694602272727,-0.137354995265152,-0.972730232007576,0.125183266487757,0.0910893568347454,0.223713089090123,0.355515758929078,0.298420989093498,1.35785450182554,4.07628013057943,3.27719406822539,6.4329012183133,0.40234375,0.2265625,0.044921875,-0.47265625,-0.376953125,-1.41796875,0.117881299429105,0.219702967668479,0.566130494657745,4.68725033261808e-05,0.000668846177989813,0.000584941378098728,0.498313210227273,0.363917495265151,1.01765210700758,82,0,2,-0.0833454168849428,-0.135545562948672,0.0570249607012954,0.414009231736786,0.360141496263865,0.235168859845765,0.199746394672666,0.359815420065968,-9.9968881848158e-18,4.20246413097447e-18,4.32719807444882e-17,-0.376686789772727,-0.239598129734848,-0.445238517992424,0.125183266487757,0.0910893568347454,0.223713089090123
"Passive",0.00343574250010594,0.0511600500673915,0.0614672775677093,12.6523262006929,0.631233430122459,0.165474549679863,0.83862,0.1175,0.04388,0.311725038470644,0.227031783628841,-0.0850867069128788,-0.256747159090909,-1.01369406960227,0.0926406969578977,0.0965953134102825,0.23533563744001,0.715994379698391,0.358537978787794,0.45775367966323,5.57337997738109,4.13130420306217,4.59726427974491,0.283203125,0.142578125,-0.166015625,-0.34375,-0.5,-1.521484375,0.0584374361586374,0.0107553769115137,0.783288815592701,-5.59630710351596e-05,-0.000474835515052599,-0.000849390724968858,0.368289831912879,0.399325284090909,0.847678444602273,24,2,0,-0.0889146695691254,-0.243895523185489,0.032545272565464,0.252659366795247,0.358849761469212,0.237392155238641,0.370033068940245,0.374863830392609,-3.36717414048892e-18,2.52751840102107e-17,-2.01368992700525e-17,-0.258663293087121,-0.243252840909091,-0.507790305397727,0.0926406969578977,0.0965953134102825,0.23533563744001
"Passive",0.000714964442496167,0.0143308054310463,0.0164756987585348,3.01197666680841,0.504986744097967,0.0754854287316618,0.79718,0.16004,0.04277,0.18961829543661,0.10390311371635,-0.0733753551136364,-0.259181167140151,-0.963748816287879,0.0573544038634631,0.0621167588383602,0.116272783021946,0.242529107372257,-0.475114060397492,-0.533139851331379,3.30561893734844,3.27392825269529,2.75246395249218,0.087890625,-0.08203125,-0.685546875,-0.234375,-0.50390625,-1.3203125,0.1006044280092,0.0259001114803453,0.844313327560187,8.66753435423175e-05,-6.47562033682476e-05,-0.000152337864983141,0.161265980113636,0.177149917140151,0.278201941287879,4,0,0,-0.076646174465653,-0.258768153934217,0.0647046778842104,0.247980926288271,0.422679851517492,0.220054556497542,0.261393544457499,0.256607491904157,3.15908637978012e-18,-2.35624545147393e-17,-3.31995847059576e-18,-0.160999644886364,-0.244725082859849,-0.356563683712121,0.0573544038634631,0.0621167588383602,0.116272783021946
"Passive",0.00344316977754767,0.146149715476253,0.156479224808896,23.0189311158194,2.90367377856331,0.165653311896484,0.71986,0.2204,0.05974,0.373875249296947,0.547229812449171,-0.0723322088068182,-0.129801432291667,-1.00012576941288,0.385974701515748,0.145474404713287,0.217339352287122,2.84197760326046,1.20375837541009,2.56323407205427,19.1226152019064,18.4157448817291,10.1267164948722,2.361328125,0.83984375,0.052734375,-1.412109375,-0.9140625,-1.375,0.545173793922486,-0.106947096593029,0.144222556081994,0.00084431967472722,0.000380005856483444,0.00131338354229304,2.43366033380682,0.969645182291667,1.05286014441288,80,10,4,-0.0893200723903335,-0.123809083404427,0.0851495807196779,0.135335106771998,0.455986009117268,0.33992425630556,0.23214565506957,0.175324405909323,-8.24840684036238e-18,-1.09733374993445e-17,1.07744644303952e-16,-1.33977716619318,-0.784261067708333,-0.374874230587121,0.385974701515748,0.145474404713287,0.217339352287122
"Passive",0.00416554815733823,0.140142121266277,0.152638765738292,23.9092177312396,3.53490720868577,0.182203612825502,0.759,0.14512,0.09588,0.44800000851914,0.444009839700817,-0.0645271070075758,-0.248475970643939,-1.11086203835227,0.172256341887406,0.166786621199274,0.378965578788952,0.497474829189376,-1.67676771146259,1.18619476048219,8.54297201375832,12.3837453600464,7.06680067553186,0.70703125,0.236328125,0.2890625,-0.890625,-1.193359375,-2.31640625,0.165262636074435,0.153471316056405,0.499905056168722,-0.000147983971557892,-0.000210633924844615,-0.000608353427311533,0.771558357007576,0.484804095643939,1.39992453835227,50,10,14,-0.0675910362136778,-0.214460429141378,0.0407223630066338,0.0656896453909038,0.173441866343347,0.242174848785039,0.242039682348404,0.30176573315918,-2.03801260642398e-19,-2.03878263637603e-19,-2.02322386034906e-17,-0.826097892992424,-0.944883404356061,-1.20554421164773,0.172256341887406,0.166786621199274,0.378965578788952
"Passive",0.0114299417570309,0.113339813689386,0.147629638960478,33.01887437088,0.378740058073476,0.30181645446334,0.90963,0.05897,0.0314,0.452858328490875,0.341030309306726,-0.0978042140151515,-0.334576231060606,-1.02824633049242,0.101675723055077,0.150459122490169,0.359612153087419,0.846186769450666,0.792035048186585,0.854175905126824,7.57968581792476,4.32774785379175,4.08710898442609,0.498046875,0.21484375,0.203125,-0.431640625,-0.646484375,-1.66015625,0.213404412750386,0.277441847384349,0.861117219471104,0.000185505412381219,5.43867272335953e-05,0.000959409331812637,0.595851089015151,0.549419981060606,1.23137133049242,16,6,2,-0.110034136248854,-0.288227826920858,0.0944844595247748,0.45157890356137,0.52786684892142,0.208120923546331,0.302891927111444,0.294691424194605,3.46944695195361e-18,1.67811857420166e-17,6.71494609295271e-17,-0.333836410984849,-0.311908143939394,-0.631909919507576,0.101675723055077,0.150459122490169,0.359612153087419
"Passive",0.00664333020746575,0.0669425432943067,0.0868725339167039,17.8364969689238,0.252493372048984,0.230098519384928,0.86848,0.08805,0.04346,0.37439799943684,0.237740367878993,-0.0812766335227273,-0.305197975852273,-1.19057765151515,0.0927661547907225,0.118517984238413,0.278164882504218,0.176774154167019,0.666633426779949,0.907732688184004,3.90671187655258,4.05070132525843,4.0261022483404,0.2578125,0.158203125,-0.25,-0.3984375,-0.544921875,-1.705078125,0.132775191345393,0.0434877260832783,0.796252083085291,-0.000109698242830776,-0.000448328099829452,-0.00088414735430023,0.339089133522727,0.463401100852273,0.940577651515152,22,0,0,-0.0742626140990025,-0.243118875189909,0.0367016083989536,0.306115366499394,0.311793505646332,0.218856720011738,0.302722395066312,0.369798277390919,8.5062128683085e-18,-2.01192142488204e-17,8.74518909716052e-17,-0.317160866477273,-0.239723899147727,-0.514500473484848,0.0927661547907225,0.118517984238413,0.278164882504218
"Passive",0.000814619532551861,0.00781485133538884,0.0102587099330444,1.99997284060002,0.252493372048984,0.0805746288854906,0.6874,0.25054,0.06206,0.163836854876894,0.0922187468052645,-0.0946081912878788,-0.264330314867424,-1.01603929924242,0.0617966949162656,0.0548843408509135,0.0899602453629943,-0.312227697867044,0.134854322893488,-0.366882400908226,3.37336086747704,2.79793526635821,2.40983594655558,0.068359375,-0.10546875,-0.837890625,-0.283203125,-0.404296875,-1.236328125,-0.0788937165243643,-0.123046092770468,0.78244104067752,4.77093985808294e-05,9.45812650004237e-05,0.000332423202313327,0.162967566287879,0.158861564867424,0.178148674242424,10,0,0,-0.0938098047626553,-0.25104809831437,0.0463283443999446,0.338304361116482,0.546982131725117,0.219181513745243,0.257339116482928,0.235864254010866,-3.36728964498173e-18,1.17723975805862e-17,6.7320911306809e-17,-0.188594933712121,-0.139966560132576,-0.220288825757576,0.0617966949162656,0.0548843408509135,0.0899602453629943
"Passive",0.0175242188015875,0.070093589864692,0.122666246269454,27.2348548529759,0.378740058073476,0.373714748811601,0.81891,0.13781,0.04328,0.452114248844984,0.302488077499373,-0.0967832623106061,-0.217277758049242,-1.08140240293561,0.151441887900668,0.122640230087035,0.334389377635045,0.898081520812335,-0.965920306928369,-0.897736942809446,10.1366670093102,5.7174079770653,3.64000458954799,0.83203125,0.181640625,-0.55859375,-0.634765625,-0.703125,-2.15625,0.185092346245615,0.293809898172504,0.730249056738492,5.9671778088294e-05,0.000360711408352301,0.00128673027546159,0.928814512310606,0.398918383049242,0.522808652935606,41,0,0,-0.0855818238655628,-0.191102761410118,0.0700116562815848,0.286797815306742,0.592840065314569,0.227610167398739,0.260525082672282,0.222202192951068,7.06456279208168e-18,6.69659114566236e-18,-9.42896542751433e-17,-0.537982362689394,-0.485847241950758,-1.07484759706439,0.151441887900668,0.122640230087035,0.334389377635045
"Passive",0.00378935836843612,0.0202651299101229,0.0316332050154313,6.87408263226049,0.252493372048984,0.173781581032114,0.77979,0.18524,0.03497,0.269194687912506,0.133904056911448,-0.0870546283143939,-0.218698212594697,-1.14576674952652,0.0949627532354712,0.0701264733560118,0.163188433563714,0.134152010950656,0.143219114544645,0.169045112143794,5.22159811669181,2.27824751980281,1.83264658676444,0.2578125,-0.0078125,-0.841796875,-0.455078125,-0.361328125,-1.513671875,0.323567645113557,0.350056756126381,0.820446481539951,1.82072485880035e-05,-5.09022112989065e-05,-0.000288641606651383,0.344867128314394,0.210885712594697,0.303969874526515,22,0,0,-0.072532227111689,-0.183881413153171,0.127350138369013,0.486858020184766,0.726735448998161,0.212069326767767,0.176374409910308,0.162421283094351,-4.82490500888104e-18,-8.38821861198947e-18,-1.33881514289713e-17,-0.368023496685606,-0.142629912405303,-0.367905125473485,0.0949627532354712,0.0701264733560118,0.163188433563714
"Passive",0.001576278,0.01159248,0.01632132,3.619684,0.3787401,0.1120824,0.75541,0.16554,0.07905,0.18485,0.1134494,0.07700047,-0.1167806,-1.048214,0.06133605,0.06014121,0.1192765,-0.09373358,-0.3078569,-0.5045016,4.075742,3.823776,3.30249,0.3105469,0.0390625,-0.8183594,-0.1386719,-0.3300781,-1.4375,-0.1278079,-0.2017134,0.6804751,-8.367806e-05,0.0002512692,0.000130164,0.2335464,0.1558431,0.2298547,4,0,0,0.07274299,-0.1072559,0.05375428,0.4031892,0.628665,0.224574,0.2264155,0.2035706,4.196121e-18,-5.417212e-18,-1.07688e-16,-0.2156723,-0.2132975,-0.3892859,0.06133605,0.06014121,0.1192765
"Passive",0.00291518283511228,0.0765691758650331,0.08531472437037,15.1468027524966,0.631233430122459,0.152424157557478,0.69348,0.23488,0.07164,0.384812872600293,0.311123866076671,-0.0752618963068182,-0.212602095170455,-1.06074662642045,0.168288283163275,0.107893037444038,0.28820464594025,-1.20782393311396,-0.422944418429517,1.56002261490244,10.092708244022,4.58238553920675,7.81613164336711,0.54296875,0.16796875,0.169921875,-0.939453125,-0.591796875,-2.021484375,0.212429235610666,0.0297733816093287,0.407059115691354,-0.000246087329981608,-0.000123712098453326,-0.000976766947014263,0.618230646306818,0.380570845170455,1.23066850142045,32,6,8,-0.0733074757234707,-0.201806972591506,0.0500456266971879,0.14274293205693,0.222222824847244,0.239205831568496,0.248070408400383,0.291943487489043,-6.53011067002929e-18,1.36738068735166e-17,4.02314982280724e-17,-0.864191228693182,-0.379194779829545,-0.960737748579545,0.168288283163275,0.107893037444038,0.28820464594025
"Passive",0.000838514458557649,0.00926677319329463,0.0117823165689676,1.97605766609859,0.504986744097967,0.0817478203954943,0.62157,0.32156,0.05687,0.17647645668331,0.109791134367035,-0.176964962121212,-0.261955492424242,-1.05501302083333,0.0873506422583788,0.0530548131990735,0.092253774011618,0.383956061724408,-0.202588464424569,-0.415894917068046,8.37282651129916,3.80188843228314,3.41046182433515,0.28515625,-0.076171875,-0.8359375,-0.61328125,-0.421875,-1.373046875,0.25264065080615,0.277815216700368,0.73377513931931,0.000209390683187785,0.000158954050603604,0.000394744511801418,0.462121212121212,0.185783617424242,0.219075520833333,46,0,0,-0.164631047522055,-0.238035191780104,0.075906802534801,0.255556192582736,0.486275088138686,0.223394334835749,0.235455115408211,0.263249860362899,6.53067535866079e-18,6.73416860732237e-18,-7.39987490146809e-17,-0.436316287878788,-0.159919507575758,-0.318033854166667,0.0873506422583788,0.0530548131990735,0.092253774011618
"Passive",0.00114914130108349,0.0176261673242362,0.0210735912274866,4.51998335070753,0.883726802171443,0.0956990488197176,0.81948,0.11567,0.06485,0.204008580567751,0.0995843469362939,-0.129816228693182,-0.133034446022727,-1.05409564393939,0.0597492427422389,0.0515917625384479,0.139585169919026,-0.275636499560915,0.0133905812714435,-0.306048690530312,3.17561407527324,2.22953183720352,2.45043608809815,0.02734375,-0.0234375,-0.765625,-0.306640625,-0.248046875,-1.4375,0.316462853899357,0.383334819182919,0.571888550749052,-4.075501556294e-05,2.87219394243747e-05,-0.000120251784968924,0.157159978693182,0.109596946022727,0.288470643939394,80,0,0,-0.121370573826393,-0.122619008214605,0.167030948169008,0.254082538843014,0.36673274097719,0.212425479387182,0.256176643985831,0.386754854842149,5.04336250627745e-18,-7.55733062606314e-18,9.42457112325463e-17,-0.176824396306818,-0.115012428977273,-0.383404356060606,0.0597492427422389,0.0515917625384479,0.139585169919026
"Passive",0.00676358534662866,0.0659870212733325,0.0862777773132185,14.9267937632084,0.504986744097967,0.232171758922814,0.82451,0.10457,0.07092,0.348573682940915,0.274207422449173,-0.0624186197916667,-0.206624348958333,-1.05630770596591,0.103623148782578,0.104775377964567,0.287967484054256,1.86603485795608,0.763706391309782,1.8509494235955,14.8612216062604,8.35421524265824,8.18086064762027,0.69921875,0.328125,0.36328125,-0.400390625,-0.658203125,-1.703125,-0.0412423220582202,0.0840712630388412,0.520497265601744,0.000182409409464289,-3.6639325201038e-05,0.000335642765108035,0.761637369791667,0.534749348958333,1.41958895596591,42,5,5,-0.0626488388883658,-0.1914139835657,0.0994848367455175,0.276856201637682,0.413806412155034,0.210320259716027,0.195641620464151,0.227187180257819,-4.91825830673449e-18,9.79426763676654e-18,8.07886677905316e-17,-0.337972005208333,-0.451578776041667,-0.646817294034091,0.103623148782578,0.104775377964567,0.287967484054256
"Passive",0.000566574900074538,0.00962022779041862,0.0113199524906422,2.20257758797192,0.252493372048984,0.067196951301606,0.7208,0.20726,0.07193,0.157655602096964,0.0983744956535547,-0.0591190222537879,-0.225489760890152,-1.03053977272727,0.0577122862965999,0.0519518797971843,0.0983615136677864,-0.303867574192595,0.352415281599052,0.951337537548002,3.54030094807846,3.51982072028632,4.17317485391345,0.087890625,-0.041015625,-0.669921875,-0.2734375,-0.34765625,-1.267578125,0.0269166873105529,0.191234736522192,0.700939178525979,-9.14069225733553e-05,-9.0757277855135e-05,-0.000218232220421446,0.147009647253788,0.184474135890152,0.360617897727273,6,0,0,-0.0564842529099997,-0.213006040652277,0.0778393382247534,0.167888612818806,0.387638344437883,0.231664106837313,0.289278014044297,0.275056215977245,-8.32351042835226e-19,4.19577770422418e-18,-2.01800722826974e-17,-0.214318477746212,-0.122166489109848,-0.237038352272727,0.0577122862965999,0.0519518797971843,0.0983615136677864
"Passive",0.00646303069352842,0.0421053819195066,0.0614944740000919,11.544066295138,0.378740058073476,0.226954612496138,0.77934,0.15981,0.06085,0.341586866983041,0.199315652993189,-0.0593631628787879,-0.202067057291667,-1.06463068181818,0.112533655216562,0.0945743759182998,0.23936909271547,0.392652480313604,0.341397465185729,1.30798710766061,4.32061427280592,4.25060005304797,7.45455795558822,0.388671875,0.240234375,0.01953125,-0.359375,-0.408203125,-1.69921875,0.10641595940214,0.0716656137775738,0.647877594271506,2.7584424260903e-05,0.000400209807220095,0.00148811950120329,0.448035037878788,0.442301432291667,1.08416193181818,52,4,2,-0.0495945570694931,-0.192799801489847,0.03642720934159,0.293843578124011,0.452150926968254,0.220429091129791,0.226300961847665,0.238997420414503,-1.87206152638294e-18,-9.58892631622005e-18,6.04289731876862e-17,-0.300011837121212,-0.206136067708333,-0.634588068181818,0.112533655216562,0.0945743759182998,0.23936909271547
"Passive",0.00436814985869993,0.0656839700865293,0.078788419662629,13.781803156972,0.504986744097967,0.18658196775697,0.7821,0.14769,0.07021,0.376671881277261,0.262775596351557,-0.103885535037879,-0.224624171401515,-1.100341796875,0.120740996368268,0.112582169214378,0.2710838825114,-0.445866503067521,-0.281508011264106,0.603167587135543,5.79210380137244,3.9114596387157,4.43340666972835,0.328125,0.140625,-0.109375,-0.685546875,-0.541015625,-1.81640625,0.325339538805962,0.188044270303095,0.563103534689785,-0.000132951702303543,-0.000116662179447463,-0.000139909906760952,0.432010535037879,0.365249171401515,0.990966796875,58,2,6,-0.0919732647897549,-0.20098620007349,0.0586514420102982,0.293924003398516,0.300152162014096,0.203649564874377,0.222854189958341,0.257870831279178,-3.3663399413742e-18,-1.34676185200228e-17,0,-0.581661339962121,-0.316391453598485,-0.716064453125,0.120740996368268,0.112582169214378,0.2710838825114
"Passive",0.000538080828742404,0.00873751870309415,0.0103517611893214,1.95119937314113,0.757480116146951,0.0654854270069331,0.76374,0.18925,0.04701,0.154994323562328,0.0907459035463408,-0.0619821259469697,-0.292561848958333,-0.935643051609849,0.050558749449378,0.0642582314053896,0.0828775844159726,0.135526179651386,-0.0655712394192289,0.0159277867943834,5.11259289032059,3.1365314442154,2.65442215679677,0.169921875,-0.123046875,-0.73828125,-0.244140625,-0.484375,-1.158203125,0.0677248604097927,0.00909504560609372,0.873521510497804,-1.00745883851066e-05,0.00029487055306726,0.000278444732201672,0.23190400094697,0.169514973958333,0.197361801609849,0,0,0,-0.06647366976906,-0.298775317705486,0.0387783711963495,0.258933536057829,0.247013591134167,0.228220393998788,0.305170238554095,0.354511871684248,-8.3943531839408e-19,-1.85233015055331e-17,2.35383782449052e-17,-0.18215849905303,-0.191813151041667,-0.222560073390151,0.050558749449378,0.0642582314053896,0.0828775844159726
"Passive",0.01056169,0.02271585,0.05440091,13.07137,0.2524934,0.2901266,0.85737,0.12222,0.02041,0.2987489,0.1694524,0.1113577,-0.07466264,-1.043605,0.09234832,0.05641217,0.2274647,-0.06352172,0.2103898,0.3391634,6.507517,3.400366,2.282405,0.5839844,0.09179688,-0.5410156,-0.2324219,-0.2207031,-1.521484,-0.2182631,-0.2782946,0.7604548,-6.753503e-05,0.0002115294,0.001430896,0.4726267,0.1664595,0.5025894,22,0,0,0.1039293,-0.06404407,0.1115763,0.4215879,0.8408517,0.2265638,0.2030811,0.09766022,-4.11658e-19,-1.814852e-18,8.764997e-17,-0.3437796,-0.1460405,-0.4778794,0.09234832,0.05641217,0.2274647
"Passive",0.00186540718761701,0.0230234629801596,0.0286196845430106,5.99720708256189,0.504986744097967,0.121929200810972,0.78217,0.17853,0.03929,0.258042180505337,0.120720507493584,-0.107924952651515,-0.238266453598485,-1.12121951941288,0.0814765091221604,0.076485324340176,0.155246726347863,-0.24914808462428,-0.254395528339819,0.0886879207984137,4.86765931813461,2.6924618889126,1.97919921822571,0.236328125,-0.04296875,-0.802734375,-0.3828125,-0.455078125,-1.484375,0.278500849655966,0.1443299924195,0.825070896023863,-4.22014304208601e-06,-0.000142358812586008,-0.000292554760718782,0.344253077651515,0.195297703598485,0.318485144412879,20,0,0,-0.0958891437752869,-0.203925124990944,0.0754437452302249,0.389458718224095,0.601644138512672,0.20899828581873,0.243228765468512,0.233121981953659,-1.16066614672401e-18,1.34677725260132e-17,1.07733555872643e-16,-0.274887547348485,-0.216811671401515,-0.363155480587121,0.0814765091221604,0.076485324340176,0.155246726347863
"Passive",0.00102777880264991,0.0111093324915686,0.0141926688995183,3.04520582012774,0.757480116146951,0.0905046165065506,0.88427,0.0845,0.03124,0.149055810233012,0.119209088039949,-0.0544877485795455,-0.295639500473485,-0.971990411931818,0.0378269421144708,0.0603936459721989,0.10474711799718,-0.335444672918899,-0.266173674513592,0.598116723834818,3.90178042215557,4.00669882164048,4.49175121422689,0.04296875,-0.12109375,-0.626953125,-0.205078125,-0.49609375,-1.248046875,0.274705801303218,0.2255040688403,0.903964941756777,-4.30612543126215e-06,3.91703919757514e-05,5.42185838947625e-05,0.0974564985795455,0.174545750473485,0.345037286931818,2,0,0,-0.055759669999486,-0.291910797673778,0.0194412922497255,0.200201634467875,0.282674865147897,0.277777762966631,0.398802020599942,0.455326498500674,1.31413632462558e-18,1.34660271247886e-17,5.04585740332209e-17,-0.150590376420455,-0.200454249526515,-0.276056463068182,0.0378269421144708,0.0603936459721989,0.10474711799718
"Passive",0.00276129049908606,0.0908929308412199,0.0991768023384781,15.7067641672897,0.631233430122459,0.148346380215424,0.70074,0.21294,0.08632,0.332348924256772,0.435021559472617,-0.0780066287878788,-0.262332800662879,-1.0687958688447,0.171490215747895,0.128519551714168,0.309202386571986,0.133238098568209,0.498071051361268,2.16928131787012,13.5497088591008,15.2165239680629,10.0972628162014,0.841796875,0.51171875,0.34375,-1.125,-0.95703125,-1.970703125,0.195896427292034,0.0393052380095638,0.424600453064674,0.000164105351075139,-8.9821025172994e-05,0.000181074453259003,0.919803503787879,0.774051550662879,1.4125458688447,26,6,12,-0.0679156820790845,-0.229495821502367,0.0541536561050682,0.0868918070198441,0.210498539187399,0.227342160125803,0.210222281644696,0.294207325717351,-2.93201738075329e-18,-3.3532237645243e-18,4.71146162957862e-17,-1.04699337121212,-0.694698449337121,-0.901907256155303,0.171490215747895,0.128519551714168,0.309202386571986
"Passive",0.0007225995,0.007485831,0.009653629,2.05498,0.2524934,0.07588741,0.67334,0.22851,0.09815,0.1578127,0.07267015,0.08435429,-0.08308919,-1.028823,0.06038178,0.04063736,0.09507677,0.00435078,-0.316818,0.3904657,3.264011,2.724901,2.512834,0.2753906,0.01953125,-0.8027344,-0.08398438,-0.2011719,-1.210938,-0.01094698,-0.2721831,0.3317963,7.446584e-05,7.298122e-05,-0.0005658928,0.1910363,0.1026204,0.226089,2,0,0,0.08070145,-0.07959735,0.1769593,0.1517346,0.5917373,0.1928322,0.2850986,0.2317305,3.367572e-18,-4.619801e-18,-1.34324e-17,-0.1683387,-0.1180827,-0.1821141,0.06038178,0.04063736,0.09507677
"Passive",0.000247629910654906,0.00654974581522066,0.00729263554718538,0.975798296392051,0.378740058073476,0.0444244904141031,0.6077,0.27861,0.11368,0.141399345012626,0.0670268625247728,0.119924834280303,-0.0255903764204545,-1.00484582149621,0.085068226280567,0.0399085245987027,0.056312004736232,0.590289065242166,0.154245939271508,0.241487776060038,3.96411226389162,3.32929010557747,2.49931660803877,0.427734375,0.087890625,-0.841796875,-0.107421875,-0.142578125,-1.130859375,-0.140746149749438,0.0629794900794884,0.248380789192381,0.000261055271670721,-0.000174179302553659,0.000250687069349243,0.307809540719697,0.113481001420455,0.163048946496212,26,0,0,0.118530244828993,-0.0246486719643342,0.245890061809694,0.142807256309172,0.294214698125061,0.183986779210778,0.201968122398121,0.284997894148884,3.61114529696323e-18,-1.2421609833159e-18,3.36618336861729e-17,-0.227346709280303,-0.116987748579545,-0.126013553503788,0.085068226280567,0.0399085245987027,0.056312004736232
"Passive",0.00325725276522779,0.0108128446171461,0.0205846029128294,4.61497266232516,0.378740058073476,0.161118954479518,0.75061,0.198,0.05139,0.212924757608041,0.116192793611749,-0.0969312263257576,-0.191561612215909,-1.10078568892045,0.0753055533266968,0.0564292626040985,0.136267398488197,-0.402866495059287,-0.529536876954568,-0.201028161663861,4.68214283168475,3.4661513151155,2.42377698222831,0.142578125,-0.056640625,-0.80859375,-0.380859375,-0.396484375,-1.470703125,0.201775829649373,0.174319964778334,0.713655073717174,0.000149200463138089,8.68759691170617e-05,0.000187488102584965,0.239509351325758,0.134920987215909,0.292191938920455,44,0,0,-0.087320306581711,-0.169290947489716,0.135703542224126,0.41431155226578,0.558220284605693,0.206531091326939,0.226777972314274,0.271449671308752,-6.7346306252936e-18,-2.51332963661712e-18,4.03928708383569e-17,-0.283928148674242,-0.204922762784091,-0.369917436079545,0.0753055533266968,0.0564292626040985,0.136267398488197
"Passive",0.00152743521071645,0.0106026405637078,0.0151849461958572,2.94939552643659,0.378740058073476,0.110332206405271,0.62796,0.27588,0.09615,0.203678015506629,0.115678047667898,-0.0948153409090909,-0.263738458806818,-1.02630060369318,0.0858143248960402,0.0656557383833095,0.111832409378352,0.764149926874741,0.654491618249717,0.166368525737557,5.09734662631474,3.85936059101863,2.73640833083967,0.25,-0.0546875,-0.771484375,-0.341796875,-0.412109375,-1.365234375,0.27924529046509,0.209635852364044,0.595407268674772,-5.49866932380698e-05,0.000249604328152208,4.10518140322445e-05,0.344815340909091,0.209050958806818,0.254816228693182,14,0,0,-0.0907594682782627,-0.248055383558669,0.0556983785416153,0.260514780111709,0.441055291555955,0.254057401488207,0.247656123268066,0.251722641859803,2.95034409361207e-18,-5.06523135691565e-18,6.05651658185386e-17,-0.246981534090909,-0.148370916193182,-0.338933771306818,0.0858143248960402,0.0656557383833095,0.111832409378352
"Passive",0.00223888352996187,0.0383339628059419,0.0450506133958275,7.34769557713306,0.252493372048984,0.133578528530006,0.81363,0.11433,0.07203,0.24230503050749,0.212630280633672,-0.0688032670454545,-0.271040482954545,-0.985862038352273,0.0798169955066538,0.077033348214569,0.207520737925964,0.312484973404201,0.0559746825440002,1.73937797401849,5.00761793209994,11.8691998144308,10.3210706058901,0.294921875,0.126953125,-0.037109375,-0.33203125,-0.75390625,-1.75,0.00275918640097676,0.157260878479457,0.526333108564193,-0.000147892257009437,0.000218769769580444,0.000889817733639755,0.363725142045455,0.397993607954545,0.948752663352273,12,2,6,-0.0707469704187335,-0.280442797642021,0.0535775796958982,0.22717090681876,0.278140340295786,0.235818524356268,0.200403865417323,0.241896103783368,-2.8520626040655e-18,1.51238342339301e-17,-2.0209230750215e-17,-0.263227982954545,-0.482865767045455,-0.764137961647727,0.0798169955066538,0.077033348214569,0.207520737925964
"Passive",0.00172746668954772,0.00906901040150475,0.0142514104701479,3.225994553151,0.378740058073476,0.117334504903464,0.83151,0.11886,0.04962,0.163438472975494,0.0881027155993879,-0.0772890033143939,-0.168834339488636,-1.03503048058712,0.0449437664566491,0.0422427946938532,0.115476100608973,-0.268068316480063,0.0813826805574925,0.111511577463208,4.57062296147939,3.46609998158906,2.11727575526615,0.08203125,-0.017578125,-0.765625,-0.251953125,-0.283203125,-1.291015625,0.123589718474815,0.0443183512174261,0.69035173148474,0.000162741734073463,7.40053608172622e-05,-0.000105213783555296,0.159320253314394,0.151256214488636,0.269405480587121,22,0,0,-0.0752584726005665,-0.159827884754537,0.136205642377775,0.425997461472065,0.605094476338198,0.200071220383107,0.159851649543888,0.232247491594024,-3.18882878667802e-18,-1.01008807298401e-17,-1.07700290578714e-16,-0.174664121685606,-0.114368785511364,-0.255985144412879,0.0449437664566491,0.0422427946938532,0.115476100608973
"Passive",0.002106733,0.01422671,0.02054691,4.523033,0.3787401,0.1295763,0.77861,0.15994,0.06145,0.2116934,0.1070177,0.1144058,-0.1483561,-1.117506,0.06560157,0.05602519,0.1376474,-0.006320408,0.1732443,0.3787568,3.294552,2.554211,2.571248,0.3808594,-0.009765625,-0.71875,-0.05273438,-0.2792969,-1.435547,-0.1861081,-0.1382693,0.6561738,-3.524514e-05,4.327462e-05,-0.000502832,0.2664536,0.1385905,0.3987556,0,0,0,0.1021611,-0.128677,0.0714937,0.3035454,0.4804754,0.2159531,0.3191162,0.3239838,-4.097355e-18,-9.248323e-18,-6.732654e-17,-0.1671402,-0.1309408,-0.3180413,0.06560157,0.05602519,0.1376474
"Passive",0.000646224421686652,0.00846726071579071,0.0104059339808507,2.10356386766909,0.504986744097967,0.0717649832108967,0.75115,0.17017,0.07869,0.147514294220615,0.0960652760495741,-0.0615086410984848,-0.203228574810606,-1.03915127840909,0.0476858099323836,0.0523113381045595,0.0940371336974337,-0.264903174599503,-0.482193342627306,-0.628268839553287,2.57213799545197,4.97823889334694,3.63162361276379,0.037109375,-0.044921875,-0.849609375,-0.185546875,-0.40625,-1.365234375,0.148162266306445,0.00827430941819598,0.702665129460116,6.27123701321994e-05,2.95753942502725e-05,0.000176377267183637,0.0986180160984848,0.158306699810606,0.189541903409091,4,0,0,-0.0594719682051249,-0.190885917517107,0.033339016855809,0.261823135474844,0.237331660982423,0.235526805673711,0.287071627000386,0.392438052338644,-4.11401335714907e-19,-1.0927674723188e-17,-8.07596119936743e-17,-0.124038233901515,-0.203021425189394,-0.326083096590909,0.0476858099323836,0.0523113381045595,0.0940371336974337
"Passive",0.00175760918340127,0.0255053458375941,0.0307781733877979,6.16496468058442,0.252493372048984,0.118353760324143,0.78535,0.16486,0.04979,0.251496566338097,0.157264888777924,-0.110980409564394,-0.237127130681818,-1.01414535984848,0.0805888797002142,0.0810369758400814,0.161644315512644,0.782181018927684,-0.306791502317917,0.0544954714877628,6.88496535561823,3.35880348383957,2.85657574749811,0.3046875,0.0078125,-0.59765625,-0.330078125,-0.505859375,-1.41015625,0.14492655913552,0.0825813149205747,0.801972093439553,0.000149733553950981,9.52060703617711e-05,0.000241847442835341,0.415667909564394,0.244939630681818,0.416489109848485,32,0,0,-0.110513475607794,-0.222871556702705,0.0628996669504421,0.323371450728373,0.520671990134834,0.251996745230949,0.230079271758766,0.265776443649956,-4.37993036725678e-18,-5.0463142877603e-18,1.34272689505354e-17,-0.219097715435606,-0.268732244318182,-0.396010890151515,0.0805888797002142,0.0810369758400814,0.161644315512644
"Passive",0.000786278056721323,0.0130939339767724,0.0154527681469364,3.34896397995506,0.252493372048984,0.0791605826531813,0.86102,0.09246,0.04651,0.163608127170139,0.106744202256306,-0.053762724905303,-0.22042939157197,-1.05496863162879,0.0413720983332715,0.0561068473592654,0.114399952939128,0.251675927907088,-0.277711232164606,-1.1020714675981,5.85778735948684,2.71619761549512,4.21904487612979,0.1640625,-0.1015625,-0.88671875,-0.203125,-0.3984375,-1.4453125,0.172976030414558,0.165413736405023,0.828598807314701,6.93623118017466e-05,0.000148646991314428,0.000321823802900952,0.217825224905303,0.11886689157197,0.168249881628788,2,0,0,-0.0508034264098942,-0.203175808633166,0.0565246829194405,0.267165794995031,0.466344263626474,0.232167436015294,0.339339055561327,0.324560255724531,2.14787021291636e-18,-8.2217381363564e-19,-3.36029071440923e-17,-0.149362275094697,-0.17800810842803,-0.390343868371212,0.0413720983332715,0.0561068473592654,0.114399952939128
"Passive",0.003845303,0.01473843,0.02627434,5.948731,0.2524934,0.1750597,0.76348,0.18838,0.04814,0.2324256,0.1333417,0.08809038,-0.1002382,-1.07123,0.08238503,0.05984868,0.1550637,-0.4007163,-0.01693677,0.3464734,4.573129,3.200582,2.932245,0.3359375,0.04882812,-0.6386719,-0.2636719,-0.2734375,-1.441406,-0.04097613,-0.2142864,0.6941444,0.0001180296,-0.0002617157,-0.0005270491,0.2478471,0.1490663,0.432558,14,0,0,0.08059365,-0.08869754,0.1313917,0.3196085,0.5766345,0.2073,0.2720284,0.2156799,2.934804e-18,-3.558154e-18,5.387273e-17,-0.3517623,-0.1731993,-0.3701764,0.08238503,0.05984868,0.1550637
"Passive",0.00129389651852798,0.00928535209020541,0.0131670416457894,2.80358197187157,0.378740058073476,0.101547836819963,0.73228,0.19903,0.06869,0.177159893501779,0.101483223111228,-0.0814171993371212,-0.261267459753788,-1.00676935369318,0.0618895572367331,0.0586794497272896,0.103476432699054,0.152729754438152,0.178737462916427,-0.286830883936014,5.00005051434961,3.15754259081983,2.46183234747619,0.173828125,-0.064453125,-0.7734375,-0.3359375,-0.404296875,-1.240234375,0.157811616703804,0.225180578006653,0.752128700423213,-2.61774976113454e-05,8.50747972904666e-05,-0.000191387244707459,0.255245324337121,0.196814334753788,0.233331853693182,4,0,0,-0.0798459756967092,-0.250615587509155,0.0734444404436702,0.16691645315018,0.483131212483935,0.228168271121353,0.323196315450466,0.231180054875724,3.36721264198653e-18,2.1861740694978e-17,6.05415515666758e-17,-0.254520300662879,-0.143029415246212,-0.233465021306818,0.0618895572367331,0.0586794497272896,0.103476432699054
"Passive",0.00113762036884401,0.00834554353700772,0.0117584046435398,2.4461164707987,0.378740058073476,0.095218115956165,0.70778,0.23709,0.05513,0.173351109192063,0.0863526015905901,-0.0701053503787879,-0.183275627367424,-1.05129172585227,0.0638762438364231,0.0514802265977567,0.0994120151977537,0.234310758445265,-0.452817996023344,-0.30101481635761,3.00913379236262,2.60415750722164,2.30849537423167,0.103515625,-0.08203125,-0.873046875,-0.240234375,-0.3203125,-1.28125,0.146769311478165,0.146703038310644,0.770173450854454,8.62053064814875e-05,1.24215891563241e-05,-6.06780904949546e-06,0.173620975378788,0.101244377367424,0.178244850852273,21,0,0,-0.0660313595536194,-0.169814582238318,0.0561258435262895,0.28158107755832,0.539938205411726,0.216739933404246,0.308509356311464,0.278982937084163,-5.89252586973242e-18,1.17709730251749e-17,-2.02002984027712e-17,-0.170129024621212,-0.137036872632576,-0.229958274147727,0.0638762438364231,0.0514802265977567,0.0994120151977537
"Passive",0.00216934590008722,0.0272008069284359,0.0337088446286975,6.57632328099515,0.504986744097967,0.131487753977888,0.69518,0.27005,0.03477,0.281075806000344,0.172441848123826,-0.0586973248106061,-0.200594815340909,-1.0634247750947,0.116359213978533,0.0823373646003734,0.167841237024516,0.820885911492603,0.243596722168631,0.663333304123034,6.28313246911633,3.11534585676628,3.37982744499082,0.46484375,0.05859375,-0.515625,-0.490234375,-0.439453125,-1.525390625,0.118854526081124,0.141973499682995,0.840392724301796,-5.03793109913976e-05,0.000186761392169779,0.000459978395109535,0.523541074810606,0.259188565340909,0.547799775094697,36,0,0,-0.0535602995708494,-0.178235261495912,0.0202332553987375,0.333849671655809,0.494925669315943,0.244948837355013,0.248663351805265,0.2414494831288,5.78296344138833e-18,-2.64643893920325e-18,4.70435938665422e-17,-0.431537050189394,-0.238858309659091,-0.461965849905303,0.116359213978533,0.0823373646003734,0.167841237024516
"Passive",0.000646392724559997,0.00737826360234012,0.00931744177602012,1.69207301520285,0.252493372048984,0.0717743278488902,0.56014,0.35763,0.08223,0.168725720450241,0.098892337688496,0.101569898200758,-0.0245472301136364,-1.06606593276515,0.0778800107514153,0.0525480813673223,0.0883597883429983,0.0558863761764079,0.304664423606552,0.447383943773562,4.43044350680429,3.02972155382681,3.3901321975296,0.349609375,0.130859375,-0.78125,-0.21875,-0.16015625,-1.259765625,0.0549942314536522,-0.141564667516874,0.622446922907517,0.000180804404866333,0.000379337741474216,0.00014842343710257,0.248039476799242,0.155406605113636,0.284815932765152,35,0,0,0.0942829694686455,-0.0203613040954818,0.108840085084813,0.436396565322056,0.361233796354198,0.205966220382841,0.169750759725123,0.300388107216266,6.73393759833676e-18,1.93133458194194e-18,8.74720144210187e-17,-0.320319898200758,-0.135609019886364,-0.193699692234848,0.0778800107514153,0.0525480813673223,0.0883597883429983
"Passive",0.00120372530342895,0.00719213291496264,0.0108033088252495,2.03609137308889,0.378740058073476,0.0979455251815278,0.67773,0.27451,0.04776,0.161539993776544,0.100018356744801,-0.0869954427083333,-0.191413648200758,-1.03693921638258,0.0677723536822018,0.0526316811022878,0.0926137704957285,-0.253613431018887,-0.0636053232798888,0.0870642061717318,4.2714364021918,3.69036024018499,2.92626986712942,0.111328125,-0.02734375,-0.81640625,-0.328125,-0.373046875,-1.2734375,0.201879765362731,0.154642411099719,0.809992411568026,6.57000989294263e-05,-5.87909362791776e-05,-7.60421880808601e-05,0.198323567708333,0.164069898200758,0.220532966382576,31,0,0,-0.08304572416983,-0.179099885697417,0.0723058174022461,0.314149890618489,0.499685836100814,0.222961088418075,0.22968072023269,0.211686119985464,-5.57485502623028e-18,-6.73324537349444e-18,-6.7305918181951e-17,-0.241129557291667,-0.181633226799242,-0.236498283617424,0.0677723536822018,0.0526316811022878,0.0926137704957285
"Passive",0.00477498994577739,0.035225055524692,0.0495500253620242,10.4870608257241,0.252493372048984,0.195077479226064,0.84833,0.11986,0.03181,0.317161707181904,0.155263706412798,-0.081594756155303,-0.304894649621212,-1.05801669034091,0.0845320354572879,0.0942252433130249,0.205875575408559,0.475746922448596,-0.256336393903044,0.243563716905642,4.29191532412735,2.39487221296944,2.04845275686376,0.275390625,-0.10546875,-0.609375,-0.3671875,-0.5546875,-1.466796875,0.116167249680147,0.132241899800007,0.869505768570846,2.53839120045782e-05,2.59717767839093e-05,0.000585526058345127,0.356985381155303,0.199425899621212,0.448641690340909,8,0,0,-0.0775793925649146,-0.274212873948242,0.030254241710609,0.342785897104751,0.547790936712614,0.235949802056893,0.333932290902983,0.277321996535464,-3.67591764976312e-18,-2.18474951408651e-17,8.07873330719481e-17,-0.285592743844697,-0.249792850378788,-0.408780184659091,0.0845320354572879,0.0942252433130249,0.205875575408559
"Passive",0.000603167226535152,0.0105845058000025,0.0123940074796079,2.43925600556201,0.252493372048984,0.0693329648690847,0.65545,0.29909,0.04545,0.180147981950184,0.100461524652224,-0.0855232007575758,-0.216175426136364,-0.998224431818182,0.0780291527899148,0.0529775455186014,0.100069387330359,0.120135275785139,-0.514072304011444,-0.382082225332742,6.54573747660299,3.11635051706079,2.71156798035593,0.31640625,-0.09765625,-0.771484375,-0.373046875,-0.390625,-1.28515625,0.279765849605836,0.176692637631224,0.784888470106797,-2.74799715807185e-05,0.000184339873327942,0.000347790484432169,0.401929450757576,0.118519176136364,0.226740056818182,17,0,0,-0.0844590996872092,-0.20977344730594,0.0810202300590616,0.246495902434041,0.337264218798717,0.224428857498391,0.307456507083667,0.342375125761343,7.95697617117676e-19,1.00692068311458e-17,-5.04854480785474e-17,-0.287523674242424,-0.174449573863636,-0.286931818181818,0.0780291527899148,0.0529775455186014,0.100069387330359
"Passive",0.00275894435123638,0.0242910715057988,0.0325679045595079,6.94495030664276,0.378740058073476,0.148283345105278,0.71622,0.2397,0.04408,0.256963444369117,0.181762332706533,-0.136829723011364,-0.24606415719697,-1.10099283854167,0.105004141239281,0.0782138741341886,0.168311416716128,-0.166919332252638,-1.2808672896738,-1.01375270466536,6.81109314581751,5.25786687221391,3.96526881591168,0.283203125,-0.107421875,-0.7578125,-0.55859375,-0.603515625,-1.58984375,0.227295084267043,0.102132294123607,0.775597369261122,0.000154209733440836,0.000344839059310372,0.000372332405929406,0.420032848011364,0.13864228219697,0.343180338541667,29,0,0,-0.123910113757996,-0.214264827996098,0.0510565970754075,0.442693876761344,0.422745664402615,0.261293868720657,0.214415067614616,0.338830026974667,1.00939889617692e-17,-6.59196974284392e-19,7.40223183481298e-17,-0.421764026988636,-0.35745146780303,-0.488850911458333,0.105004141239281,0.0782138741341886,0.168311416716128
"Passive",0.000951411069072198,0.012664254659439,0.0155184878666556,3.01585629431615,0.252493372048984,0.087077309984409,0.84034,0.12675,0.03291,0.175466322045024,0.111307877790771,-0.0645493016098485,-0.290667909564394,-0.990870620265151,0.0519106826339296,0.062714141849777,0.10880806763688,-0.207394259816922,-0.551422313733367,-0.329513352866674,4.20597609345432,3.94890321244953,2.9108134121329,0.130859375,-0.14453125,-0.75390625,-0.283203125,-0.513671875,-1.33203125,0.315288901340143,0.330563842227157,0.895582513645024,0.000138239937691174,0.00020708699206445,0.000443265329373437,0.195408676609848,0.146136659564394,0.236964370265151,2,0,0,-0.0639395573460703,-0.281754741678504,0.0729959666333963,0.342695947722437,0.304710746825358,0.225334289079848,0.261455470729264,0.338833883738918,-4.19332002529389e-18,-1.67950719488185e-17,-2.35765717305269e-17,-0.218653823390152,-0.223003965435606,-0.341160629734849,0.0519106826339296,0.062714141849777,0.10880806763688
"Passive",0.000781476305465663,0.00437846836787196,0.00672289728426895,1.33210259943142,0.252493372048984,0.0789184981076026,0.66722,0.25816,0.07462,0.137534233492596,0.0641844714769376,-0.0485543915719697,-0.218424479166667,-1.04022401751894,0.0513433703373131,0.0422403085008328,0.0752039808021973,-0.168490669778825,-0.488695851139955,0.0698661731263097,3.12300286173712,3.0228250416314,2.17344324375604,0.107421875,-0.123046875,-0.884765625,-0.205078125,-0.3515625,-1.208984375,0.188104105045306,0.0943510976690509,0.697252611606694,0.000125664854047506,0.000209789386710929,0.000548583565608918,0.15597626657197,0.0953776041666667,0.155458392518939,0,0,0,-0.0464300808774744,-0.205429270458704,0.0674483102644766,0.307522477360056,0.627192621397175,0.214588328666038,0.212139749709028,0.156214300659851,-8.24548072654459e-19,-9.24038990494464e-18,5.38664121720943e-17,-0.15652373342803,-0.133138020833333,-0.168760357481061,0.0513433703373131,0.0422403085008328,0.0752039808021973
"Passive",0.0143936614667642,0.065263281560167,0.10844426596046,23.2827360222019,0.504986744097967,0.33869325380721,0.84679,0.12681,0.0264,0.449141909596677,0.302997560125931,-0.0568625710227273,-0.223551432291667,-0.989738695549242,0.13529602620505,0.153673332814793,0.293503156352024,0.240430641387093,-0.879837178119769,-0.55550183353744,5.67884323773187,3.80267949045569,2.72187702817359,0.49609375,0.09375,-0.431640625,-0.54296875,-0.755859375,-1.7890625,0.321863884137822,0.303147908718369,0.906357069907007,9.10394274729502e-05,0.000149049516277091,-0.000177195692147278,0.552956321022727,0.317301432291667,0.558098070549242,48,0,0,-0.0493688749066993,-0.198161827050077,0.0677277816685776,0.41898621551207,0.531998120178979,0.226327534454114,0.267216527579208,0.283795307971651,-2.60208521396521e-18,-1.18892624596422e-17,6.63663148006278e-18,-0.486106178977273,-0.532307942708333,-0.799323804450758,0.13529602620505,0.153673332814793,0.293503156352024
"Passive",0.000571602439319348,0.0122205760762287,0.0139353833941868,2.41817924015157,0.757480116146951,0.067494431092608,0.76805,0.18265,0.0493,0.177741885294708,0.111573659565989,-0.101133404356061,-0.235891631155303,-0.967581084280303,0.0599987088846259,0.0667958429485323,0.100410702937827,0.616175177263766,-0.281556946041697,-0.530366180607759,4.12676625284907,3.03835480759873,3.54821959556474,0.138671875,-0.060546875,-0.759765625,-0.244140625,-0.423828125,-1.283203125,0.229899174684332,0.240928161405689,0.85355983258769,0.000108095785859166,8.41334493556337e-05,0.000227045733765302,0.239805279356061,0.175344756155303,0.207815459280303,15,0,0,-0.103391911048709,-0.23374080812071,0.0651244818704689,0.163225090414222,0.248745392662458,0.230463566301078,0.330121253326255,0.326310051948264,1.67084949145431e-18,8.39489220490723e-18,-4.71129478975568e-17,-0.143007220643939,-0.187936493844697,-0.315622040719697,0.0599987088846259,0.0667958429485323,0.100410702937827
"Passive",0.00215995537266707,0.0188924749234048,0.025372341041406,5.33228116424712,0.378740058073476,0.131202857393524,0.75191,0.20006,0.04802,0.242362983080091,0.128265940951402,-0.0983590790719697,-0.189031427556818,-1.09507427793561,0.0829234645744591,0.069609955141317,0.148397413535433,0.156911152263289,-0.24070891294164,0.0336347611837049,3.80560518190837,2.94472157718855,2.05061647462372,0.158203125,-0.01953125,-0.7734375,-0.380859375,-0.39453125,-1.447265625,0.148710484565911,0.113524113002922,0.78303946674304,4.69597595285301e-05,-6.14493843711889e-05,-0.000152383085350782,0.25656220407197,0.169500177556818,0.321636777935606,50,0,0,-0.0896006633115065,-0.165925806295211,0.0859730137788452,0.263174416327004,0.528378884050127,0.208198022714574,0.317938985756979,0.287963048472752,-5.20334906264823e-19,-5.03717018207972e-18,-9.42510597322549e-17,-0.28250029592803,-0.205499822443182,-0.352191347064394,0.0829234645744591,0.069609955141317,0.148397413535433
"Passive",0.00315957781563406,0.0171700602405565,0.0266487936874586,5.63319799413112,0.378740058073476,0.158684837784776,0.84713,0.11884,0.03404,0.229678207411473,0.11222829921007,-0.122196081912879,-0.267134232954545,-1.09553296638258,0.0645902430912303,0.0661316027861855,0.151369163667845,1.01719793170278,0.458864511552702,0.520409367974488,6.10748009964581,2.19434540646707,2.16221449280172,0.185546875,-0.09765625,-0.76171875,-0.298828125,-0.404296875,-1.345703125,0.289944141131514,0.295064711401135,0.847797736169688,0.000161653897623737,0.000256301400909156,0.000915400997405905,0.307742956912879,0.169477982954545,0.333814216382576,11,0,0,-0.110429637513472,-0.234451099987103,0.10321028312939,0.447838497947112,0.673838797714811,0.210612459053742,0.227638427050068,0.182122085302832,-3.36755915546495e-18,1.51195894438194e-17,-6.72209453767424e-17,-0.176632043087121,-0.137162642045455,-0.250170158617424,0.0645902430912303,0.0661316027861855,0.151369163667845
"Passive",0.00188362300081335,0.0235338373528288,0.0291847063552689,6.14191800022455,0.252493372048984,0.122523077506377,0.81274,0.13801,0.04925,0.245125034076561,0.141839687807912,-0.132464784564394,-0.276278409090909,-1.00196792140152,0.0720656032248278,0.0859948201362601,0.152710435307967,0.100489187638077,0.253881315626823,0.785545956331938,3.85825540941168,2.7797780549476,3.7873597308209,0.109375,-0.048828125,-0.54296875,-0.375,-0.46875,-1.359375,0.229491448532784,0.192233896934178,0.835781680054253,0.000212681579520182,0.000283711312765361,0.000184937291706069,0.241839784564394,0.227450284090909,0.458999171401515,12,0,0,-0.132147328042972,-0.260255513652777,0.104523950538816,0.393584727708703,0.388935534011278,0.211687712779846,0.268889103443708,0.340586886494329,1.09482986920704e-17,2.52667361399451e-17,-1.34698259392187e-17,-0.242535215435606,-0.192471590909091,-0.357407078598485,0.0720656032248278,0.0859948201362601,0.152710435307967
"Passive",0.00236543391773012,0.0209943319011635,0.0280906336543539,6.05115760808669,0.378740058073476,0.13730182637588,0.86521,0.10844,0.02635,0.206528452583362,0.158909122875025,-0.0550796046401515,-0.208917791193182,-1.03684303977273,0.0605551823200816,0.0660431903968338,0.156327450936975,-0.768903737832044,-0.596511175729335,-1.26800385055759,5.65173708975669,3.9924616774441,4.7517694466616,0.0859375,-0.060546875,-0.71875,-0.349609375,-0.431640625,-1.59765625,0.15472632605664,0.190000287252943,0.880493623665701,0.000128616279169302,0.000136780147794938,0.000511464012841667,0.141017104640152,0.148370916193182,0.318093039772727,14,0,0,-0.0527604893947881,-0.194507847444561,0.0783577039729837,0.369133726243125,0.508071574239085,0.229979180399476,0.267109406328283,0.298454735748908,-9.36840898870191e-19,5.05533647203181e-18,2.018666887262e-17,-0.294529770359849,-0.222722833806818,-0.560813210227273,0.0605551823200816,0.0660431903968338,0.156327450936975
"Passive",0.0078177268681904,0.0263983084806554,0.0498514890852266,11.4341677628268,0.378740058073476,0.249609523318594,0.89911,0.08131,0.01957,0.290372934332673,0.179601612699697,-0.0346087831439394,-0.224772135416667,-0.995834812973485,0.0673144887214699,0.089728419860963,0.20703329432736,-0.502291998400126,0.0629841441610271,-0.151880565463553,4.88119574179061,2.67191268800198,2.20437597889186,0.15625,-0.01171875,-0.591796875,-0.353515625,-0.44921875,-1.46484375,0.101320561114127,0.0747640512401821,0.917637171729122,1.1973843826018e-07,0.000587830386375049,0.00131831192545931,0.190858783143939,0.213053385416667,0.404037937973485,24,0,0,-0.0350969596838856,-0.213218382099166,0.0311917163220627,0.564218117443097,0.681381719614158,0.22063931769165,0.208354695369685,0.222739114640756,-1.68379241156501e-18,-9.30064635292157e-18,1.32386629476135e-17,-0.318906841856061,-0.224446614583333,-0.469008937026515,0.0673144887214699,0.089728419860963,0.20703329432736
"Passive",0.00119216372252147,0.012656316090777,0.0162328072583414,3.05365027931787,0.378740058073476,0.0974740150335568,0.65588,0.29005,0.05406,0.216421023982725,0.114964461508644,-0.106970584753788,-0.217366536458333,-1.12818862452652,0.0907459512979467,0.0681446865628013,0.108954295530131,0.310489803929132,-0.0997826775189578,-0.0311637811985575,3.2414207269936,2.47025948465499,2.75844959658876,0.154296875,-0.060546875,-0.85546875,-0.3828125,-0.408203125,-1.458984375,0.333349367703274,0.231638614569089,0.782696582371338,8.1846954710133e-05,5.89527105521459e-05,0.000200456794499082,0.261267459753788,0.156819661458333,0.272719874526515,40,0,0,-0.0930229267911321,-0.185883418473738,0.0965883597686786,0.273672313722448,0.379518127001625,0.211415359709028,0.309066350438237,0.307097409655213,-6.21332034775618e-18,9.24387589470673e-18,-1.34670024960612e-17,-0.275841915246212,-0.190836588541667,-0.330795750473485,0.0907459512979467,0.0681446865628013,0.108954295530131
"Passive",0.00147376284317531,0.0342743054497781,0.038695593979304,7.02849017285946,0.757480116146951,0.108376396255394,0.81646,0.11518,0.06837,0.2195981028323,0.194854310468695,-0.058401396780303,-0.22216796875,-1.04549893465909,0.073671428099101,0.0678961529902816,0.193280067822433,0.416074487062447,0.59435090146043,2.56086439424475,7.7175974571748,7.62633815379904,14.4617141739079,0.333984375,0.12109375,0.09375,-0.310546875,-0.44140625,-1.4375,0.147804442431361,0.0981633980231448,0.500786088802679,-6.76624081224034e-05,0.000189865674872333,0.00019599653767389,0.392385771780303,0.34326171875,1.13924893465909,16,2,4,-0.0725884927990855,-0.208438431264056,0.0396827818114418,0.182382769052635,0.240813013517762,0.228604718377244,0.233921156393267,0.31700089200575,3.36718697432146e-18,0,-8.07880646004025e-17,-0.252145478219697,-0.21923828125,-0.392001065340909,0.073671428099101,0.0678961529902816,0.193280067822433
"Passive",0.00195898328099455,0.0138658184384334,0.0197427682814171,4.16085437074644,0.378740058073476,0.124950002473907,0.7324,0.19787,0.06973,0.20864383357725,0.0997073097049537,-0.121722597064394,-0.0783987334280303,-1.03557054924242,0.074611854864901,0.0482836826018963,0.138050705265683,0.311987981161199,-0.0770407800019323,-0.162001877609924,4.65686237303844,3.42040024403037,1.99777690215719,0.162109375,0.095703125,-0.73828125,-0.369140625,-0.212890625,-1.306640625,0.0382372392491023,0.179300572899858,0.414497467362338,-0.000254969629236804,0.000150681270951679,0.000193506232920713,0.283831972064394,0.17410185842803,0.297289299242424,83,0,0,-0.116684018681245,-0.0736482540717394,0.109931317635446,0.172493854387042,0.387239645741079,0.209063983071467,0.22423615254461,0.340689287009371,-4.49612788702103e-18,8.23418695391453e-19,6.7309665661051e-17,-0.247418027935606,-0.13449189157197,-0.271070075757576,0.074611854864901,0.0482836826018963,0.138050705265683
"Passive",0.00347020431873932,0.0248291712829946,0.0352397842392126,8.02445156785273,0.378740058073476,0.166302365717647,0.88561,0.07929,0.03511,0.237653860156967,0.149676215467657,-0.0523718631628788,-0.183971058238636,-1.03318832859848,0.056234679211399,0.0727301989577175,0.177030293851121,-0.253564112117133,-0.347641470801824,-0.94216232351499,4.6842778784515,3.16206381268593,3.09761282343611,0.150390625,-0.017578125,-0.703125,-0.30859375,-0.404296875,-1.544921875,0.0306069161171125,0.0636401883184435,0.83786008940037,-4.31115699329546e-05,-0.000216125970339923,-0.000321023848228321,0.202762488162879,0.166392933238636,0.330063328598485,25,0,0,-0.0513901757743916,-0.170873247725304,0.0426320324728841,0.585487283617389,0.706633582283764,0.223511032358979,0.154624400507638,0.183955734730942,-3.36721264198653e-18,-1.01005855516918e-17,1.34012419381562e-17,-0.256221886837121,-0.220325816761364,-0.511733546401515,0.056234679211399,0.0727301989577175,0.177030293851121
"Passive",0.00140091561741873,0.0162175422157785,0.0204202890680346,4.27304465879281,0.252493372048984,0.105663962404139,0.74448,0.20922,0.0463,0.204036604055469,0.137743392733511,-0.0918264678030303,-0.258885239109849,-1.02584931344697,0.0759624062313665,0.0697488680718212,0.129590885888571,-0.0864041011915466,-0.39704650360865,-0.769380407454911,8.23216763361327,2.96711907988901,3.38878569128906,0.240234375,-0.083984375,-0.7421875,-0.45703125,-0.455078125,-1.41015625,-0.0238230499535931,-0.0866055081663695,0.824399527309532,-3.35114769547836e-05,8.72198986737666e-05,9.10903799998685e-05,0.33206084280303,0.174900864109849,0.28366181344697,8,0,0,-0.0909758758301912,-0.242339288021247,0.0642123941741317,0.263707060008537,0.404467128600101,0.224627837570881,0.31954959940868,0.332202956122677,3.10168064685484e-19,2.35358114783984e-17,2.69356477226868e-17,-0.36520478219697,-0.196192885890151,-0.38430693655303,0.0759624062313665,0.0697488680718212,0.129590885888571
"Passive",0.000595987656216374,0.00647481900328812,0.00826278197193725,1.46883125258792,0.378740058073476,0.0689190903721489,0.65427,0.29155,0.05418,0.149709149825671,0.0842207594234802,-0.0940607244318182,-0.257361209753788,-1.10827266808712,0.0606608359749425,0.049014601338001,0.0809129403245744,-0.477432657191495,0.352856562294708,0.435220456937199,3.88239324926381,3.46852596057897,3.22805143108275,0.072265625,-0.095703125,-0.859375,-0.31640625,-0.37890625,-1.33203125,0.0180483501082479,-0.0282283635379957,0.798969060476534,-2.10115482883212e-05,2.80372648438979e-05,-7.59937831802854e-05,0.166326349431818,0.161658084753788,0.248897668087121,18,0,0,-0.0849599942762665,-0.225509986558047,0.0281618444927439,0.203040056696124,0.345005755627981,0.231790004103211,0.260517964773314,0.264263667832817,-5.04949707822877e-18,2.18712890663834e-17,-1.07676470985531e-16,-0.222345525568182,-0.121545040246212,-0.223758581912879,0.0606608359749425,0.049014601338001,0.0809129403245744
"Passive",0.000352110236545595,0.00792222376444125,0.00897855447407803,1.59033781632034,0.252493372048984,0.0529736905000653,0.5956,0.34061,0.06379,0.165492482531279,0.0831405881320832,-0.0955477627840909,-0.205906723484848,-1.04834724195076,0.0773149816402939,0.0467951739873075,0.0831113012878247,0.157107010742154,-0.325053631340778,0.192376713634393,4.05935169662696,2.84827619676657,2.25649545335202,0.150390625,-0.107421875,-0.857421875,-0.3671875,-0.34765625,-1.23828125,0.318264719990311,0.199091748178468,0.67390380818266,-4.05550268947818e-05,-3.36477749642926e-05,-0.000302652277741,0.245938387784091,0.0984848484848485,0.190925366950758,34,0,0,-0.0898062219987255,-0.191268062161869,0.0780294365365388,0.260756374485402,0.396900031855739,0.222276783530871,0.244775296327536,0.264166033547108,2.64346149005533e-18,-4.19457132396597e-18,-6.73432261331278e-18,-0.271639737215909,-0.141749526515152,-0.189934008049242,0.0773149816402939,0.0467951739873075,0.0831113012878247
"Passive",0.00135901849842594,0.0167177815094534,0.0207948370047312,4.51581276564864,0.504986744097967,0.104071925170371,0.81784,0.12728,0.05489,0.205374053030303,0.11606943821507,-0.0561597419507576,-0.274088541666667,-0.948804450757576,0.0568081095356601,0.072287265165418,0.130284128484343,0.00563384935257177,0.0525279301874113,0.32691358388067,3.09576058176993,2.99815157736537,2.87223922616494,0.095703125,-0.083984375,-0.595703125,-0.216796875,-0.4765625,-1.240234375,-0.0376921476727589,-0.00223958786505477,0.818910042617072,-0.000127857086518206,0.000202793604764917,-0.000182905559695166,0.151862866950758,0.190104166666667,0.353101325757576,2,0,0,-0.0602462383666499,-0.276396039308588,0.0770194110220707,0.359406396073976,0.542030187636608,0.225762379429797,0.25772309038715,0.240018277744664,-1.59127331282628e-18,1.85203176394689e-17,4.37061140060792e-17,-0.160637133049242,-0.202473958333333,-0.291429924242424,0.0568081095356601,0.072287265165418,0.130284128484343
"Passive",0.00155731625119786,0.00567792615875544,0.010349874912349,2.25529702997363,0.378740058073476,0.111406187476421,0.77256,0.16491,0.06254,0.15051146227904,0.0791941281388937,-0.0845096472537879,-0.209228515625,-1.01080137310606,0.0471083340249059,0.0435998889007893,0.0963160893140702,-0.125901020686036,0.356483913472179,0.615266341925733,3.16221407676973,3.00971941025483,2.48903445522152,0.044921875,-0.080078125,-0.771484375,-0.21484375,-0.33203125,-1.197265625,-0.0446585356075276,-0.0594519150533437,0.713259431383054,-7.83172184078028e-05,-5.1457593842326e-05,-0.000316264882214064,0.129431522253788,0.129150390625,0.239316998106061,10,0,0,-0.084294123738279,-0.201889822035092,0.0743952446899752,0.249382176521811,0.556940878341024,0.208980735850213,0.273002880656414,0.24998456655903,-5.88038827261324e-18,0,-5.38641084991544e-17,-0.130334102746212,-0.122802734375,-0.186464251893939,0.0471083340249059,0.0435998889007893,0.0963160893140702
"Passive",0.0029216307597592,0.028006840216892,0.0367717324961696,8.1399505724396,0.504986744097967,0.152592633546401,0.82343,0.11838,0.05819,0.24843236609705,0.155718220667685,-0.0845984256628788,-0.168545809659091,-1.07845052083333,0.0726537530832442,0.0632191127384927,0.188100442448964,-0.472175046411762,0.209986692052766,0.229854997034218,5.85977374023739,3.12312480771204,3.1815280984885,0.12109375,0.0078125,-0.564453125,-0.4609375,-0.337890625,-1.572265625,-0.0220121886992591,0.0389440982656504,0.565890775652591,-0.000145408958228711,3.40732285640681e-05,-0.000428580811115314,0.205692175662879,0.176358309659091,0.513997395833333,45,0,0,-0.0802493705821321,-0.152933892389354,0.0671487130252257,0.169699789053635,0.526999539496069,0.210434553322449,0.287238050819381,0.287079184441058,-3.36595492639818e-18,2.52703296130547e-18,-7.39322055929913e-17,-0.376339074337121,-0.169344815340909,-0.493815104166667,0.0726537530832442,0.0632191127384927,0.188100442448964
"Passive",0.005297551,0.03527997,0.05117262,12.77917,0.2524934,0.2054748,0.64998,0.25612,0.0939,0.3748125,0.2026905,0.227147,0.02411074,-1.037908,0.1396897,0.1246133,0.2090156,0.7427732,-0.04930509,0.04900839,3.683487,3.191663,2.986185,0.6914062,0.3535156,-0.3398438,-0.08789062,-0.3183594,-1.677734,0.3181621,-0.5272362,0.1019146,0.00081953,0.001332523,-9.374119e-05,0.4642593,0.3294049,0.6980646,41,0,0,0.2069763,0.02633807,0.4056341,0.5797225,0.5494693,0.1473019,0.1416643,0.235584,1.994814e-18,1.634312e-18,-6.047746e-17,-0.3150376,-0.3424701,-0.639826,0.1396897,0.1246133,0.2090156
"Passive",0.00227732149049731,0.0123302118252997,0.0191621762967916,4.20932221898321,0.378740058073476,0.13472031094769,0.8267,0.14065,0.03266,0.201871845676222,0.101100260758039,-0.0876834753787879,-0.26443388967803,-1.01988636363636,0.0571027612082419,0.05980979466623,0.127833138399776,-0.291343305642143,-0.266568453576979,0.125033671589275,3.82601535599471,2.20183268672149,2.22860074580735,0.111328125,-0.1328125,-0.6796875,-0.3125,-0.427734375,-1.271484375,0.0873929648120226,0.0423616093251526,0.865378351197523,4.80609710165721e-05,-5.55732842042276e-05,-0.000356900796245329,0.199011600378788,0.13162138967803,0.340198863636364,6,0,0,-0.0865947586449262,-0.250008299446917,0.0316216770766558,0.410037869489437,0.600984154750658,0.2352462078272,0.258537608857986,0.235645092014734,-5.88882972596258e-18,-2.6933491638821e-17,-1.00902735672506e-16,-0.224816524621212,-0.16330048532197,-0.251598011363636,0.0571027612082419,0.05980979466623,0.127833138399776
"Passive",0.00357660158432719,0.0356833429820408,0.0464131477350224,9.65349484640185,0.252493372048984,0.168832552573329,0.59662,0.31237,0.09101,0.360789849847911,0.182893889751185,-0.101192589962121,-0.224232066761364,-1.04654947916667,0.160551464908372,0.100919022762266,0.204528819247447,-0.0142649101033828,0.153407214164964,-0.591681017472037,4.25671688154034,2.81532678362068,3.03901024940695,0.384765625,0.025390625,-0.599609375,-0.59765625,-0.509765625,-1.64453125,-0.0527543551756482,0.202760740772898,0.46798201759759,-9.75830057425535e-05,-0.00047256494307176,-0.000837590756640946,0.485958214962121,0.249622691761364,0.446940104166667,58,0,0,-0.091640550546749,-0.206005582551366,0.0555709388792084,0.240666757093851,0.413863591498474,0.233387290867838,0.246182418204663,0.306045291301121,3.35034898603665e-18,1.00928595845062e-17,7.40991609204281e-17,-0.496463660037879,-0.285533558238636,-0.597981770833333,0.160551464908372,0.100919022762266,0.204528819247447
"Passive",0.00296376288714143,0.0336361766600525,0.0425274653214768,8.20876786991457,0.504986744097967,0.153688945928298,0.74579,0.18814,0.06606,0.287832997499857,0.201632561641493,-0.0913233901515152,-0.225445371685606,-1.12172259706439,0.104660618000597,0.086674494550051,0.196358875424227,0.113854356004246,0.517719882921033,1.31452419238947,4.24126739883921,4.05562049600225,5.76267524893379,0.27734375,0.15234375,-0.220703125,-0.42578125,-0.458984375,-1.44921875,0.215944253269691,0.141919046319174,0.657102278736767,1.19891295840968e-05,-0.000256271466299591,-0.000740875854575783,0.368667140151515,0.377789121685606,0.901019472064394,26,0,2,-0.0815136932809706,-0.194800931433009,0.0767547725345229,0.379027462375885,0.343841358519088,0.21309193650329,0.235635985728328,0.338009750500996,-2.21429813011315e-18,-1.08176374430401e-17,9.41557203988168e-17,-0.334457859848485,-0.233539003314394,-0.327496152935606,0.104660618000597,0.086674494550051,0.196358875424227
"Passive",0.0006793886,0.005528181,0.007566347,1.601096,0.5049867,0.07358343,0.54586,0.36324,0.0909,0.1557914,0.07843844,0.08930368,-0.1230321,-1.106712,0.07084035,0.04406796,0.08307256,0.06271426,0.007452701,0.5402631,3.877656,2.752673,3.225974,0.3417969,0.001953125,-0.8457031,-0.1230469,-0.2207031,-1.287109,-0.2874086,-0.05656378,0.4642663,0.0002102091,-0.0001849322,5.28607e-05,0.2524932,0.1249852,0.2610085,10,0,0,0.08039255,-0.1092546,0.1100744,0.297585,0.3252753,0.2185951,0.27197,0.34716,-4.503597e-18,-4.11196e-19,-2.019796e-17,-0.2123506,-0.09767105,-0.1803977,0.07084035,0.04406796,0.08307256
"Passive",0.0148459495095937,0.193760438860715,0.238298287389496,47.4213853720446,3.40866052266128,0.343973427489513,0.74637,0.17218,0.08146,0.651528154413453,0.480613243107973,-0.121508049242424,-0.218971946022727,-1.046875,0.189623361123458,0.243667007065023,0.473230766351959,0.352203060134309,-0.0620515272684313,0.608833901332667,8.3009569927883,7.50189778488305,3.21827932607665,0.697265625,0.849609375,0.15625,-0.900390625,-1.2890625,-2.12890625,0.391708864094288,0.224467234853313,0.390117805075486,-5.70540920178171e-06,-0.000490602774507758,0.000304522872385523,0.818773674242424,1.06858132102273,1.203125,77,20,18,-0.129671207941731,-0.215195262698351,0.0294245329613193,0.0663111732184908,0.198765097833534,0.240327954470445,0.313552392158424,0.410997567467834,2.63581252586497e-19,-2.77518794718591e-18,0,-0.778882575757576,-1.07009055397727,-1.08203125,0.189623361123458,0.243667007065023,0.473230766351959
"Passive",0.003575676,0.04431356,0.05504059,9.70036,0.3787401,0.1688107,0.79109,0.13236,0.07656,0.2842728,0.2451489,0.06431996,-0.1275746,-1.067013,0.09771659,0.07606939,0.2328967,0.7267122,-0.9418966,1.344318,7.549506,10.97173,8.134233,0.546875,0.2402344,0.04101562,-0.3320312,-0.5097656,-1.761719,0.1431291,-0.2604777,0.07324845,-7.821468e-05,0.0002268203,0.000146151,0.482555,0.3678089,1.108029,14,4,4,0.05258594,-0.1291164,0.07088545,0.1360593,0.2962888,0.2157132,0.1993393,0.2601928,2.002193e-18,-1.007245e-17,-1.077126e-16,-0.3963512,-0.3821911,-0.6947058,0.09771659,0.07606939,0.2328967
"Passive",0.0014880461663029,0.00925613351186029,0.013720272010769,2.74462305826953,0.378740058073476,0.108900307723869,0.72426,0.2243,0.05145,0.177939619024047,0.1055114289687,-0.180501302083333,-0.271402994791667,-1.06480084043561,0.0681942225479996,0.054702687610842,0.106306702964243,-0.123201446612987,-0.129539637507916,0.345082327069777,4.5442515673073,3.00110774101732,2.56110802559734,0.05078125,-0.1171875,-0.80078125,-0.416015625,-0.42578125,-1.296875,0.172202666225419,0.250834750456119,0.783464795904772,2.89919878170467e-06,-0.000174028992599247,-0.000375096580514776,0.231282552083333,0.154215494791667,0.264019590435606,37,0,0,-0.167369051791604,-0.244167331299286,0.0933570720494293,0.244612792008332,0.495798540362896,0.203466189738069,0.276105977232689,0.284949412557582,9.25092166876798e-18,1.850242086e-17,-9.42418610827861e-17,-0.235514322916667,-0.154378255208333,-0.232074159564394,0.0681942225479996,0.054702687610842,0.106306702964243
"Passive",0.00106925096693984,0.017685254227508,0.0208930071283275,3.93430709110931,0.252493372048984,0.0923125462278342,0.6684,0.26118,0.07042,0.219700949032226,0.149328696650406,-0.0874393347537879,-0.253514145359849,-1.04388612689394,0.0921247785064444,0.0720331642128651,0.132599464157931,0.650116523177255,-0.339030786214658,-0.381424795148337,7.42953402970989,3.96993759879409,4.83402745841979,0.396484375,-0.044921875,-0.60546875,-0.400390625,-0.529296875,-1.556640625,0.165292676207526,0.143474263342753,0.707624462721926,-0.000249008183587253,-0.000243148642991541,-0.000405799936329724,0.483923709753788,0.208592270359849,0.438417376893939,18,0,0,-0.0824886363961427,-0.233677148924841,0.136393187634513,0.231592275826279,0.302877592704888,0.214140074965887,0.272569938488962,0.361991703856018,-6.52738989753205e-18,2.35220086915079e-17,5.38708847627324e-17,-0.312951290246212,-0.275782729640151,-0.512754498106061,0.0921247785064444,0.0720331642128651,0.132599464157931
"Passive",0.000928472153285391,0.0146611053491357,0.0174465218089919,3.3404778093032,0.252493372048984,0.0860211701064721,0.79712,0.15511,0.04777,0.183540841655188,0.130951294503646,-0.108035925662879,-0.246759588068182,-1.01867305871212,0.0589814714425845,0.0658468445155652,0.118627347865183,0.0863677014220931,0.380399369877121,1.0226341417741,4.65718714545978,3.16779337375195,4.21811535268092,0.1171875,-0.041015625,-0.607421875,-0.314453125,-0.42578125,-1.265625,0.16974024443958,0.136656655223184,0.836394966743455,-4.35981665650335e-05,-0.000316668680989898,-0.000533032217486582,0.225223425662879,0.205743963068182,0.411251183712121,16,0,0,-0.105732048655891,-0.232409862361248,0.058886641245403,0.348254353434625,0.376549975124216,0.242491124482208,0.254793660228458,0.321650370698143,-3.36755915546495e-18,5.06749011144166e-18,-1.0772005427976e-16,-0.206417199337121,-0.179021661931818,-0.246951941287879,0.0589814714425845,0.0658468445155652,0.118627347865183
"Passive",0.000454957866882417,0.0259408208613183,0.0273056944619655,4.16039156355252,0.631233430122459,0.0602152500039035,0.55089,0.34318,0.10593,0.218778303722595,0.249336266631252,-0.13381865530303,-0.256850733901515,-1.00968424479167,0.136154454186593,0.0821363876371617,0.155827359464394,-0.249212012589887,-1.27448882562802,2.55602991684551,14.4692293089676,12.0127903948331,18.4440521437072,0.59765625,0.04296875,-0.095703125,-0.98046875,-0.765625,-1.544921875,0.0238697783860486,-0.188819426108651,0.396405198296646,3.79774659392549e-05,-0.000146210823621102,-0.000244286158155014,0.73147490530303,0.299819483901515,0.913981119791667,26,4,4,-0.135746698224023,-0.246529543863681,0.04149111819352,0.0708614685194657,0.0842382432997781,0.255402328676111,0.245571548577116,0.305182081784309,-9.44274896365601e-19,-1.34680292026639e-17,7.40375841919292e-17,-0.84665009469697,-0.508774266098485,-0.535237630208333,0.136154454186593,0.0821363876371617,0.155827359464394
"Passive",0.00187924715639835,0.0125457928287387,0.0181835342979338,4.10365437058806,0.378740058073476,0.122380678081385,0.83114,0.11324,0.05561,0.182284212418934,0.103801424342207,-0.111483487215909,-0.135793974905303,-1.02849786931818,0.0516969059090029,0.0489024526951924,0.129667889099631,0.332996921851796,-0.188481747952567,-0.0266892352618004,4.50511020586851,2.89477161133324,2.77815883330281,0.10546875,0.021484375,-0.724609375,-0.26953125,-0.271484375,-1.373046875,0.263641041156754,0.260315703689551,0.666434630817459,-1.71264181107292e-06,-5.35275402484201e-05,3.93480889133827e-05,0.216952237215909,0.157278349905303,0.303888494318182,84,0,0,-0.107705025747708,-0.128233763126963,0.0865245583965494,0.323062714964127,0.568230315762493,0.214948917957983,0.269407428723138,0.266591341078572,-2.52055187587572e-18,8.40485767587001e-18,6.05628300610174e-17,-0.158047762784091,-0.135690400094697,-0.344549005681818,0.0516969059090029,0.0489024526951924,0.129667889099631
"Passive",0.00141225582670497,0.0191530439084764,0.0233898113885913,4.05888721640144,0.504986744097967,0.106090767659243,0.65246,0.26161,0.08593,0.243336575090393,0.150050732869961,-0.107725201231061,-0.266120679450758,-0.959080551609849,0.0977029231812472,0.0834760323177324,0.139048191052858,0.822800434792899,-0.740213364849676,0.150466668949855,5.75434394766148,6.43754644340521,3.84452107672293,0.31640625,-0.029296875,-0.515625,-0.392578125,-0.65625,-1.462890625,0.10624046806116,0.0960431290650006,0.684146603556115,1.89562507337164e-05,6.36862003029433e-05,0.000244630087711719,0.424131451231061,0.236823804450758,0.443455551609849,22,0,0,-0.112138058983782,-0.264272859988171,0.0351255637025152,0.170024845823737,0.332087439538531,0.245063513647248,0.262615314186082,0.287845001206201,1.68338814584018e-18,-6.73429694564771e-18,2.35620309982657e-17,-0.284852923768939,-0.390129320549242,-0.503810073390151,0.0977029231812472,0.0834760323177324,0.139048191052858
"Passive",0.0337940611648546,0.167125972154878,0.268508155649442,53.1242547050313,0.378740058073476,0.518968618376194,0.85783,0.09209,0.05008,0.636746941628644,0.412421034600593,-0.109545158617424,-0.251450047348485,-1.11137251420455,0.144600829823752,0.186283180347041,0.507343537222489,1.14544135896419,0.665314464816818,0.979986524453648,6.37051695891125,7.93769748138582,3.27629797519905,0.625,0.62109375,0.501953125,-0.458984375,-1.046875,-2.095703125,0.0197170420178044,0.393456976220754,0.449622391108745,-0.00038699909080311,-0.000350578861467824,-0.000892441151869509,0.734545158617424,0.872543797348485,1.61332563920455,54,14,15,-0.0666169825291699,-0.246646591123161,0.138916013928004,0.178095553090864,0.404162365016209,0.200908438866957,0.232335247513261,0.233436389838493,1.50515187960582e-18,1.34662324661091e-17,-4.03372490081539e-17,-0.349439216382576,-0.795424952651515,-0.984330610795455,0.144600829823752,0.186283180347041,0.507343537222489
"Passive",0.00269358799091051,0.0368496495651016,0.0449304135378332,7.68879522003402,0.378740058073476,0.146516483880728,0.63529,0.24487,0.11984,0.274089214230372,0.259917813050055,-0.125014796401515,-0.205129912405303,-1.00178296638258,0.13381834369497,0.0928535341584852,0.210225743590269,0.41329839789861,0.748170814364161,2.54299662697865,11.6254292424513,6.21887037544597,11.5863446239663,0.625,0.21484375,0.017578125,-0.837890625,-0.458984375,-1.41015625,-0.0406380024953402,-0.141883018977947,0.11410892626647,-0.000153125081524043,-0.000112740745594441,-0.000354651879088431,0.750014796401515,0.419973662405303,1.01936109138258,56,4,4,-0.136737331141996,-0.204708907480117,0.0652849658362533,0.0524386979849452,0.322565896443092,0.233125491980748,0.246660098339896,0.243873583127044,-1.34681318733242e-17,8.40238074619091e-18,-6.72937773763737e-17,-0.712875828598485,-0.253854462594697,-0.408373283617424,0.13381834369497,0.0928535341584852,0.210225743590269
"Passive",0.0007887288,0.007850436,0.01021662,2.049443,0.3787401,0.07928386,0.67212,0.25143,0.07645,0.1654851,0.0840017,0.08607067,-0.1289432,-1.030088,0.06828059,0.04532271,0.09211019,0.0113657,-0.1891008,-0.515142,2.621381,3.202015,2.526893,0.2578125,-0.005859375,-0.8378906,-0.08007812,-0.2578125,-1.244141,-0.2282393,-0.3246334,0.6121801,0.0002473681,-0.000190707,-0.0004302005,0.1717418,0.1230839,0.1921979,2,0,0,0.08178092,-0.1223037,0.105339,0.2012172,0.4767389,0.2253651,0.3152001,0.2596782,-2.651168e-18,-5.906335e-18,-5.387006e-17,-0.1661488,-0.1288693,-0.2140521,0.06828059,0.04532271,0.09211019
"Passive",0.0082681991607824,0.0594764808244904,0.0842810783068377,18.1429981680062,0.252493372048984,0.256700295668974,0.88418,0.07828,0.03754,0.350852160633322,0.268226389996266,-0.0853012547348485,-0.288781368371212,-1.10717033617424,0.0870829712955895,0.123106243640527,0.269411530903193,-0.314477669017129,0.773643828818483,1.29788794840673,3.44008615276363,5.1008148919632,6.1257468932358,0.130859375,0.220703125,-0.0859375,-0.353515625,-0.626953125,-1.626953125,0.114995925706663,0.119923070823586,0.852135196589596,-4.60865605984517e-05,9.28189444756048e-05,-0.000316992229535834,0.216160629734848,0.509484493371212,1.02123283617424,20,2,2,-0.0802172944731556,-0.238602854438036,0.0313520539275583,0.394053620700615,0.524700700199306,0.223381717710662,0.291661912179693,0.283692377407325,-4.09491661433824e-18,-2.16352748860803e-17,6.58157433849126e-18,-0.268214370265151,-0.338171756628788,-0.519782788825758,0.0870829712955895,0.123106243640527,0.269411530903193
"Passive",0.00240133989335024,0.014382973564783,0.0215869932448337,4.38508739956449,0.378740058073476,0.138339984354654,0.74344,0.17602,0.08054,0.21682966248063,0.11894303383209,-0.0555974786931818,-0.188831676136364,-1.02395537405303,0.0722181102849075,0.0681021812390245,0.138503395737039,0.674038938338787,-0.223908920266041,-0.327816348157099,7.84299916190921,4.10126508275837,2.68760524403643,0.359375,0.072265625,-0.7265625,-0.302734375,-0.3984375,-1.453125,0.114232863752338,0.121341982125862,0.659128028133794,-7.60816762892212e-05,0.000179169465658812,-0.00021980155825056,0.414972478693182,0.261097301136364,0.29739287405303,29,0,0,-0.0537746431905327,-0.178976700507852,0.0258992090136813,0.20719820281978,0.405010211839661,0.251022272879693,0.249057485538064,0.281438995843988,1.54031658074941e-19,1.00742248596666e-17,-2.69344156747635e-17,-0.247136896306818,-0.209605823863636,-0.42916962594697,0.0722181102849075,0.0681021812390245,0.138503395737039
"Passive",0.00132521167302532,0.0380210318275352,0.0419966668466112,7.33651722175274,0.378740058073476,0.102769331294492,0.74573,0.16852,0.08575,0.262296033846993,0.214657925621311,-0.0667835582386364,-0.29226592092803,-1.12158942945076,0.0985156419998233,0.0822416417191301,0.199618351655707,0.748112120920156,-0.454088416361802,1.52896251865239,13.3970722423219,5.88228376553875,8.52734706034991,0.53515625,0.01171875,-0.19140625,-0.576171875,-0.7265625,-1.7265625,-0.0499967442419206,-0.135849333762639,0.499980007772806,4.25205206206914e-05,-2.99263297794286e-05,0.000173789515722725,0.601939808238636,0.30398467092803,0.930183179450758,10,4,4,-0.0644317212570999,-0.256084149764817,0.0313397832870908,0.295488889936888,0.293271054144226,0.237990699912147,0.192212412738141,0.259719495468987,2.20521177667897e-18,-2.69293848124101e-17,-6.68506636404669e-18,-0.509388316761364,-0.43429657907197,-0.604973070549242,0.0985156419998233,0.0822416417191301,0.199618351655707
"Passive",0.00303981688920237,0.019052713070573,0.0281721637381801,5.68384961029683,0.504986744097967,0.1556483840273,0.73063,0.21745,0.05192,0.230430133633925,0.17003079648039,-0.0554939038825758,-0.204545454545455,-1.03646573153409,0.0933521562817144,0.0695696939598222,0.158127070697403,0.324568742829497,0.733793646968228,1.14152017093927,10.7423434390384,4.37432713986847,4.26092508865189,0.421875,0.10546875,-0.447265625,-0.546875,-0.390625,-1.37890625,0.27331871095696,0.169577819790618,0.717405887360161,2.45623025080057e-05,0.00015361932103516,0.000603944759919847,0.477368903882576,0.310014204545455,0.589200106534091,19,0,0,-0.0522686666472711,-0.190354880956068,0.0306897746390238,0.367938122749147,0.455654634219466,0.231315957095838,0.207364749830429,0.278473362446756,9.46135802083053e-19,1.27117699529237e-17,-8.07887768781081e-17,-0.491381096117424,-0.186079545454545,-0.342440518465909,0.0933521562817144,0.0695696939598222,0.158127070697403
"Passive",0.0011482099517455,0.012830251494451,0.0162748813496875,3.33201102208471,0.378740058073476,0.0956602601554167,0.70085,0.23642,0.06273,0.198169046197056,0.120487263910729,-0.0853382457386364,-0.189349550189394,-1.08970318418561,0.0737187342358948,0.0640778192294436,0.116966955250586,-0.0113437775087589,-0.164208667714801,-0.440644845894952,4.82678411047572,2.82918329779828,3.11471177136285,0.177734375,-0.02734375,-0.833984375,-0.33984375,-0.380859375,-1.44140625,0.180640615443613,0.0419563324257327,0.74194923948638,-0.000155254260242681,0.000180601231665243,0.000261151444565282,0.263072620738636,0.162005800189394,0.255718809185606,39,0,0,-0.0783606076812168,-0.168205219313099,0.103590611019018,0.295409513411867,0.511886437543024,0.206417920661103,0.23286381948668,0.244959126180217,2.69317975729265e-18,1.095285470262e-17,-9.42247150825204e-17,-0.254505504261364,-0.191509824810606,-0.351703065814394,0.0737187342358948,0.0640778192294436,0.116966955250586
"Passive",0.00106061084415104,0.0168063848890405,0.0199882174214936,3.66746622033674,0.378740058073476,0.0919388222170498,0.65893,0.28824,0.05284,0.228664485766758,0.130052287095189,-0.102383700284091,-0.25732421875,-1.12405303030303,0.0932980961695748,0.0731799531618944,0.127571826799516,-0.918780508703899,-0.0565270026250287,0.128087246299349,6.9608555459969,2.93707594330067,2.93025387470704,0.20703125,-0.064453125,-0.818359375,-0.591796875,-0.4765625,-1.513671875,0.0557929879408646,-0.04407369222874,0.788575182637611,1.33298179486594e-05,-6.44014463995723e-05,-0.000210719270327204,0.309414950284091,0.19287109375,0.30569365530303,22,0,0,-0.0916327492244404,-0.220077126066237,0.0187732878719547,0.287846393231053,0.327530896438342,0.24346260498625,0.27078790541671,0.299258512995023,3.15705943635425e-18,0,-2.69362637466484e-17,-0.489413174715909,-0.21923828125,-0.38961884469697,0.0932980961695748,0.0731799531618944,0.127571826799516
"Passive",0.00141659611711651,0.020604216212182,0.0248540045635315,4.59572160122697,0.504986744097967,0.106253667145506,0.74326,0.16792,0.08881,0.217723891973714,0.152878100782194,-0.0922111742424242,-0.320379083806818,-1.05826822916667,0.0769195145698689,0.0794582255993413,0.145632507306341,0.0128629058368669,0.710178790821876,2.56893582206744,3.46758937505438,4.26271827819628,13.6041735195522,0.099609375,0.01953125,-0.185546875,-0.384765625,-0.50390625,-1.359375,0.105504254505545,0.231990778288967,0.666737197167419,-0.000267230717933333,-0.00014579747124647,-0.000442095968880642,0.191820549242424,0.339910333806818,0.872721354166667,12,0,0,-0.0846870293300082,-0.292630747969241,0.139729305902489,0.257191221553127,0.328891707031507,0.205567704817021,0.298857851672657,0.275909522310607,-3.63158959219014e-19,-5.0353798624412e-18,7.39473623492141e-17,-0.292554450757576,-0.183527166193182,-0.301106770833333,0.0769195145698689,0.0794582255993413,0.145632507306341
"Passive",0.000788375877254307,0.00577055043717403,0.00813567806893695,1.4359455561697,0.378740058073476,0.0792661140711202,0.5742,0.34017,0.08562,0.161687789650769,0.0823226613158155,-0.0848573626893939,-0.278386896306818,-1.13014174952652,0.0694161694622256,0.049737651520489,0.0829228126162327,-0.32618572215499,-0.143588511245175,-0.211169311126297,4.01977130773751,2.66279477690699,2.55759136592387,0.1171875,-0.166015625,-0.95703125,-0.373046875,-0.431640625,-1.373046875,0.0272017383000964,0.00133640224550392,0.647255391476146,-5.80846068747596e-05,4.03423000948939e-05,0.000249815781138924,0.202044862689394,0.112371271306818,0.173110499526515,10,0,0,-0.0750284186352115,-0.239432887021024,0.0455449811572419,0.213986956988208,0.374008398653941,0.218357037862892,0.220574131653764,0.250752236687683,-3.77923000166307e-18,-5.04082140743568e-18,-1.34669511607311e-17,-0.288189512310606,-0.153253728693182,-0.242905125473485,0.0694161694622256,0.049737651520489,0.0829228126162327
"Passive",0.000878979297365925,0.00971412324430696,0.0123510611364047,2.53322237945202,0.252493372048984,0.0836970647194009,0.62008,0.32381,0.05611,0.180479163528036,0.102389489946053,-0.0669389204545455,-0.279644590435606,-1.04674923058712,0.0808583779673598,0.0504791038089192,0.104077862095115,-0.24084266638918,-0.122022126491971,-0.540319101973968,4.8080760881178,3.09802736723211,3.22693433189454,0.28125,-0.13671875,-0.755859375,-0.3828125,-0.44921875,-1.341796875,0.0245915086944101,-0.111618691420117,0.69981770887788,-0.000240916285405892,0.000270009541370191,0.000707659902277129,0.348188920454545,0.142925840435606,0.290889855587121,11,0,0,-0.0650378221403401,-0.258736048024548,0.114800918572776,0.237535569605932,0.494787009931885,0.215698245039629,0.302020762122282,0.241147154762399,2.8524732867066e-18,1.67984344129425e-17,-1.07734390071758e-16,-0.315873579545455,-0.169574159564394,-0.295047644412879,0.0808583779673598,0.0504791038089192,0.104077862095115
"Passive",0.00118349270785088,0.0148904409302401,0.0184409190537928,3.66975831302275,0.504986744097967,0.0971188871817303,0.76846,0.18086,0.05068,0.195099017070564,0.128802293727483,-0.045602509469697,-0.206091678503788,-1.04730409564394,0.0661387937150192,0.0635754448017822,0.124823921700816,-0.474076118261197,-0.116409085858155,0.0602247596527851,4.36304738704427,3.5243362558016,3.7961714406115,0.119140625,0,-0.640625,-0.333984375,-0.435546875,-1.443359375,0.041464117500485,0.0912115185269742,0.801686263111047,-1.81352781437301e-05,-0.000205390272918039,-0.000257432547006763,0.164743134469697,0.206091678503788,0.406679095643939,28,0,0,-0.0433743148216497,-0.190368135989652,0.0655203877196769,0.309360814928923,0.395748193924386,0.221909332481281,0.240388878258352,0.272708232092474,-3.50630571899171e-18,-5.90479501363507e-18,5.38583653590953e-17,-0.288381865530303,-0.229455196496212,-0.396055279356061,0.0661387937150192,0.0635754448017822,0.124823921700816
"Passive",0.00385397214932099,0.0617172814174709,0.0732791978654339,11.9550137315204,0.378740058073476,0.17525692613914,0.79228,0.13012,0.07759,0.308302305727732,0.28023616474861,-0.0783321496212121,-0.219097715435606,-1.09855883049242,0.108638976440253,0.101888210194168,0.265155514597824,0.559244727330761,0.299538075264328,2.07876695858848,8.32000159020208,10.9050600320437,10.3284308869595,0.4453125,0.35546875,0.166015625,-0.572265625,-0.77734375,-1.986328125,-0.0561546781939892,0.176902231455942,0.470598051161109,-1.32922404600564e-05,9.68543846076072e-06,0.000345395715666964,0.523644649621212,0.574566465435606,1.26457445549242,36,4,4,-0.0799987875937703,-0.197149777947238,0.0638336111170113,0.134440319365706,0.29994362510827,0.208980726730373,0.24336796492017,0.242651131087367,7.24811226498518e-18,-1.01000096334568e-17,6.727547633118e-17,-0.493933475378788,-0.558246034564394,-0.887769294507576,0.108638976440253,0.101888210194168,0.265155514597824
"Passive",0.00113536571978893,0.0118825144811213,0.0152886116404881,2.96707039239214,0.631233430122459,0.0951237127981223,0.65251,0.28018,0.06731,0.199281970988292,0.11272687643824,-0.154060132575758,-0.255430279356061,-1.03130918560606,0.0814882253166665,0.0587096418029174,0.115513641581571,-0.039755758264751,-0.0885220166351156,0.0486771384899064,4.59010965385155,2.80153201548859,3.07874426218941,0.18359375,-0.11328125,-0.6875,-0.439453125,-0.435546875,-1.35546875,0.14354637435142,0.0785183681934798,0.685856359986291,-0.000133513453912828,-7.7533186399833e-05,-5.74273192775012e-05,0.337653882575758,0.142149029356061,0.343809185606061,32,0,0,-0.14862508169438,-0.23786260945105,0.120261531068669,0.244580081771388,0.378443528665347,0.207838366279699,0.264636654029797,0.293959355269006,-6.73347558036553e-18,1.6679875467992e-18,-5.38495292653956e-17,-0.285392992424242,-0.180116595643939,-0.324159564393939,0.0814882253166665,0.0587096418029174,0.115513641581571
"Passive",0.00137764543004953,0.0193070068785925,0.023439943168741,4.54642624057988,0.504986744097967,0.104782711404041,0.71382,0.22551,0.06067,0.229296583555728,0.148526382968449,-0.056588837594697,-0.283757990056818,-1.04006125710227,0.085688594967321,0.0762746977171043,0.140274699242047,-0.4145711519639,0.290428150793993,-0.0349207215854931,4.34043575692675,3.9163602085826,3.7892644987411,0.169921875,0.00390625,-0.662109375,-0.376953125,-0.548828125,-1.560546875,0.0995587267088973,-0.00126634338608991,0.760573409132489,0.0001781281233899,9.67441997681454e-05,0.000284426558861991,0.226510712594697,0.287664240056818,0.377951882102273,8,0,0,-0.055092818788312,-0.261675550427147,0.0583162480242375,0.263704429545672,0.334050016205077,0.232166465651905,0.305155851284613,0.359050319638574,-4.13287909097428e-18,-5.05529797053421e-18,-2.01759141209563e-17,-0.320364287405303,-0.265070134943182,-0.520485617897727,0.085688594967321,0.0762746977171043,0.140274699242047
"Passive",0.0025670697374996,0.127093402252437,0.134794611464936,17.3450355644363,0.252493372048984,0.143034149446737,0.45581,0.29885,0.24534,0.60844596533517,0.517443979592523,-0.0768303148674242,-0.222463896780303,-1.04171105587121,0.282698658213393,0.315930548540782,0.340576556147274,0.254367646887735,-0.737256367963061,1.01354006869482,9.63541596337673,14.9725250138872,4.86966624985922,1.40234375,1.421875,0.171875,-1.23046875,-2.19921875,-1.841796875,-0.0405779012545193,0.0873631250974387,0.234411882818605,-0.000565392804239576,-0.00108199983776715,-0.000303031237159962,1.47917406486742,1.6443388967803,1.21358605587121,86,14,13,-0.0624022713777062,-0.190175916889446,0.0520922685125108,0.0759550722266202,0.17243079846497,0.211414835839254,0.240072140174296,0.263016304425121,2.01234494135567e-18,4.6926651984491e-18,3.35386802291751e-17,-1.15363843513258,-1.9767548532197,-0.800085819128788,0.282698658213393,0.315930548540782,0.340576556147274
"Passive",0.00765083497156573,0.0542230516523453,0.0771755565670424,17.3309521735508,0.504986744097967,0.246930833004992,0.83948,0.10959,0.05092,0.36450133660827,0.240185117522287,-0.0901248816287879,-0.235151811079545,-0.959657611268939,0.107743260213028,0.0998833529794846,0.265229680526915,0.853047635869439,-0.402075364709199,-0.0893888846956114,5.94148710572107,3.11475715347799,3.3365049667536,0.44921875,0.05078125,-0.10546875,-0.373046875,-0.55859375,-1.662109375,0.184057615523102,0.361826645175977,0.693387016017384,5.74566169804799e-05,7.63262484184337e-05,-0.000753281521067443,0.539343631628788,0.285933061079545,0.854188861268939,35,0,0,-0.0868985503711209,-0.236148176002637,0.183810348302368,0.379275356977932,0.578824817941233,0.2234817363585,0.270002527534607,0.2593320760281,-6.73342424503539e-18,-1.30534450764805e-17,5.38723221519762e-17,-0.282921993371212,-0.323441938920455,-0.702451763731061,0.107743260213028,0.0998833529794846,0.265229680526915
"Passive",0.000367447783575795,0.00613533844387641,0.0072376817946038,1.44094263928803,0.757480116146951,0.0541151317774048,0.58776,0.32773,0.08451,0.142793905855429,0.0889507522292577,-0.0963541666666667,-0.213541666666667,-0.995198567708333,0.0635992544914644,0.046392382610034,0.0782104991311165,0.627412862077495,-0.224987363517513,-0.0144483581021861,6.44409684548303,3.00727169214705,4.28143452552005,0.240234375,-0.09765625,-0.712890625,-0.2890625,-0.369140625,-1.25,-0.0309031701416067,0.0754640886502239,0.647690425056818,1.88320539493507e-05,-4.15645238343693e-05,-0.000180182784037919,0.336588541666667,0.115885416666667,0.282307942708333,24,0,0,-0.0962537435587761,-0.208707604264915,0.060665163768847,0.129709898147607,0.235151269345679,0.239346240375579,0.344166880439756,0.393761612320996,5.46130909658477e-18,-9.24808539177793e-18,3.69927779174179e-17,-0.192708333333333,-0.155598958333333,-0.254801432291667,0.0635992544914644,0.046392382610034,0.0782104991311165
"Passive",0.00963028632942801,0.187436082467091,0.216326941455375,39.8200960885368,3.53490720868577,0.277038740570622,0.77178,0.14595,0.08227,0.577877776791351,0.483760107824288,-0.140469637784091,-0.283987334280303,-1.10145892518939,0.213103440715841,0.17888323011191,0.450426508553819,-0.240307593374763,-0.939401910480708,0.473649585362762,7.45462381399922,5.75507322377652,4.02913047305701,0.66015625,0.2109375,0.41796875,-1.173828125,-1.0078125,-2.408203125,0.134391822285782,0.285910334806645,0.496097888111431,3.30981245801509e-05,-0.000726428902474417,-0.00136021719431745,0.800625887784091,0.494924834280303,1.51942767518939,59,8,16,-0.0921585438403883,-0.264565161734059,0.0376845537609394,0.112700568370532,0.190562528482769,0.222559199409488,0.253562751207562,0.386565403721739,7.14341385917154e-18,7.27567933726855e-18,9.41512542250949e-17,-1.03335848721591,-0.723825165719697,-1.30674419981061,0.213103440715841,0.17888323011191,0.450426508553819
"Passive",0.00484525512566964,0.0378168769617303,0.0523526423387392,10.7704040862007,0.252493372048984,0.196507544619687,0.8483,0.11856,0.03314,0.322720278064738,0.19024449026307,-0.0652743252840909,-0.277795040246212,-0.916910807291667,0.0849539871556029,0.112149412159845,0.204743119829923,-0.15504973065706,0.0701233780204077,0.675837819487304,3.91659819291975,3.16950990546146,3.32432139625972,0.193359375,0.130859375,-0.291015625,-0.369140625,-0.630859375,-1.365234375,0.105481798776428,0.0172934138317208,0.886533759924972,-2.2869404801114e-05,0.000172185784937944,0.000654166118077793,0.258633700284091,0.408654415246212,0.625895182291667,24,0,0,-0.0742686712056427,-0.281019513609971,0.0326256895199315,0.404145895636576,0.480779746396291,0.235999178394433,0.221123581066749,0.258446773390571,2.83745770264163e-18,-2.18940530768409e-17,-3.69541480814901e-17,-0.303866299715909,-0.353064334753788,-0.448323567708333,0.0849539871556029,0.112149412159845,0.204743119829923
"Passive",0.00116290951493556,0.0121028959699664,0.0155916245147731,3.09799794686034,0.252493372048984,0.0962706416162981,0.73682,0.21345,0.04973,0.183624631883465,0.122049038699081,-0.0854418205492424,-0.238421815814394,-1.02493193655303,0.0677792505709055,0.0607633646799667,0.113465314399861,-0.459447905739318,-0.326858193777742,-0.875445506046295,3.91705529285758,3.37113833625689,4.39219553919792,0.130859375,-0.095703125,-0.7890625,-0.31640625,-0.431640625,-1.431640625,0.124889750472521,0.104583636170927,0.809493815323917,0.000101713344955944,-1.41972847194593e-05,0.000280204505100144,0.216301195549242,0.142718690814394,0.23586943655303,14,0,0,-0.0832644326558001,-0.224783629192217,0.0609710299030682,0.335078051151736,0.417107769675825,0.226166441326217,0.249637703116347,0.275823260650255,6.73452795463333e-18,1.09368621430534e-17,-2.69328114456967e-17,-0.230964429450758,-0.193218809185606,-0.40670868844697,0.0677792505709055,0.0607633646799667,0.113465314399861
"Passive",0.00352591155001965,0.0976769378198743,0.108254672469933,18.8949344658815,3.28241383663679,0.167631878220138,0.82467,0.12456,0.05077,0.272128298700786,0.414963424605065,0.145456025094697,-0.0181033972537879,-0.963415897253788,0.0900043876163407,0.126086364202413,0.327523931284973,-0.736969894082757,-2.03241450861937,0.155901889489307,6.22751474100104,11.9424677086351,10.0333906659649,0.466796875,0.390625,0.23828125,-0.234375,-0.73828125,-2.3359375,0.172682826045586,-0.317748223012656,0.0804494883212475,-0.000327528575196146,-0.000402418599262044,0.00032777824257805,0.321340849905303,0.408728397253788,1.20169714725379,20,8,7,0.14208594638749,-0.0383129440701432,0.140573118884526,0.169109957765937,0.0556475576075464,0.195662037355518,0.24990222632029,0.473265265375707,8.37638581839298e-18,9.89539823713569e-19,-3.36583172160585e-17,-0.379831025094697,-0.720177852746212,-1.37252160274621,0.0900043876163407,0.126086364202413,0.327523931284973
"Passive",0.0015156917917375,0.0260472639208046,0.0305943392960171,5.8434081462356,0.252493372048984,0.109907253080062,0.79595,0.14267,0.06139,0.237498610035009,0.155582444976018,-0.0428207859848485,-0.226695667613636,-0.976015033143939,0.0769417966413533,0.0695989190002204,0.166354106616328,0.0751624697226276,0.209152755541446,0.682067885011201,9.5708157686664,3.5170804000467,3.93594360439681,0.3046875,0.033203125,-0.29296875,-0.482421875,-0.392578125,-1.275390625,0.121759177444655,0.267182987267546,0.677520897785223,4.69476583033869e-05,-0.000132910940282008,-8.4644885344587e-05,0.347508285984849,0.259898792613636,0.683046283143939,6,0,2,-0.0407493292080537,-0.226601053660606,0.0552314860155358,0.330993586384965,0.44492184711222,0.222253888124321,0.240228323641486,0.29059660074621,1.37388744044648e-18,-1.00866223418946e-17,5.38739648825406e-17,-0.439601089015151,-0.165882457386364,-0.299375591856061,0.0769417966413533,0.0695989190002204,0.166354106616328
"Passive",0.00471024679879633,0.050830576674287,0.064961317070676,11.3105978236158,0.252493372048984,0.193750457132085,0.74009,0.17761,0.08229,0.314529348886593,0.285169181952918,-0.0775479403409091,-0.200291489109848,-1.00365471117424,0.140285813827969,0.100824998276976,0.240683538563615,-1.43473554003226,-0.92302514227817,1.02563389263762,18.8789270599523,17.2653040970819,6.37214702533036,0.611328125,0.302734375,0.046875,-1.0859375,-0.927734375,-1.546875,0.42715876607625,0.452557063514776,0.330739033337154,-0.000249988382823863,-0.00022946534188738,-0.000266508465864253,0.688876065340909,0.503025864109849,1.05052971117424,28,2,4,-0.0550341148076584,-0.202537319141168,0.0616625648233215,0.12785528395274,0.427530813105895,0.240520428812436,0.20740738084929,0.21290160121802,-3.6740695778782e-18,-3.31909860381598e-18,6.59392048538911e-18,-1.00838955965909,-0.727442885890151,-0.543220288825758,0.140285813827969,0.100824998276976,0.240683538563615
"Passive",0.010197685548872,0.0810704029278641,0.11166345957448,20.9922894818257,0.504986744097967,0.285083257342075,0.83927,0.09539,0.06535,0.400780487761134,0.308064307560094,-0.0709191524621212,-0.212757457386364,-1.04930160984848,0.113166501826185,0.11512555762604,0.327090767176558,0.0181979852862956,-0.0827150284050743,1.10698235898113,4.03337791438928,4.35516883471313,5.04503058848571,0.341796875,0.25390625,0,-0.447265625,-0.587890625,-1.685546875,0.0812052240256561,0.0954794125334098,0.560817946887861,-9.87116042138148e-05,6.99043193068499e-05,0.000702599679447461,0.412716027462121,0.466663707386364,1.04930160984848,43,10,8,-0.0737328891519331,-0.208180076093541,0.0495397315342902,0.303425195174526,0.402892423727228,0.211028276469223,0.21649575647129,0.23016695863472,3.3647228784749e-18,1.00665502278112e-17,1.33488285660867e-17,-0.376346472537879,-0.375133167613636,-0.636245265151515,0.113166501826185,0.11512555762604,0.327090767176558
"Passive",0.00127097566791669,0.013157709384724,0.0169706363884741,3.13915767692656,0.252493372048984,0.100644378527339,0.72319,0.22982,0.04699,0.203234852071855,0.10694182278589,-0.10256865530303,-0.239842270359848,-1.08576734138258,0.0751430389435925,0.0644744282805146,0.116888642071713,-0.19724459389847,-0.36777696415369,0.192691638267479,4.79541925665556,2.94597895353355,2.36653857086166,0.119140625,-0.095703125,-0.830078125,-0.439453125,-0.447265625,-1.41015625,0.211668139679237,0.164974486557542,0.818831338552523,-2.05682613041238e-05,-0.00024287477315935,-0.000551043298845946,0.22170928030303,0.144139145359848,0.255689216382576,18,0,0,-0.0935820383062768,-0.21307092329895,0.0429374840884281,0.317022712694928,0.539206793401377,0.221869332319221,0.207430358561873,0.195403721234903,7.32619330212299e-19,-4.22013631837401e-18,-6.72897603867905e-17,-0.33688446969697,-0.207423354640152,-0.324388908617424,0.0751430389435925,0.0644744282805146,0.116888642071713
"Passive",0.00172765471246977,0.038869867336248,0.0440528314736573,6.96409964056946,0.504986744097967,0.117340890258482,0.72013,0.19688,0.08299,0.281865956260044,0.226197171067099,-0.0622410629734848,-0.214636600378788,-1.11803089488636,0.112898297748126,0.0891352149965374,0.201202002475829,1.07396225794005,0.175166741342932,1.07914288809224,7.93500286963936,5.11704518922967,10.3713570189401,0.5390625,0.1640625,-0.02734375,-0.41015625,-0.51953125,-2.03125,0.0214202268756714,0.243486837935257,0.537448323061392,0.000177060667950942,0.000287350597000567,0.000254375395391609,0.601303562973485,0.378699100378788,1.09068714488636,28,2,2,-0.0518912636664184,-0.186870074610313,0.0983737779468905,0.2449468338423,0.281757123636734,0.222912915313684,0.225374000354192,0.21693126781692,1.87895590132602e-18,-6.5296999873882e-18,-1.00917456078423e-16,-0.347915187026515,-0.304894649621212,-0.913219105113636,0.112898297748126,0.0891352149965374,0.201202002475829
"Passive",0.00785199698760797,0.0383137944360769,0.0618697853989008,14.7376558452929,0.378740058073476,0.250156024509123,0.88442,0.0949,0.02068,0.331536635441776,0.195038232178103,-0.103878136837121,-0.278327710700758,-1.05684037642045,0.0856856403765376,0.0868716842179394,0.234662848485868,0.0804561131136986,-0.423084304026151,-0.743066186382166,3.72075137291164,2.54304176078756,2.53424126405761,0.18359375,-0.1015625,-0.7109375,-0.345703125,-0.509765625,-1.640625,0.342903769279879,0.294565107743632,0.882742364137055,4.4347168710746e-05,0.00021241153112751,0.000253032159400701,0.287471886837121,0.176765210700758,0.345902876420455,12,0,0,-0.0968911645327616,-0.252472796402202,0.118752793850999,0.534556398514845,0.681104868938842,0.221548221379695,0.234980737135969,0.235831734157817,3.36757198929748e-18,-6.71622690943962e-18,4.03146101275636e-17,-0.241824988162879,-0.231437914299242,-0.583784623579545,0.0856856403765376,0.0868716842179394,0.234662848485868
"Passive",0.000526871058104605,0.0111576571535609,0.0127382703278747,2.16441083542662,0.757480116146951,0.0647997119993392,0.64464,0.31953,0.03583,0.176196165759154,0.118947388756677,-0.0939497514204545,-0.242180101799242,-1.05478367660985,0.0785774607515117,0.0561886317631864,0.102121390278735,-0.380762636730439,-0.35506868067675,0.328775666018651,5.25291023348196,4.10597115298411,3.94044906170215,0.19140625,-0.060546875,-0.72265625,-0.427734375,-0.451171875,-1.328125,0.189534948865337,-0.0362111865420386,0.819392425367867,-6.21939281707967e-06,-0.000231814253378356,-0.000388346785140125,0.285356001420455,0.181633226799242,0.332127426609848,6,0,0,-0.0894801747370963,-0.221874116335779,0.0317883757104425,0.183294485032808,0.215482717828442,0.234987353799274,0.267380800664055,0.311782378058297,-2.62980629223899e-18,6.73368092168607e-18,-8.74536363728298e-17,-0.333784623579545,-0.208991773200758,-0.273341323390152,0.0785774607515117,0.0561886317631864,0.102121390278735
"Passive",0.00232711340793304,0.0252278710263192,0.0322092112501183,6.42941714972872,0.883726802171443,0.136185126483567,0.70113,0.22179,0.07708,0.273990291318727,0.161677450002714,0.0406531131628788,-0.0493312026515152,-1.09116062973485,0.102532000544931,0.0824614225889358,0.169193600266213,-0.0867616478444367,-0.703374015113842,-0.301510488723506,4.04114248800763,4.23783817107413,2.67626142241605,0.38671875,0.216796875,-0.71484375,-0.2734375,-0.3203125,-1.55859375,-0.00734174687528923,-0.201319133445281,0.627203926013524,0.000130427641501282,7.70083753725647e-05,0.000232450523058261,0.346065636837121,0.266128077651515,0.376316879734848,56,0,0,0.035075990551717,-0.0389846880760884,0.0424366411642919,0.101048050770967,0.212688765323973,0.235257556121675,0.319270458244527,0.391439830395767,3.36571108358003e-18,-1.21390088407569e-18,-8.74726047773153e-17,-0.314090613162879,-0.270981297348485,-0.467433120265152,0.102532000544931,0.0824614225889358,0.169193600266213
"Passive",0.00350515,0.007258843,0.01777429,4.116589,0.3787401,0.1671376,0.78455,0.17815,0.0373,0.1968977,0.08722802,0.09271425,-0.1058978,-1.120228,0.06536493,0.04332061,0.128476,-0.217246,-0.4572134,0.06168675,3.872853,3.414997,2.003551,0.3164062,0.0078125,-0.8515625,-0.109375,-0.2695312,-1.380859,-0.2470729,-0.2071009,0.7150164,0.0001871232,-5.620191e-05,1.064844e-05,0.223692,0.1137103,0.2686657,6,0,0,0.08204759,-0.09180181,0.1243858,0.3127289,0.6344686,0.2110615,0.239037,0.2257957,1.646837e-18,-1.676201e-18,-1.009565e-16,-0.2020893,-0.1636334,-0.2606312,0.06536493,0.04332061,0.128476
"Passive",0.00066456548412092,0.00825025393957661,0.0102439503919394,2.05610072506391,0.252493372048984,0.0727762703424935,0.73641,0.16477,0.09881,0.155363897318354,0.0833227556297271,-0.0293264678030303,-0.258145419034091,-1.01839192708333,0.048319736249606,0.0563366523708762,0.0916622464516044,0.112808416150121,-0.217116039765409,-0.127746922185145,3.88205400297426,3.28177537231824,2.41139948919734,0.130859375,-0.103515625,-0.80859375,-0.173828125,-0.46484375,-1.25390625,0.109317115458403,0.115337466841387,0.688277809063756,-5.66910552635183e-05,-8.45015813626255e-05,0.000133249774586021,0.16018584280303,0.154629794034091,0.209798177083333,0,0,0,-0.0284478741583163,-0.246144224270006,0.050941656919739,0.170075534230417,0.379534023768661,0.219503050337265,0.376767771825158,0.323524932293296,8.33891102739325e-19,-2.52233385352308e-17,-7.4040125290771e-17,-0.14450165719697,-0.206698330965909,-0.235514322916667,0.048319736249606,0.0563366523708762,0.0916622464516044
"Passive",0.00451078757534667,0.0180496313621498,0.0315819940881898,6.96871954674614,0.378740058073476,0.189603823986193,0.83645,0.13242,0.03113,0.25176290156537,0.142298972053052,-0.126605409564394,-0.232658617424242,-1.01426373106061,0.078301050060462,0.0729986317234908,0.162164068196837,0.518682093322722,0.163023121363158,0.433715843599714,4.65228281025398,2.68806850567388,2.49057035157341,0.197265625,-0.03515625,-0.59765625,-0.369140625,-0.427734375,-1.330078125,0.349811546264523,0.392201591518988,0.862882254583117,-0.000282661053804238,-0.000353523917523756,-0.000933027387187031,0.323871034564394,0.197502367424242,0.416607481060606,37,0,0,-0.121402736328562,-0.218646581806309,0.125194818538818,0.461039460689099,0.607337790547282,0.212804218630091,0.252832777959347,0.24970651175959,1.07485914240064e-17,6.73506697559976e-18,-9.4170453638566e-17,-0.242535215435606,-0.195075757575758,-0.315814393939394,0.078301050060462,0.0729986317234908,0.162164068196837
"Passive",0.00260581169602561,0.0108486792161308,0.0186661143042076,3.56192404787391,0.378740058073476,0.144109436115114,0.72706,0.23549,0.03746,0.216656981749311,0.117940621190624,-0.0666281960227273,-0.223292495265152,-1.09901012073864,0.0869314868396412,0.0628819832071422,0.119005727108714,-0.0653209944166668,-0.300459922735727,-0.489557116561783,3.72573150287778,3.23122483406309,2.5059790782532,0.1640625,-0.02734375,-0.859375,-0.369140625,-0.419921875,-1.423828125,0.380695648753264,0.345899547392661,0.836185913671724,5.4228774400146e-05,0.000168488542203366,0.00070556193198123,0.230690696022727,0.195948745265152,0.239635120738636,14,0,0,-0.0581023216240633,-0.196630452266152,0.0864556306623319,0.320829286395546,0.551660604938542,0.21722757763174,0.224221762029819,0.187161858445332,8.26165135553763e-18,4.20515923580665e-18,1.00893585149909e-16,-0.302512428977273,-0.196629379734848,-0.324818004261364,0.0869314868396412,0.0628819832071422,0.119005727108714
"Passive",0.00396710042636747,0.0379967970274552,0.0498980983065576,9.48158693682637,0.252493372048984,0.177810540313291,0.77158,0.17183,0.05659,0.302464396719324,0.199127352720799,-0.153061375473485,-0.189194187973485,-1.09522224195076,0.116383400566535,0.0764921865709013,0.212776746718306,0.226763196635612,0.417999887320331,1.16593025363256,3.99304390637888,3.59960338251695,6.98288120380401,0.294921875,0.08203125,-0.126953125,-0.49609375,-0.3515625,-1.544921875,0.316186347917256,0.369022654553411,0.577015782260833,-0.000189833192636422,2.9806591341168e-05,-0.000640538864753244,0.447983250473485,0.271225437973485,0.968269116950758,96,0,2,-0.132140021904182,-0.171462030874033,0.0661329586075309,0.279366879774434,0.389891500010826,0.217909819200593,0.242600679912632,0.305918842720197,1.34671565020516e-17,1.34678238613434e-17,-6.61199052159721e-18,-0.343032374526515,-0.162368312026515,-0.449699633049242,0.116383400566535,0.0764921865709013,0.212776746718306
"Passive",0.00286741535155328,0.0160785495981182,0.024680795652778,5.42246209891447,0.378740058073476,0.151170206846907,0.75275,0.20515,0.0421,0.230782444921516,0.138520870309071,-0.0757797703598485,-0.269708806818182,-1.04372336647727,0.0820480777407273,0.0629700156632208,0.148628536243478,-0.111633385188719,-0.141286609731979,-0.296357665271331,5.48892918967523,3.2790978872744,2.57086876671114,0.275390625,-0.111328125,-0.712890625,-0.43359375,-0.45703125,-1.4296875,0.196311564849118,0.0777407870312205,0.768295312292805,-9.37087029769319e-05,-0.000161534796092063,-0.000358270145406284,0.351170395359849,0.158380681818182,0.330832741477273,8,0,0,-0.0727600057195158,-0.249822238813977,0.021194164406095,0.287281853382701,0.541630213386149,0.255164193764763,0.264476439463084,0.282939389144178,-3.98641939409449e-18,5.04539025181784e-18,-2.01873362319117e-17,-0.357813979640151,-0.187322443181818,-0.385964133522727,0.0820480777407273,0.0629700156632208,0.148628536243478
"Passive",0.00352506575467987,0.030390762500804,0.0409659597648436,9.12211234913853,0.252493372048984,0.167611771254452,0.84343,0.13381,0.02276,0.291674289055326,0.154516101704781,-0.129083806818182,-0.27908232717803,-0.9970703125,0.0832618470933612,0.0928009549627353,0.181730158095158,0.282614612564437,0.041979983695091,0.12897810568183,3.46456337114745,2.26596690456265,2.1004211935158,0.150390625,-0.072265625,-0.62109375,-0.353515625,-0.49609375,-1.33984375,0.156071789871676,0.271658605917577,0.910944643013638,8.83414911725764e-05,0.000682797616766887,0.00148137848189188,0.279474431818182,0.20681670217803,0.3759765625,36,0,0,-0.127943600469182,-0.263180506890272,0.084664103431947,0.571358211186925,0.694443193247048,0.224262638580655,0.192071610954559,0.187796184800152,5.03777337220882e-18,-2.693687977061e-17,0,-0.224431818181818,-0.21701142282197,-0.3427734375,0.0832618470933612,0.0928009549627353,0.181730158095158
"Passive",0.000995859703291488,0.0098085014326483,0.0127960805425228,2.60430148371238,0.378740058073476,0.0890881589189354,0.69041,0.25757,0.05202,0.171088829075557,0.113262656193763,-0.101540305397727,-0.20871064157197,-1.08133581912879,0.0698082766391256,0.0584740408161475,0.101200860082428,0.225175679598808,-0.150694624711127,-0.116815801247325,4.43424503218564,3.93235560434668,3.63811191288282,0.150390625,-0.0390625,-0.822265625,-0.369140625,-0.396484375,-1.388671875,0.193437687223075,0.106225960718729,0.799393944963607,-1.82798559388636e-05,-9.49990757211617e-05,-0.000122312814682806,0.251930930397727,0.16964814157197,0.259070194128788,44,0,0,-0.0935067790978196,-0.186918015712164,0.0540447068539352,0.305851348622063,0.531821584590817,0.210163220928837,0.32944701740666,0.246198572857663,7.3029383975711e-18,-8.34507126700964e-19,-3.3620534413078e-17,-0.267600319602273,-0.18777373342803,-0.307336055871212,0.0698082766391256,0.0584740408161475,0.101200860082428
"Passive",0.0003290769,0.005577652,0.006564883,1.244499,0.6312334,0.05121175,0.52474,0.36217,0.11308,0.1511111,0.07550793,0.1024133,-0.17533,-1.082475,0.06799343,0.04525417,0.07641725,0.03671041,-0.00830275,0.5602509,3.386122,2.489026,3.581723,0.3183594,-0.0703125,-0.7871094,-0.1210938,-0.296875,-1.242188,-0.08045453,-0.07051147,0.4825773,7.534796e-05,-2.976328e-05,-0.000176283,0.2159461,0.1050175,0.2953658,4,0,0,0.0941197,-0.1586969,0.045199,0.1963505,0.2736844,0.2323362,0.3198251,0.2861362,-3.367354e-18,-5.89096e-18,4.039382e-17,-0.223507,-0.121545,-0.1597124,0.06799343,0.04525417,0.07641725
"Passive",0.00135628780309027,0.0130196564052233,0.0170885198144941,3.45635725867735,0.631233430122459,0.103967315990774,0.69583,0.26465,0.03952,0.199548250168589,0.137730676917383,-0.076416015625,-0.27371123342803,-1.00559303977273,0.081181384131207,0.0663190222648204,0.116489517913732,0.561871352448807,0.0104898977752804,0.830331663620045,6.82104266147401,2.81030167840699,3.90820149704037,0.33203125,-0.1171875,-0.62109375,-0.345703125,-0.4609375,-1.326171875,-0.0453860797332998,-0.111122605782963,0.848589526686097,-5.53280751684289e-06,0.000226498631007507,0.000527505142129017,0.408447265625,0.15652373342803,0.384499289772727,8,0,0,-0.0776951562026869,-0.260918000239953,0.0266695699611907,0.202424125145397,0.343716574822429,0.24950946880945,0.413187377419912,0.379081180002105,0,-2.69361610759881e-17,2.01385420006169e-17,-0.269287109375,-0.18722626657197,-0.320578835227273,0.081181384131207,0.0663190222648204,0.116489517913732
"Passive",0.0006460525961114,0.0112358264292764,0.0131739842176106,2.3766317350076,0.504986744097967,0.0717554417273971,0.68719,0.23296,0.07985,0.177399270133867,0.106694876775376,-0.0929583925189394,-0.245753432765152,-1.0324189157197,0.0687299663023067,0.0609588308830452,0.103591012596034,0.245241324466334,-0.081280010518402,-0.413954245788292,5.71651209621099,3.18721705798554,3.79490457347742,0.265625,-0.0625,-0.75390625,-0.3125,-0.435546875,-1.333984375,0.178984368391469,0.181010393863819,0.709241475030773,-8.38366508863294e-05,-0.000309456350804479,-4.44815560005074e-06,0.358583392518939,0.183253432765152,0.278512665719697,14,0,0,-0.0891515329701593,-0.230262063709197,0.0505741185776939,0.280457862957269,0.287540552307715,0.243865237322932,0.230957476804186,0.33722074302619,-1.67702256490324e-18,4.24263402680638e-18,4.71091362492941e-17,-0.219541607481061,-0.189793442234848,-0.301565459280303,0.0687299663023067,0.0609588308830452,0.103591012596034
"Passive",0.00699423771831076,0.0572017942973833,0.0781845074523155,15.3114380537453,0.252493372048984,0.236097342528376,0.71508,0.23093,0.05399,0.415234834585199,0.263787457460586,-0.0841175426136364,-0.266424005681818,-1.16371478456439,0.159101898076047,0.12304539079651,0.26245708933528,0.206787947625241,-0.552849397560055,0.792680372386523,5.92041089462571,3.38986029898576,5.90232792032682,0.630859375,0.025390625,-0.01953125,-0.724609375,-0.666015625,-1.763671875,0.073246524159982,0.0426560228580882,0.745674427907177,-0.000257459297083396,-0.000194153330012588,-0.000246568831360994,0.714976917613636,0.291814630681818,1.14418353456439,46,2,2,-0.0640087248060737,-0.218727809543659,0.0347592347583924,0.285102559222134,0.518729869133232,0.225364752475304,0.278190277878656,0.21197985619475,-7.03653370182709e-19,-5.02590849403099e-18,9.41421165363306e-17,-0.640491832386364,-0.399591619318182,-0.599957090435606,0.159101898076047,0.12304539079651,0.26245708933528
"Passive",0.0013811404709196,0.00875567092708491,0.0128990923398437,2.64529590416815,0.504986744097967,0.104915542346279,0.75508,0.20281,0.04211,0.17888703709682,0.088055587352767,-0.0862186316287879,-0.285844282670455,-1.11465731534091,0.0593814061231762,0.0598591767757104,0.099868955038337,-0.0412390067443648,-0.292981476898589,0.164621184486735,4.28262149517438,2.6119925127197,2.09533702504154,0.13671875,-0.171875,-0.8828125,-0.298828125,-0.451171875,-1.314453125,0.161646972066313,0.107748425964716,0.858527633219904,-2.20191345081492e-05,-9.31762490706257e-05,-5.7201854345883e-05,0.222937381628788,0.113969282670455,0.231844815340909,0,0,0,-0.0771094049193653,-0.247729363567524,0.0664381022952895,0.420159847852589,0.497159093170111,0.215859777473274,0.268046230629114,0.272063450897795,-5.88744688050702e-18,-1.5128470455933e-17,8.07679283171564e-17,-0.212609493371212,-0.165327592329545,-0.199795809659091,0.0593814061231762,0.0598591767757104,0.099868955038337
"Passive",0.0042672592479136,0.024240286647471,0.0370420643912118,8.21134870936327,0.378740058073476,0.184414649898018,0.85181,0.11389,0.03431,0.265348576317149,0.158635621774418,-0.0934688683712121,-0.234197443181818,-1.0983368844697,0.0742318944483045,0.0820043532713939,0.176780713221396,0.056830943575829,-0.786756095200524,-0.350952169861243,4.563818041046,3.18326702073311,2.3520119376265,0.216796875,-0.0859375,-0.689453125,-0.3984375,-0.482421875,-1.478515625,0.287386100674138,0.292165575614376,0.860340903845491,-9.9288641581175e-05,-0.000224555429012124,-0.000167843992737838,0.310265743371212,0.148259943181818,0.408883759469697,20,0,0,-0.0834362195123288,-0.204185225148196,0.109523456184621,0.409625947829413,0.507675091827622,0.205186326365881,0.262866014448869,0.28187984673228,6.11044434616239e-18,-5.04292615597128e-18,4.70598158308654e-17,-0.304968631628788,-0.248224431818182,-0.380178740530303,0.0742318944483045,0.0820043532713939,0.176780713221396
"Passive",0.001432195,0.00665751,0.0109541,2.377769,0.2524934,0.1068371,0.65225,0.25201,0.09574,0.1671973,0.08298844,0.09307676,-0.07896839,-1.066969,0.0740385,0.04015428,0.09849024,-0.08879257,0.02782545,-0.219522,4.828848,2.848424,2.354631,0.3769531,0.0390625,-0.8671875,-0.1484375,-0.1816406,-1.285156,0.04034153,-0.3591358,-0.00291139,0.0002657219,0.0001890109,-0.0006533553,0.2838764,0.1180309,0.199781,12,0,0,0.08503156,-0.07408773,0.1559412,0.2654444,0.6096958,0.2050151,0.2516509,0.1701501,-1.648878e-18,-3.787906e-18,-6.725986e-17,-0.2415143,-0.1026722,-0.2181877,0.0740385,0.04015428,0.09849024
"Passive",0.00449332676698499,0.0871282856814116,0.100608265982367,17.8971140115285,0.504986744097967,0.189236499435755,0.85132,0.08589,0.06279,0.34015088742539,0.30396268189351,-0.0909756747159091,-0.160555752840909,-0.913011955492424,0.0936257067735673,0.103389858269288,0.314204004870233,0.308042177424714,1.75277238551285,1.71417759546508,5.89112299700869,10.0656399668838,6.13567137164806,0.31640625,0.42578125,0.205078125,-0.4609375,-0.494140625,-1.76171875,0.178355553246255,0.337135556517233,0.257432267962371,6.1297800603604e-05,0.000458447908582199,0.00125863186758539,0.407381924715909,0.586337002840909,1.11809008049242,67,11,12,-0.114481181603564,-0.196971856008365,0.0461358894242895,0.16615062502574,0.198017960714481,0.224733912172898,0.215736075582513,0.307047444915949,-3.2643623080578e-18,-3.72653428527783e-18,-4.24515459151609e-17,-0.369961825284091,-0.333584872159091,-0.848706794507576,0.0936257067735673,0.103389858269288,0.314204004870233
"Passive",0.00353286428667299,0.029075905391937,0.0396744982519559,8.06507898340176,0.757480116146951,0.167797073275574,0.73394,0.20975,0.05631,0.276956969822515,0.201671333355585,-0.132080078125,-0.311471650094697,-0.958666252367424,0.108643705628081,0.0910737369604537,0.184279641242979,0.508101020647653,-0.0785887127968264,1.02141561627831,5.55165180821744,3.23306563853647,6.49965668970932,0.302734375,-0.01953125,-0.1796875,-0.54296875,-0.560546875,-1.3828125,0.0801351227209485,0.190374112716042,0.753976162344652,-7.03558860766718e-05,-0.000208706008607308,-0.00068452108598993,0.434814453125,0.291940400094697,0.778978752367424,30,2,2,-0.134294069258055,-0.307649921605406,0.0335214625279964,0.23214586779667,0.35286048183123,0.230754938781693,0.353538692474923,0.366539869810321,0,-8.40754636378591e-18,-4.38138700724941e-17,-0.410888671875,-0.249075224905303,-0.424146247632576,0.108643705628081,0.0910737369604537,0.184279641242979
"Passive",0.0005731613,0.005112752,0.006832235,1.328351,0.3787401,0.0675864,0.60921,0.32985,0.06095,0.1351263,0.07711711,0.08578214,-0.0518022,-0.9848189,0.06244768,0.03400826,0.07847755,-0.2846637,0.2788744,0.4619435,3.836631,3.049401,3.442534,0.2910156,0.05273438,-0.7324219,-0.1269531,-0.1425781,-1.169922,0.006932331,-0.1711656,0.5893408,7.761981e-06,0.0001408175,0.0002680281,0.2052335,0.1045366,0.252397,14,0,0,0.08625341,-0.05083898,0.04318761,0.1794695,0.4279518,0.2373539,0.333043,0.2749694,-2.52154e-18,1.253455e-18,4.0389e-17,-0.2127353,-0.09077592,-0.185103,0.06244768,0.03400826,0.07847755
"Passive",0.0007631919,0.008037255,0.01032683,2.201316,0.5049867,0.0779898,0.63611,0.30244,0.06145,0.1559969,0.106537,0.08144679,-0.07298325,-0.9700521,0.07052521,0.04274086,0.0971273,-0.2158824,-0.1000247,0.1362516,3.343359,4.384684,5.011673,0.2871094,0.07617188,-0.6796875,-0.1191406,-0.2128906,-1.294922,-0.002930575,-0.09494695,0.6334134,-0.0001892421,-6.052205e-05,-0.0001691433,0.2056626,0.1491551,0.2903646,16,0,0,0.08318988,-0.07262,0.1136875,0.1193124,0.3467095,0.2233651,0.3957535,0.392533,-4.193018e-18,-1.606796e-19,3.700675e-17,-0.2005874,-0.1399074,-0.3248698,0.07052521,0.04274086,0.0971273
"Passive",0.00156957603617106,0.0235075861097531,0.0282163142182663,6.16047803367567,0.378740058073476,0.111843843724997,0.81973,0.1454,0.03488,0.211411489271264,0.176045420902365,-0.0896070075757576,-0.201734138257576,-1.03591826467803,0.0728148049559709,0.0688893768189783,0.156121323634316,0.179454489848212,-0.852415203408661,0.359997324617939,6.24896969971264,6.69039741356717,4.34261888029424,0.255859375,0.01953125,-0.5859375,-0.392578125,-0.5390625,-1.501953125,0.248388608762178,0.212207301644755,0.839872944581404,-9.34876963914198e-05,-2.07427737088225e-05,-0.000240812469632294,0.345466382575758,0.221265388257576,0.44998076467803,26,0,0,-0.0854785310028667,-0.186861927024082,0.114149395018793,0.244200530783805,0.452175595531394,0.215387761699435,0.389373622734391,0.373992678115254,-6.73303923005937e-18,-1.17769150896382e-17,-2.69370851119306e-17,-0.302971117424242,-0.337328361742424,-0.46603486032197,0.0728148049559709,0.0688893768189783,0.156121323634316
"Passive",0.0044532432615263,0.0574981375970553,0.0708578673816342,13.8367245123423,0.378740058073476,0.188390549993118,0.67806,0.23902,0.08292,0.391563954979482,0.253156913649374,-0.0464828953598485,-0.11569306344697,-1.03793057528409,0.159451478311276,0.100126017330439,0.262775818693703,-0.373796421447794,-1.35083882613159,-0.353143660639157,6.03160503510003,6.52122133216268,2.96035925641555,0.6015625,0.111328125,-0.2421875,-0.708984375,-0.53125,-1.673828125,0.226373387098658,0.147736778320372,0.27155096424626,0.000147733667269401,-0.000117050692465222,0.0014410591104341,0.648045395359849,0.22702118844697,0.795743075284091,70,2,2,-0.0376479333072653,-0.110747737317503,0.02312928080921,0.0678112003073065,0.394101202107226,0.272561930344652,0.27399472288118,0.261161612875859,1.17601541043486e-18,1.06841655846849e-19,-8.07466754904799e-17,-0.662501479640151,-0.41555693655303,-0.635897549715909,0.159451478311276,0.100126017330439,0.262775818693703
"Passive",0.00198575038378274,0.0163952621176227,0.0223525132689709,4.60916263577308,0.252493372048984,0.125800750459637,0.72739,0.23364,0.03897,0.225109986584596,0.127211008418927,-0.0720658735795455,-0.222878196022727,-1.10756244081439,0.0855974302070396,0.0613708128355602,0.140130363274935,0.515018421629778,-0.170058941699839,-0.0309296250693245,6.38931279491459,2.29056504185226,2.53584671361837,0.349609375,-0.07421875,-0.728515625,-0.3828125,-0.357421875,-1.375,0.106446015367517,0.115097508336129,0.800212052764601,6.7994236453965e-05,9.82224599553899e-05,0.000574501842239562,0.421675248579545,0.148659446022727,0.379046815814394,24,0,0,-0.0648557750235873,-0.195036049955024,0.104091774921107,0.305862544531691,0.509749739414398,0.214140435840751,0.270081890110098,0.251105061090755,2.94895036947816e-18,-7.55597023981452e-18,9.42086471241877e-17,-0.310746626420455,-0.134543678977273,-0.267437559185606,0.0855974302070396,0.0613708128355602,0.140130363274935
"Passive",0.00191625586020209,0.018525035890899,0.0242738034715053,5.09767125715895,0.504986744097967,0.123579846747828,0.64827,0.30316,0.04857,0.23985661838556,0.148077704750828,-0.0861890388257576,-0.201719341856061,-1.11410245028409,0.107912016762504,0.0672459329368265,0.145866653892707,1.54966595016813,-0.301119965837163,0.451349037593475,12.1317994118117,2.88569088444184,3.07217246660439,0.578125,-0.00390625,-0.6875,-0.455078125,-0.384765625,-1.43359375,0.0510621844574471,0.124240755231685,0.737598373511204,7.03170347748957e-05,-9.02878777008917e-05,-6.59612306298875e-05,0.664314038825758,0.197813091856061,0.426602450284091,35,0,0,-0.0764184841883202,-0.174778173904226,0.0470733294228349,0.390060193050613,0.582748516457155,0.232350208459728,0.198408219424823,0.219656519734503,-6.73437394864292e-18,1.64764592223256e-18,-8.07841502814796e-17,-0.368889086174242,-0.183046283143939,-0.319491299715909,0.107912016762504,0.0672459329368265,0.145866653892707
"Passive",0.00201739902934574,0.0197605112149675,0.0258127083030047,5.1165266903233,0.757480116146951,0.126799286002905,0.79403,0.16238,0.04359,0.223066569907168,0.150513135869867,-0.0763050426136364,-0.319772431344697,-1.01447088068182,0.0730249196182743,0.0797233944387407,0.144292095802661,-0.358159355996404,-0.491692828473305,0.139564355341758,4.53501890609248,3.45268805657198,3.30619164849806,0.154296875,-0.115234375,-0.603515625,-0.3515625,-0.5390625,-1.396484375,0.0906977043646405,0.0872367199602997,0.850870017722486,-3.30783804759698e-05,8.76319772352237e-06,0.000168218493810695,0.230601917613636,0.204538056344697,0.410955255681818,8,0,0,-0.074977033606512,-0.300447727694388,0.0275152225187863,0.23306690422008,0.286443479748607,0.230841846356337,0.345262614463571,0.41004680742765,2.51974334442607e-18,-8.40046208822706e-18,-6.05850839266316e-17,-0.275257457386364,-0.219290068655303,-0.382013494318182,0.0730249196182743,0.0797233944387407,0.144292095802661
"Passive",0.00139594994081282,0.0176048061026633,0.0217926559251018,4.49356372117144,0.378740058073476,0.105476528256976,0.84545,0.12121,0.03334,0.217467252873192,0.115405515206862,-0.0665468158143939,-0.245509292140152,-1.05092921401515,0.0569639807434985,0.0748800074336532,0.13009408086735,0.534516549220662,-0.078381094234268,0.244090175656302,4.95585955011827,2.37997599556699,2.15758264230569,0.1953125,-0.03515625,-0.75,-0.25390625,-0.46484375,-1.3046875,0.139040483669601,0.200413784721266,0.894622342422624,-3.06702366724496e-05,0.000177431347584279,0.000385050793555035,0.261859315814394,0.210353042140152,0.300929214015152,14,0,0,-0.0626518861619885,-0.224104113254008,0.0619763768846549,0.462338698834406,0.510080005549124,0.226574649962638,0.204633687525164,0.238138248787022,-3.26292491881397e-18,4.20718698134704e-18,8.74583592232024e-17,-0.187359434185606,-0.219334457859848,-0.253758285984848,0.0569639807434985,0.0748800074336532,0.13009408086735
"Passive",0.00207413222624333,0.0248921768883035,0.0311145735670334,6.48395244206276,0.378740058073476,0.12856984606914,0.83042,0.13689,0.0327,0.247166825391701,0.15402868515111,-0.14041045217803,-0.284505208333333,-1.01944247159091,0.0801486272973921,0.082832971256579,0.155510511649604,0.359239422159534,-0.716786475226028,-0.459611839186772,4.22340441442936,4.20032337250226,2.52983768402733,0.130859375,-0.072265625,-0.73046875,-0.369140625,-0.591796875,-1.3828125,0.355851104134664,0.413773069413216,0.882373371185249,-0.000169503134395646,-0.00031492610456926,-0.000437822325685291,0.27126982717803,0.212239583333333,0.288973721590909,22,0,0,-0.134531519889394,-0.264596879184464,0.133538572660004,0.372571469642754,0.489138747945663,0.206114147595779,0.258569899482435,0.28039153615635,5.4191820412914e-19,-1.84836706306676e-17,8.0773780544792e-17,-0.22873017282197,-0.307291666666667,-0.363370028409091,0.0801486272973921,0.082832971256579,0.155510511649604
"Passive",0.002492871,0.06412159,0.0716002,12.69828,0.3787401,0.1409519,0.77628,0.12421,0.09951,0.2951958,0.2993503,0.03147195,-0.09790039,-1.081639,0.09582608,0.1072206,0.2674994,-0.2514223,-0.6339562,1.450707,4.542485,12.14259,9.250627,0.3925781,0.453125,0.1445312,-0.3554688,-0.5976562,-1.916016,0.01016812,-0.00489797,-0.05668998,-6.889419e-05,-0.0001998301,0.0003107117,0.3611062,0.5510254,1.22617,41,2,6,0.02343613,-0.1097298,0.09870766,0.1152922,0.1467585,0.2066652,0.2305407,0.3780229,3.187231e-18,0,-8.743967e-17,-0.3869407,-0.4997559,-0.8343765,0.09582608,0.1072206,0.2674994
"Passive",0.000835131015931883,0.0154578141066584,0.0179632071544541,3.25797823880997,0.504986744097967,0.0815827256652552,0.64636,0.30407,0.04957,0.227718244680469,0.119805108704547,-0.0853752367424242,-0.238680752840909,-1.07838393702652,0.0944984734245262,0.068837439498995,0.118838645599751,0.243074013402556,-0.285417785489677,-0.127999059640723,3.8380370168838,2.65627902612937,2.25392947716813,0.216796875,-0.0625,-0.787109375,-0.421875,-0.4765625,-1.36328125,0.234298161874179,0.148922037397212,0.792670041659488,-9.79014590357988e-05,-7.11845015456959e-05,-0.000351413846002713,0.302172111742424,0.176180752840909,0.291274562026515,26,0,0,-0.0778885146594765,-0.213162812657464,0.0591741165995118,0.166697960779813,0.230325282603951,0.232450958337807,0.3120374460633,0.378728405694927,2.66866713715241e-19,-2.53006495424166e-18,-1.34682874835437e-17,-0.336499763257576,-0.237881747159091,-0.284897312973485,0.0944984734245262,0.068837439498995,0.118838645599751
"Passive",0.00105284422970119,0.00691093433495811,0.0100694670240617,2.04872628252544,0.252493372048984,0.0916015800464847,0.63412,0.32191,0.04396,0.158045464858098,0.109521392562324,-0.0990767045454545,-0.241558652935606,-1.04833984375,0.0728337504318976,0.0506281557162979,0.0895063079867592,0.939498660686761,0.118059613082165,0.268717646620081,7.22341831107145,3.02350266689641,3.86119718468514,0.251953125,-0.091796875,-0.748046875,-0.3203125,-0.380859375,-1.26171875,0.159868670424358,0.121770884492713,0.813264941354067,0.000194408092647183,0.000321427010097568,0.000339160400185222,0.351029829545455,0.149761777935606,0.30029296875,14,0,0,-0.0936090140012534,-0.223025385305704,0.0670660257452912,0.485596460774643,0.577201682672941,0.212288387870242,0.17802191984876,0.203365172321926,-2.24789710368757e-18,-1.09650981788576e-17,0,-0.221235795454545,-0.139300722064394,-0.21337890625,0.0728337504318976,0.0506281557162979,0.0895063079867592
"Passive",0.0008112387,0.01185764,0.01429136,2.918714,0.5049867,0.08040726,0.64149,0.30538,0.05313,0.1964857,0.0920007,0.09613962,-0.03993549,-1.002797,0.08388837,0.04439184,0.1151975,0.3383609,-0.4488389,0.09902596,2.86457,3.414924,2.205962,0.3398438,0.07617188,-0.7597656,-0.07421875,-0.1894531,-1.244141,-0.0432712,-0.136279,0.601097,0.0001376247,-0.0001424251,-0.0007996515,0.2437041,0.1161074,0.2430309,24,0,0,0.09474089,-0.03689708,0.1866615,0.2456083,0.4354587,0.1884525,0.271728,0.2910229,-3.320164e-18,-3.090656e-18,-1.009093e-16,-0.1703584,-0.1495176,-0.2413441,0.08388837,0.04439184,0.1151975
"Passive",0.00126422545291468,0.00517704661896381,0.00896972297770785,1.90106752315866,0.504986744097967,0.100376759068561,0.78027,0.16317,0.05655,0.139547440850264,0.0791085719892788,-0.0547244910037879,-0.258752071496212,-0.945741595643939,0.0432894015243825,0.0445986199120401,0.0873647742132856,-0.188973487015961,-0.0847453826889506,0.121523970497295,4.60085400806352,2.84118357938668,3.19804417456841,0.095703125,-0.1484375,-0.697265625,-0.228515625,-0.40625,-1.24609375,0.0309421426477018,0.003597026409356,0.784043531915214,4.90449916927e-05,-8.33105660458881e-05,-6.66382623313268e-05,0.150427616003788,0.110314571496212,0.248475970643939,0,0,0,-0.058115468088243,-0.265134222508551,0.0390571157924884,0.291984731235914,0.430083398572933,0.234048404439697,0.305274141795537,0.341740270703434,2.39633321077762e-19,-2.1866485202443e-17,5.38478865348312e-17,-0.173791133996212,-0.147497928503788,-0.300352154356061,0.0432894015243825,0.0445986199120401,0.0873647742132856
"Passive",0.001566165,0.01076862,0.01546711,3.333907,0.3787401,0.1117222,0.70622,0.20642,0.08736,0.1892141,0.09491333,0.0995206,-0.05846058,-1.070349,0.06721877,0.04682961,0.1232472,-0.1710036,0.2021988,0.3543305,3.885383,4.618784,3.01806,0.2949219,0.1542969,-0.6835938,-0.1894531,-0.2050781,-1.322266,-0.0256294,0.01549243,0.3316297,-4.545984e-05,0.0001341669,-0.000668829,0.1954013,0.2127575,0.3867557,6,0,0,0.09372355,-0.05299298,0.08166639,0.2098475,0.5747328,0.2248534,0.2521068,0.2246713,2.638841e-18,4.226181e-18,-3.360652e-17,-0.2889737,-0.1466175,-0.2519161,0.06721877,0.04682961,0.1232472
"Passive",0.000149628249087908,0.0069262954721254,0.00737518021938912,1.1542832965897,0.252493372048984,0.0345324746193632,0.50068,0.40344,0.09588,0.151625732197687,0.0900851198210151,-0.0850719105113636,-0.293087121212121,-1.13362630208333,0.0816854751562014,0.046836774441711,0.0765778291654827,-1.44676931572179,-0.0799280749851913,0.167461698682503,9.88423619260035,2.92267357209433,3.83558385247766,0.130859375,-0.18359375,-0.90625,-0.603515625,-0.421875,-1.3515625,0.0352354179799324,-0.132740510027203,0.50521789243117,-0.000106788216637101,-0.000185199697219704,-0.000123524211010311,0.215931285511364,0.109493371212121,0.227376302083333,12,0,0,-0.075330056180009,-0.251131536492748,0.0461424277564697,0.124012985384066,0.282607654664111,0.218469234484221,0.280883929003579,0.331470193046277,-2.55957956061209e-18,3.36225878262834e-18,-7.40309619343416e-17,-0.518443714488636,-0.128787878787879,-0.217936197916667,0.0816854751562014,0.046836774441711,0.0765778291654827
"Passive",0.00411308277179162,0.0346844171958184,0.0470236655111933,10.0246654355877,0.252493372048984,0.181052542932875,0.8097,0.1543,0.03601,0.310027039302829,0.17476354141629,-0.089111328125,-0.266786517518939,-1.14390240293561,0.0948853777291049,0.0921545879726646,0.201444900565594,-0.421203822992869,-0.939674400134964,-0.691296961688333,3.81856850847754,3.48637254740999,2.93930024839825,0.22265625,-0.0859375,-0.73046875,-0.390625,-0.564453125,-1.75,0.0552934743463585,0.0612845668273816,0.845535052208694,-1.53590023332181e-05,0.000262097887752806,0.000557009839748188,0.311767578125,0.180849017518939,0.413433652935606,28,0,0,-0.0784799046827709,-0.223177658303651,0.0207009786853649,0.431532384334501,0.668154875824839,0.219954989407367,0.216293114926956,0.167010589688822,0,-1.65361365436094e-18,-9.41463517010669e-17,-0.301513671875,-0.297666607481061,-0.606097597064394,0.0948853777291049,0.0921545879726646,0.201444900565594
"Passive",0.000818758604155221,0.0089136568346178,0.0113699326470835,2.3024108553774,0.504986744097967,0.0807790688634697,0.79817,0.16698,0.03485,0.160385706317436,0.0841614851189934,-0.0600290009469697,-0.280510179924242,-0.977583451704545,0.0492632170814553,0.0552634715693594,0.0936165299179103,-0.342020669153989,0.171885604727453,0.175281071203326,3.78416895355794,2.51281595975014,2.46703845925358,0.068359375,-0.150390625,-0.7421875,-0.25390625,-0.42578125,-1.16796875,0.143643905062692,0.120457680231479,0.888195912306314,-7.03221300275876e-05,0.000355838436059062,0.000568870951108402,0.12838837594697,0.130119554924242,0.235395951704545,0,0,0,-0.0611383408582712,-0.27622211693068,0.0692166938150697,0.411210908989382,0.466396935264892,0.217390984371074,0.204772965556398,0.254764320729984,-8.29168252366755e-19,6.73429694564771e-18,-4.04027528894082e-17,-0.19387724905303,-0.145271070075758,-0.190385298295455,0.0492632170814553,0.0552634715693594,0.0936165299179103
"Passive",0.000897524246302462,0.0137710671625175,0.0164636399014249,3.08444419985434,0.504986744097967,0.0845753880628773,0.73669,0.21986,0.04345,0.202101301993658,0.0999586680212896,-0.0933800899621212,-0.227220939867424,-1.06681315104167,0.0701301668943133,0.0575740289119484,0.11880722402581,-0.212506120975578,0.275998213667109,0.072471809533357,3.31842097941486,3.05495808422919,2.28509097736207,0.103515625,-0.05078125,-0.80078125,-0.310546875,-0.40625,-1.388671875,-0.0170208437733494,-0.0272502429244006,0.811414514581133,3.75825838556308e-05,-7.43123497919507e-05,-4.96755292133245e-05,0.196895714962121,0.176439689867424,0.266031901041667,20,0,0,-0.0882260637358659,-0.20609402322126,0.0839647204378683,0.230519986322933,0.349637662093833,0.214397563395824,0.289445445219081,0.331258174059394,3.36717414048892e-18,1.17694714667684e-17,7.40290881947916e-17,-0.217166785037879,-0.179029060132576,-0.321858723958333,0.0701301668943133,0.0575740289119484,0.11880722402581
"Passive",0.002308236,0.009012948,0.01593766,3.337787,0.3787401,0.1356316,0.69211,0.25327,0.05462,0.1991896,0.09393717,0.05781694,-0.07942708,-1.057632,0.07744843,0.04524067,0.1224036,0.1861477,0.3360095,-0.2192361,3.326597,2.77477,2.327889,0.2753906,0.05664062,-0.7519531,-0.2011719,-0.1835938,-1.34375,-0.04552363,-0.1372158,0.592403,-0.0001512099,-5.173083e-05,3.180839e-05,0.2175737,0.1360677,0.3056789,25,0,0,0.05396057,-0.07259549,0.1378026,0.1709859,0.5046823,0.2090719,0.3129623,0.2458726,2.644694e-18,-4.733369e-18,-1.346685e-17,-0.2589888,-0.1041667,-0.286118,0.07744843,0.04524067,0.1224036
